subjnum,TaskOrder,trial_num,trial_id,condition,block_Norm,p_efficient,p_engaged,n_fix
1,VST_first,2,1_2_34,VD,1,0.4701213553536622,0.5298786446463378,5
1,VST_first,3,1_2_35,CD,1,0.11907180793883893,0.880928192061161,3
1,VST_first,4,1_2_36,VD,1,0.11781883978768927,0.8821811602123107,4
1,VST_first,5,1_2_37,VD,1,0.5180700328528033,0.4819299671471967,2
1,VST_first,6,1_2_38,CD,1,0.1495135840484447,0.8504864159515553,4
1,VST_first,7,1_2_39,VD,1,0.31899864956265006,0.68100135043735,4
1,VST_first,8,1_2_40,CD,1,0.5880473398609489,0.411952660139051,4
1,VST_first,9,1_2_41,VD,1,0.3379577242659846,0.6620422757340154,4
1,VST_first,10,1_2_42,CD,1,0.23064278010628567,0.7693572198937143,3
1,VST_first,11,1_2_43,CD,1,0.3856611297973248,0.6143388702026752,5
1,VST_first,12,1_2_45,VD,1,0.12968548080746622,0.8703145191925338,3
1,VST_first,13,1_2_46,CD,1,0.12468326953498576,0.8753167304650142,4
1,VST_first,14,1_2_47,VD,1,0.39374095677121546,0.6062590432287844,3
1,VST_first,15,1_2_48,VD,1,0.3811294607240622,0.6188705392759378,4
1,VST_first,16,1_2_49,CD,1,0.5905747882911225,0.40942521170887747,4
1,VST_first,17,1_2_50,CD,1,0.5481572903308894,0.45184270966911055,3
1,VST_first,18,1_2_51,VD,1,0.5262503545619117,0.4737496454380883,3
1,VST_first,19,1_2_52,CD,1,0.12058629263151713,0.8794137073684829,3
1,VST_first,22,1_2_55,CD,1,0.40323764654832395,0.596762353451676,4
1,VST_first,23,1_2_56,CD,1,0.4718103836245429,0.5281896163754571,4
1,VST_first,24,1_2_57,VD,1,0.13456097788444354,0.8654390221155565,4
1,VST_first,25,1_2_58,VD,1,0.34903158216234353,0.6509684178376565,5
1,VST_first,26,1_2_59,CD,1,0.3085188218774175,0.6914811781225825,4
1,VST_first,27,1_2_60,VD,1,0.16083995354558064,0.8391600464544193,4
1,VST_first,28,1_2_61,VD,1,0.3360217273287949,0.6639782726712051,4
1,VST_first,29,1_2_62,CD,1,0.11259101412410967,0.8874089858758903,4
1,VST_first,30,1_2_63,CD,1,0.5145284173108647,0.48547158268913526,2
1,VST_first,31,1_2_64,VD,1,0.14869624153235464,0.8513037584676454,4
1,VST_first,32,1_3_65,VD,2,0.7239318718427294,0.27606812815727055,4
1,VST_first,33,1_3_66,CD,2,0.16979530096893877,0.8302046990310612,4
1,VST_first,34,1_3_67,CD,2,0.3745416524481036,0.6254583475518964,4
1,VST_first,35,1_3_68,VD,2,0.1907388381158957,0.8092611618841044,4
1,VST_first,36,1_3_69,VD,2,0.12783263677898515,0.8721673632210148,4
1,VST_first,37,1_3_70,CD,2,0.3831737221888506,0.6168262778111494,4
1,VST_first,38,1_3_71,VD,2,0.07715934756628158,0.9228406524337184,2
1,VST_first,39,1_3_72,VD,2,0.19886770565241887,0.8011322943475812,3
1,VST_first,40,1_3_74,VD,2,0.15320251060996384,0.8467974893900362,4
1,VST_first,41,1_3_75,VD,2,0.11487610305775497,0.885123896942245,4
1,VST_first,42,1_3_76,CD,2,0.23034106475833988,0.7696589352416601,4
1,VST_first,43,1_3_77,VD,2,0.3198595828076001,0.6801404171923999,4
1,VST_first,44,1_3_78,VD,2,0.39669204297637856,0.6033079570236214,4
1,VST_first,45,1_3_79,VD,2,0.1549754852216224,0.8450245147783776,4
1,VST_first,46,1_3_80,CD,2,0.5880802955038702,0.4119197044961298,5
1,VST_first,47,1_3_81,VD,2,0.18237418022530266,0.8176258197746973,5
1,VST_first,48,1_3_82,VD,2,0.5139792976138002,0.4860207023861998,2
1,VST_first,50,1_3_84,CD,2,0.2565807080978876,0.7434192919021124,5
1,VST_first,51,1_3_85,CD,2,0.12012483745047402,0.879875162549526,4
1,VST_first,52,1_3_86,CD,2,0.39663807559782216,0.603361924402178,4
1,VST_first,54,1_3_88,VD,2,0.5145053708702474,0.48549462912975266,2
1,VST_first,55,1_3_89,CD,2,0.6800775311014678,0.3199224688985321,3
1,VST_first,56,1_3_90,CD,2,0.1200725611063833,0.8799274388936167,3
1,VST_first,57,1_3_91,CD,2,0.6214611426428798,0.37853885735712023,3
1,VST_first,58,1_3_92,CD,2,0.2104289270212404,0.7895710729787596,4
1,VST_first,59,1_3_93,CD,2,0.3875270296322959,0.6124729703677041,3
1,VST_first,60,1_3_94,CD,2,0.3862156918192243,0.6137843081807757,3
1,VST_first,61,1_3_95,CD,2,0.2204985273263364,0.7795014726736635,4
1,VST_first,62,1_3_96,VD,2,0.11415619857809065,0.8858438014219094,3
1,VST_first,63,1_4_97,CD,3,0.41017224796449886,0.5898277520355012,5
1,VST_first,64,1_4_98,CD,3,0.4316947339666518,0.5683052660333482,5
1,VST_first,65,1_4_99,VD,3,0.2091161882128879,0.7908838117871121,4
1,VST_first,66,1_4_100,VD,3,0.22688406557443128,0.7731159344255687,4
1,VST_first,67,1_4_101,VD,3,0.32835344417055146,0.6716465558294485,4
1,VST_first,68,1_4_102,CD,3,0.3481009712509805,0.6518990287490194,4
1,VST_first,69,1_4_103,VD,3,0.40376626965122403,0.596233730348776,3
1,VST_first,70,1_4_104,CD,3,0.10269146734185994,0.89730853265814,3
1,VST_first,71,1_4_105,CD,3,0.33064175647113403,0.669358243528866,4
1,VST_first,72,1_4_106,VD,3,0.13258998731022276,0.8674100126897772,3
1,VST_first,73,1_4_107,CD,3,0.3843020720529914,0.6156979279470086,3
1,VST_first,74,1_4_108,CD,3,0.33113427366309856,0.6688657263369014,4
1,VST_first,75,1_4_109,VD,3,0.3502241694154021,0.649775830584598,4
1,VST_first,76,1_4_111,CD,3,0.22162147463520984,0.7783785253647901,3
1,VST_first,77,1_4_112,VD,3,0.3417569563222384,0.6582430436777615,4
1,VST_first,78,1_4_113,VD,3,0.5333939141720689,0.466606085827931,2
1,VST_first,79,1_4_114,VD,3,0.3748803242414696,0.6251196757585304,5
1,VST_first,80,1_4_115,CD,3,0.3851276130045552,0.6148723869954448,3
1,VST_first,81,1_4_116,CD,3,0.1122538744344121,0.887746125565588,4
1,VST_first,82,1_4_117,VD,3,0.16744728620924781,0.8325527137907521,4
1,VST_first,83,1_4_118,CD,3,0.5151047945627555,0.4848952054372445,2
1,VST_first,84,1_4_119,CD,3,0.24573417976803416,0.7542658202319659,4
1,VST_first,85,1_4_120,CD,3,0.6046594665606349,0.3953405334393651,3
1,VST_first,86,1_4_121,CD,3,0.5179855380203087,0.4820144619796914,2
1,VST_first,87,1_4_123,VD,3,0.3030726494784835,0.6969273505215164,5
1,VST_first,88,1_4_124,CD,3,0.14342084495336832,0.8565791550466317,4
1,VST_first,89,1_4_125,VD,3,0.11464594573609461,0.8853540542639053,3
1,VST_first,90,1_4_126,VD,3,0.7466176679277399,0.25338233207226013,4
1,VST_first,91,1_4_127,VD,3,0.12635466364725445,0.8736453363527455,4
1,VST_first,92,1_4_128,VD,3,0.09982344535655248,0.9001765546434475,3
1,VST_first,93,1_5_129,VD,4,0.5622599630839216,0.43774003691607843,4
1,VST_first,94,1_5_130,CD,4,0.3078675721638127,0.6921324278361872,4
1,VST_first,95,1_5_131,CD,4,0.3115719155177093,0.6884280844822906,4
1,VST_first,96,1_5_132,VD,4,0.3367359648182756,0.6632640351817244,5
1,VST_first,97,1_5_133,CD,4,0.20972543087889897,0.7902745691211011,5
1,VST_first,98,1_5_134,VD,4,0.3054005842714872,0.6945994157285128,4
1,VST_first,99,1_5_135,CD,4,0.1643678486218932,0.8356321513781069,4
1,VST_first,100,1_5_136,CD,4,0.28354777868389347,0.7164522213161065,5
1,VST_first,101,1_5_137,VD,4,0.25601767408124826,0.7439823259187518,4
1,VST_first,102,1_5_138,CD,4,0.5931670240519136,0.4068329759480864,5
1,VST_first,103,1_5_139,VD,4,0.6703735255001654,0.3296264744998346,3
1,VST_first,104,1_5_140,CD,4,0.3626401175557787,0.6373598824442214,4
1,VST_first,107,1_5_143,VD,4,0.2831179683172924,0.7168820316827076,4
1,VST_first,108,1_5_144,VD,4,0.22768054642344032,0.7723194535765597,4
1,VST_first,109,1_5_145,CD,4,0.3587024743374947,0.6412975256625054,4
1,VST_first,110,1_5_146,CD,4,0.2219724494059356,0.7780275505940644,4
1,VST_first,111,1_5_147,CD,4,0.19382255209456567,0.8061774479054343,5
1,VST_first,112,1_5_148,VD,4,0.12697092706071283,0.8730290729392872,3
1,VST_first,113,1_5_149,VD,4,0.3283448164377928,0.6716551835622071,4
1,VST_first,114,1_5_150,CD,4,0.09987997796643218,0.9001200220335678,3
1,VST_first,115,1_5_151,CD,4,0.35842185582673036,0.6415781441732696,4
1,VST_first,116,1_5_152,VD,4,0.42706236064985903,0.572937639350141,5
1,VST_first,117,1_5_153,VD,4,0.15274349022610317,0.8472565097738969,4
1,VST_first,118,1_5_154,VD,4,0.3177094052743108,0.6822905947256892,4
1,VST_first,119,1_5_155,CD,4,0.1063828461485051,0.8936171538514949,4
1,VST_first,120,1_5_156,VD,4,0.4325353235697521,0.5674646764302479,4
1,VST_first,121,1_5_157,CD,4,0.5534075305751907,0.4465924694248093,4
1,VST_first,122,1_5_158,CD,4,0.2431879195261233,0.7568120804738767,4
1,VST_first,123,1_5_159,CD,4,0.5154134429736363,0.4845865570263636,2
1,VST_first,124,1_5_160,VD,4,0.18825859087282348,0.8117414091271765,4
1,VST_first,125,1_6_161,CD,5,0.12284284217091389,0.8771571578290861,4
1,VST_first,126,1_6_162,VD,5,0.5224134228038309,0.47758657719616915,2
1,VST_first,127,1_6_163,CD,5,0.31753221879449434,0.6824677812055058,4
1,VST_first,128,1_6_164,VD,5,0.5292214951431597,0.4707785048568403,2
1,VST_first,129,1_6_165,CD,5,0.1285788086939563,0.8714211913060437,4
1,VST_first,130,1_6_166,VD,5,0.13290678893513114,0.8670932110648688,4
1,VST_first,131,1_6_167,VD,5,0.2698906094533688,0.7301093905466312,4
1,VST_first,132,1_6_168,CD,5,0.5647786789788207,0.4352213210211793,4
1,VST_first,133,1_6_169,VD,5,0.5330392367758294,0.4669607632241706,5
1,VST_first,134,1_6_170,VD,5,0.9999999955470631,4.452936895710376e-9,2
1,VST_first,135,1_6_171,CD,5,0.3700194755222106,0.6299805244777894,4
1,VST_first,136,1_6_172,VD,5,0.32637499118126595,0.673625008818734,4
1,VST_first,137,1_6_173,CD,5,0.10028216900506812,0.8997178309949319,3
1,VST_first,138,1_6_174,VD,5,0.2977720233400151,0.7022279766599848,4
1,VST_first,139,1_6_175,CD,5,0.5260375154632018,0.47396248453679823,2
1,VST_first,140,1_6_176,VD,5,0.4032449905796161,0.5967550094203838,3
1,VST_first,141,1_6_177,VD,5,0.20234488606191295,0.7976551139380871,4
1,VST_first,142,1_6_178,CD,5,0.5155905458570302,0.48440945414296976,2
1,VST_first,143,1_6_179,VD,5,0.11016626727720903,0.889833732722791,3
1,VST_first,144,1_6_180,VD,5,0.31518308617599905,0.684816913824001,5
1,VST_first,146,1_6_182,CD,5,0.35582031877516324,0.6441796812248368,3
1,VST_first,147,1_6_183,CD,5,0.22647699132580412,0.7735230086741959,3
1,VST_first,148,1_6_184,CD,5,0.12222407055874615,0.8777759294412538,4
1,VST_first,149,1_6_185,CD,5,0.3715147313477045,0.6284852686522955,4
1,VST_first,150,1_6_186,VD,5,0.5154134429736363,0.4845865570263636,2
1,VST_first,151,1_6_187,VD,5,0.31667532977646246,0.6833246702235376,4
1,VST_first,152,1_6_188,CD,5,0.3331178114203555,0.6668821885796445,4
1,VST_first,153,1_6_189,CD,5,0.3220749108945792,0.6779250891054208,4
1,VST_first,154,1_6_190,VD,5,0.5169648619378224,0.4830351380621775,2
1,VST_first,155,1_6_191,CD,5,0.4295460456542589,0.5704539543457411,4
1,VST_first,157,1_7_193,VD,6,0.295271699136379,0.7047283008636209,4
1,VST_first,158,1_7_194,VD,6,0.5695375131662255,0.4304624868337745,4
1,VST_first,159,1_7_195,VD,6,0.5285033425235097,0.4714966574764904,4
1,VST_first,160,1_7_196,CD,6,0.3219659706624475,0.6780340293375525,4
1,VST_first,162,1_7_198,VD,6,0.1239446672100378,0.8760553327899623,4
1,VST_first,163,1_7_199,CD,6,0.5139100472513202,0.48608995274867983,2
1,VST_first,165,1_7_202,VD,6,0.2306007461395669,0.7693992538604331,4
1,VST_first,166,1_7_203,CD,6,0.3274184692005168,0.6725815307994831,4
1,VST_first,167,1_7_204,VD,6,0.3092720784592366,0.6907279215407633,4
1,VST_first,168,1_7_205,VD,6,0.10139700229153262,0.8986029977084674,3
1,VST_first,169,1_7_206,VD,6,0.335501640407152,0.664498359592848,5
1,VST_first,170,1_7_207,CD,6,0.21188873018141866,0.7881112698185814,4
1,VST_first,172,1_7_209,CD,6,0.33848568018643954,0.6615143198135605,4
1,VST_first,173,1_7_210,CD,6,0.49376599132961074,0.5062340086703893,5
1,VST_first,174,1_7_212,VD,6,0.11495639197434653,0.8850436080256534,3
1,VST_first,175,1_7_213,CD,6,0.10112289274832047,0.8988771072516796,4
1,VST_first,176,1_7_214,VD,6,0.1561259050675463,0.8438740949324537,4
1,VST_first,177,1_7_215,CD,6,0.6814560535503188,0.3185439464496812,3
1,VST_first,178,1_7_216,CD,6,0.49327871581489635,0.5067212841851036,4
1,VST_first,179,1_7_218,VD,6,0.1616166788296131,0.8383833211703868,4
1,VST_first,181,1_7_220,CD,6,0.4282049921170229,0.5717950078829771,3
1,VST_first,182,1_7_221,VD,6,0.6905479951912763,0.3094520048087237,3
1,VST_first,183,1_7_222,VD,6,0.14079576496299354,0.8592042350370065,3
1,VST_first,184,1_7_223,VD,6,0.29661394483589487,0.7033860551641051,5
1,VST_first,185,1_7_224,VD,6,0.15502963216485383,0.8449703678351461,4
1,VST_first,186,1_8_225,CD,7,0.4967023190788632,0.5032976809211368,5
1,VST_first,187,1_8_226,VD,7,0.18947986885703147,0.8105201311429685,4
1,VST_first,188,1_8_227,VD,7,0.11826137633651931,0.8817386236634808,4
1,VST_first,189,1_8_228,CD,7,0.24118900253248868,0.75881099746751135,5
1,VST_first,190,1_8_229,CD,7,0.5374988279299358,0.46250117207006425,5
1,VST_first,191,1_8_230,VD,7,0.3274380111334001,0.6725619888665999,4
1,VST_first,192,1_8_231,VD,7,0.10002262714575101,0.8999773728542491,3
1,VST_first,193,1_8_232,CD,7,0.3341304141096375,0.6658695858903625,4
1,VST_first,194,1_8_233,CD,7,0.4172236010092357,0.5827763989907644,4
1,VST_first,195,1_8_234,VD,7,0.27977568399894404,0.720224316001056,5
1,VST_first,196,1_8_235,CD,7,0.14393378437293358,0.8560662156270664,5
1,VST_first,197,1_8_236,CD,7,0.3287490371347158,0.6712509628652842,4
1,VST_first,198,1_8_237,VD,7,0.3027602079830472,0.6972397920169529,4
1,VST_first,199,1_8_238,VD,7,0.30197479205408284,0.6980252079459172,5
1,VST_first,200,1_8_239,CD,7,0.14187397861988732,0.8581260213801127,4
1,VST_first,201,1_8_240,VD,7,0.35920680367107816,0.6407931963289218,4
1,VST_first,202,1_8_241,CD,7,0.11812137712994095,0.881878622870059,4
1,VST_first,203,1_8_242,VD,7,0.11273164138392539,0.8872683586160746,4
1,VST_first,204,1_8_243,CD,7,0.4456232615235903,0.5543767384764098,3
1,VST_first,205,1_8_244,VD,7,0.39931122034799615,0.6006887796520038,3
1,VST_first,206,1_8_245,CD,7,0.11292210366838731,0.8870778963316127,3
1,VST_first,207,1_8_246,VD,7,0.5139463903499893,0.4860536096500106,2
1,VST_first,208,1_8_247,CD,7,0.48628835879031507,0.5137116412096849,5
1,VST_first,209,1_8_248,VD,7,0.33631511351670096,0.663684886483299,4
1,VST_first,210,1_8_249,VD,7,0.44150385739781217,0.5584961426021877,4
1,VST_first,211,1_8_250,CD,7,0.4156146800011312,0.5843853199988688,4
1,VST_first,212,1_8_251,VD,7,0.341170456587319,0.658829543412681,4
1,VST_first,213,1_8_252,CD,7,0.26829415959708425,0.7317058404029159,4
1,VST_first,214,1_8_253,CD,7,0.28903951863010235,0.7109604813698976,5
1,VST_first,215,1_8_254,CD,7,0.4017059188332371,0.598294081166763,5
1,VST_first,216,1_8_255,VD,7,0.15927627840648056,0.8407237215935194,4
1,VST_first,217,1_8_256,VD,7,0.10553144404634594,0.894468555953654,3
1,VST_first,218,1_9_257,VD,8,0.3984657723219084,0.6015342276780916,5
1,VST_first,219,1_9_258,VD,8,0.18743752783139855,0.8125624721686014,4
1,VST_first,220,1_9_259,VD,8,0.22967182245088574,0.7703281775491143,5
1,VST_first,221,1_9_260,CD,8,0.10138515932242549,0.8986148406775746,3
1,VST_first,222,1_9_261,CD,8,0.133554643310429,0.866445356689571,3
1,VST_first,223,1_9_262,VD,8,0.11059392386887883,0.8894060761311211,3
1,VST_first,224,1_9_263,VD,8,0.3832636035556519,0.6167363964443482,4
1,VST_first,225,1_9_264,VD,8,0.3320750534984666,0.6679249465015334,5
1,VST_first,226,1_9_265,VD,8,0.19134624766733643,0.8086537523326636,5
1,VST_first,227,1_9_266,CD,8,0.38454411598557553,0.6154558840144245,3
1,VST_first,228,1_9_267,CD,8,0.3858995266184415,0.6141004733815585,3
1,VST_first,229,1_9_268,CD,8,0.13855266538319047,0.8614473346168096,4
1,VST_first,231,1_9_270,CD,8,0.9342866683049507,0.0657133316950494,2
1,VST_first,232,1_9_271,VD,8,0.16737285768986365,0.8326271423101363,3
1,VST_first,234,1_9_273,CD,8,0.5111818549521919,0.4888181450478081,4
1,VST_first,236,1_9_275,VD,8,0.5188123160338092,0.4811876839661909,2
1,VST_first,237,1_9_276,CD,8,0.2763949924465477,0.7236050075534523,4
1,VST_first,238,1_9_277,VD,8,0.31979892767700363,0.6802010723229964,4
1,VST_first,239,1_9_278,CD,8,0.4464151285792315,0.5535848714207685,3
1,VST_first,240,1_9_279,CD,8,0.21987417726166697,0.780125822738333,5
1,VST_first,241,1_9_280,VD,8,0.12956357753126443,0.8704364224687355,4
1,VST_first,242,1_9_281,VD,8,0.39719833068897636,0.6028016693110236,3
1,VST_first,244,1_9_283,VD,8,0.13119059658014295,0.868809403419857,4
1,VST_first,245,1_9_284,CD,8,0.31860640596722883,0.6813935940327711,4
1,VST_first,247,1_9_286,VD,8,0.40807292325166117,0.5919270767483389,3
1,VST_first,248,1_9_287,CD,8,0.4059047377743785,0.5940952622256215,4
1,VST_first,249,1_9_288,CD,8,0.18241431726601107,0.8175856827339889,4
2,RSVP_first,1,2_2_34,VD,1,0.2265231282943887,0.7734768717056113,4
2,RSVP_first,2,2_2_35,CD,1,0.3119265664586234,0.6880734335413766,3
2,RSVP_first,4,2_2_37,VD,1,0.5864078813730195,0.41359211862698053,4
2,RSVP_first,5,2_2_38,CD,1,0.18017240140189064,0.8198275985981094,3
2,RSVP_first,6,2_2_40,VD,1,0.400537144834119,0.5994628551658809,3
2,RSVP_first,7,2_2_41,CD,1,0.1568517469865114,0.8431482530134886,3
2,RSVP_first,8,2_2_42,VD,1,0.17118687521426879,0.8288131247857312,4
2,RSVP_first,9,2_2_43,CD,1,0.29108407166196004,0.70891592833804,4
2,RSVP_first,10,2_2_44,CD,1,0.5863278349396227,0.4136721650603773,2
2,RSVP_first,11,2_2_45,VD,1,0.23398068084585738,0.7660193191541427,3
2,RSVP_first,12,2_2_46,VD,1,0.11981965381833037,0.8801803461816696,3
2,RSVP_first,13,2_2_47,VD,1,0.2745338822314758,0.7254661177685243,3
2,RSVP_first,14,2_2_48,CD,1,0.23514787860310016,0.7648521213968998,4
2,RSVP_first,15,2_2_50,VD,1,0.26234948022209065,0.7376505197779093,3
2,RSVP_first,16,2_2_51,VD,1,0.4564632365480092,0.5435367634519909,3
2,RSVP_first,17,2_2_52,CD,1,0.5051437939070148,0.49485620609298525,3
2,RSVP_first,19,2_2_54,VD,1,0.6002629708127116,0.3997370291872884,4
2,RSVP_first,21,2_2_61,VD,1,0.44892393709718575,0.5510760629028142,3
2,RSVP_first,22,2_2_64,CD,1,0.1644216353618069,0.8355783646381931,4
2,RSVP_first,23,2_3_65,CD,2,0.3504678069977828,0.6495321930022172,3
2,RSVP_first,24,2_3_66,CD,2,0.23821071169000715,0.7617892883099929,3
2,RSVP_first,25,2_3_67,VD,2,0.40702105440199304,0.592978945598007,3
2,RSVP_first,26,2_3_69,VD,2,0.13244969814919952,0.8675503018508004,3
2,RSVP_first,28,2_3_71,VD,2,0.14786295069866176,0.8521370493013383,4
2,RSVP_first,29,2_3_72,VD,2,0.7334546589218864,0.2665453410781137,3
2,RSVP_first,30,2_3_73,VD,2,0.3587432564306064,0.6412567435693936,2
2,RSVP_first,31,2_3_75,VD,2,0.6037447530353032,0.39625524696469683,4
2,RSVP_first,33,2_3_77,CD,2,0.19443728253149162,0.8055627174685083,2
2,RSVP_first,34,2_3_78,CD,2,0.1484793149980338,0.8515206850019662,3
2,RSVP_first,35,2_3_79,VD,2,0.14758555923110267,0.8524144407688973,3
2,RSVP_first,37,2_3_81,CD,2,0.11672388143239808,0.8832761185676019,3
2,RSVP_first,38,2_3_82,CD,2,0.10218935231894657,0.8978106476810535,3
2,RSVP_first,39,2_3_83,CD,2,0.23853774117920165,0.7614622588207983,3
2,RSVP_first,40,2_3_84,CD,2,0.17677283823862228,0.8232271617613778,3
2,RSVP_first,41,2_3_85,CD,2,0.22157198178936036,0.7784280182106396,3
2,RSVP_first,43,2_3_87,CD,2,0.5866933135437044,0.41330668645629565,2
2,RSVP_first,44,2_3_88,VD,2,0.4050355934977916,0.5949644065022084,3
2,RSVP_first,45,2_3_89,VD,2,0.38274468005504086,0.6172553199449591,3
2,RSVP_first,46,2_3_90,VD,2,0.15089896773197903,0.849101032268021,3
2,RSVP_first,47,2_3_91,CD,2,0.3212462975061488,0.6787537024938513,4
2,RSVP_first,48,2_3_92,VD,2,0.16362937788629764,0.8363706221137024,4
2,RSVP_first,49,2_3_93,VD,2,0.2626494279226967,0.7373505720773033,4
2,RSVP_first,50,2_3_94,CD,2,0.13537007329206366,0.8646299267079363,3
2,RSVP_first,51,2_3_95,CD,2,0.26860500857494346,0.7313949914250566,3
2,RSVP_first,52,2_3_96,VD,2,0.46286261579306065,0.53713738420693935,3
2,RSVP_first,53,2_4_97,CD,3,0.4529894957824913,0.5470105042175086,3
2,RSVP_first,54,2_4_98,CD,3,0.1691555131117856,0.8308444868882144,3
2,RSVP_first,55,2_4_99,VD,3,0.4977973476884815,0.5022026523115185,3
2,RSVP_first,56,2_4_100,VD,3,0.49410491874723705,0.505895081252763,4
2,RSVP_first,57,2_4_101,VD,3,0.18386468436629708,0.8161353156337029,3
2,RSVP_first,58,2_4_103,CD,3,0.24236340143188564,0.7576365985681144,3
2,RSVP_first,59,2_4_104,VD,3,0.4463635774848924,0.5536364225151076,3
2,RSVP_first,60,2_4_105,VD,3,0.26311798747725507,0.736882012522745,3
2,RSVP_first,61,2_4_106,CD,3,0.4968887541245831,0.5031112458754168,3
2,RSVP_first,62,2_4_107,CD,3,0.37974433389312623,0.6202556661068739,3
2,RSVP_first,63,2_4_108,CD,3,0.6872138262251183,0.31278617377488166,3
2,RSVP_first,64,2_4_109,VD,3,0.29936705976318595,0.7006329402368141,3
2,RSVP_first,65,2_4_110,CD,3,0.9903809527753573,0.009619047224642692,2
2,RSVP_first,66,2_4_111,VD,3,0.5146006537234802,0.48539934627651976,2
2,RSVP_first,67,2_4_112,VD,3,0.6641442393225088,0.33585576067749123,3
2,RSVP_first,68,2_4_113,CD,3,0.5601963826095857,0.4398036173904142,2
2,RSVP_first,69,2_4_114,CD,3,0.13665879425582297,0.863341205744177,3
2,RSVP_first,70,2_4_115,VD,3,0.4866099369032364,0.5133900630967636,3
2,RSVP_first,71,2_4_116,CD,3,0.1091641932621293,0.8908358067378707,3
2,RSVP_first,72,2_4_117,VD,3,0.3761694850842581,0.6238305149157419,4
2,RSVP_first,74,2_4_119,CD,3,0.10158084426180074,0.8984191557381993,3
2,RSVP_first,75,2_4_120,VD,3,0.17646039977798839,0.8235396002220117,3
2,RSVP_first,76,2_4_122,CD,3,0.5300611359117281,0.46993886408827196,2
2,RSVP_first,78,2_4_124,CD,3,0.5933565397495058,0.4066434602504943,4
2,RSVP_first,80,2_4_126,VD,3,0.46535075087152583,0.5346492491284742,2
2,RSVP_first,81,2_4_127,CD,3,0.21320475313083886,0.7867952468691611,3
2,RSVP_first,82,2_4_128,CD,3,0.5238242070352374,0.47617579296476265,2
2,RSVP_first,84,2_5_130,CD,4,0.5025533132051578,0.49744668679484216,2
2,RSVP_first,85,2_5_131,CD,4,0.457069845075428,0.5429301549245721,3
2,RSVP_first,86,2_5_132,CD,4,0.19055743332567135,0.8094425666743287,3
2,RSVP_first,87,2_5_133,VD,4,0.4800267366981069,0.5199732633018931,3
2,RSVP_first,89,2_5_135,CD,4,0.39086835836434786,0.6091316416356521,3
2,RSVP_first,90,2_5_136,CD,4,0.2364226872700045,0.7635773127299955,3
2,RSVP_first,91,2_5_137,VD,4,0.42382143384586457,0.5761785661541354,3
2,RSVP_first,92,2_5_139,VD,4,0.3665869134143969,0.633413086585603,3
2,RSVP_first,93,2_5_140,CD,4,0.16626459287821496,0.8337354071217851,3
2,RSVP_first,94,2_5_142,CD,4,0.3907240208639018,0.6092759791360983,3
2,RSVP_first,95,2_5_143,CD,4,0.13473455114234173,0.8652654488576583,3
2,RSVP_first,97,2_5_145,VD,4,0.15376706005432017,0.8462329399456798,3
2,RSVP_first,98,2_5_146,VD,4,0.18322088812100037,0.8167791118789997,3
2,RSVP_first,99,2_5_147,CD,4,0.42108100032738516,0.5789189996726148,3
2,RSVP_first,100,2_5_148,VD,4,0.37825985572213183,0.6217401442778682,3
2,RSVP_first,101,2_5_149,VD,4,0.4612436079754915,0.5387563920245084,3
2,RSVP_first,102,2_5_150,CD,4,0.16218998480175628,0.8378100151982437,3
2,RSVP_first,103,2_5_151,VD,4,0.17403621148903015,0.8259637885109699,2
2,RSVP_first,105,2_5_153,CD,4,0.1911010680109309,0.8088989319890691,3
2,RSVP_first,106,2_5_154,VD,4,0.3061254339542514,0.6938745660457486,3
2,RSVP_first,107,2_5_155,CD,4,0.19656497775805679,0.8034350222419433,3
2,RSVP_first,108,2_5_156,VD,4,0.2053258318208976,0.7946741681791024,3
2,RSVP_first,109,2_5_157,VD,4,0.3369151260076775,0.6630848739923225,3
2,RSVP_first,110,2_5_158,CD,4,0.09417713375089301,0.905822866249107,3
2,RSVP_first,111,2_5_159,CD,4,0.12128739499836229,0.8787126050016377,3
2,RSVP_first,112,2_5_160,VD,4,0.2942095041249777,0.7057904958750223,3
2,RSVP_first,113,2_6_161,VD,5,0.2012158878368035,0.7987841121631966,3
2,RSVP_first,114,2_6_162,CD,5,0.5223043090334281,0.47769569096657194,2
2,RSVP_first,115,2_6_165,CD,5,0.19980745842265402,0.800192541577346,3
2,RSVP_first,116,2_6_166,VD,5,0.4047405757694703,0.5952594242305297,3
2,RSVP_first,117,2_6_167,VD,5,0.19795061046366166,0.8020493895363383,3
2,RSVP_first,118,2_6_168,VD,5,0.23848504413070337,0.7615149558692966,3
2,RSVP_first,120,2_6_170,VD,5,0.19899001039398473,0.8010099896060153,3
2,RSVP_first,122,2_6_172,VD,5,0.27812265674409065,0.7218773432559094,3
2,RSVP_first,123,2_6_173,CD,5,0.1716972725789058,0.8283027274210942,3
2,RSVP_first,125,2_6_175,CD,5,0.1444486755595898,0.8555513244404102,3
2,RSVP_first,126,2_6_176,CD,5,0.1558045213745712,0.8441954786254288,3
2,RSVP_first,128,2_6_178,CD,5,0.4725660038724283,0.5274339961275717,4
2,RSVP_first,129,2_6_179,VD,5,0.16679426398877054,0.8332057360112295,4
2,RSVP_first,131,2_6_181,VD,5,0.28167671411765666,0.7183232858823434,3
2,RSVP_first,132,2_6_182,CD,5,0.14470502107800526,0.8552949789219948,3
2,RSVP_first,133,2_6_183,VD,5,0.13170598557643604,0.8682940144235639,3
2,RSVP_first,134,2_6_184,VD,5,0.3526155099657624,0.6473844900342376,3
2,RSVP_first,135,2_6_186,VD,5,0.245023905917038,0.754976094082962,3
2,RSVP_first,136,2_6_190,CD,5,0.1293923187328199,0.8706076812671801,3
2,RSVP_first,137,2_7_193,VD,6,0.3534800077930024,0.6465199922069976,3
2,RSVP_first,138,2_7_194,VD,6,0.2858633316649865,0.7141366683350134,3
2,RSVP_first,139,2_7_195,VD,6,0.1267466539778164,0.8732533460221836,4
2,RSVP_first,140,2_7_196,VD,6,0.20957648947695867,0.7904235105230414,4
2,RSVP_first,141,2_7_197,CD,6,0.35317989514235343,0.6468201048576465,3
2,RSVP_first,142,2_7_198,VD,6,0.5938195612406915,0.4061804387593085,3
2,RSVP_first,143,2_7_199,VD,6,0.6766783716240767,0.3233216283759232,3
2,RSVP_first,145,2_7_201,CD,6,0.25081867590459944,0.7491813240954006,2
2,RSVP_first,146,2_7_202,VD,6,0.5178409930719506,0.4821590069280494,3
2,RSVP_first,147,2_7_203,VD,6,0.16979413038083127,0.8302058696191688,3
2,RSVP_first,148,2_7_204,CD,6,0.10437314792273801,0.895626852077262,3
2,RSVP_first,149,2_7_207,CD,6,0.6390611262820596,0.3609388737179404,2
2,RSVP_first,151,2_7_209,CD,6,0.10935275751103618,0.8906472424889639,3
2,RSVP_first,152,2_7_210,CD,6,0.08295630965028461,0.9170436903497154,2
2,RSVP_first,154,2_7_212,VD,6,0.7418588455244386,0.2581411544755613,4
2,RSVP_first,155,2_7_213,CD,6,0.4794918920489478,0.5205081079510522,3
2,RSVP_first,156,2_7_214,VD,6,0.22719152862701014,0.7728084713729899,3
2,RSVP_first,157,2_7_215,VD,6,0.0877462892213504,0.9122537107786496,2
2,RSVP_first,158,2_7_216,VD,6,0.2116621179711064,0.7883378820288937,3
2,RSVP_first,159,2_7_217,CD,6,0.5019502953774326,0.49804970462256737,4
2,RSVP_first,160,2_7_218,CD,6,0.20172714862188482,0.7982728513781152,3
2,RSVP_first,161,2_7_219,CD,6,0.2673321151728031,0.7326678848271969,4
2,RSVP_first,162,2_7_221,CD,6,0.17888871592797892,0.8211112840720212,3
2,RSVP_first,163,2_7_222,VD,6,0.5189832662897024,0.4810167337102976,2
2,RSVP_first,164,2_7_223,VD,6,0.29030921186187875,0.7096907881381213,3
2,RSVP_first,165,2_8_225,VD,7,0.39389906277535397,0.606100937224646,3
2,RSVP_first,166,2_8_226,VD,7,0.27815734544154475,0.7218426545584553,3
2,RSVP_first,167,2_8_227,CD,7,0.5347199911272049,0.465280008872795,2
2,RSVP_first,168,2_8_228,CD,7,0.41236715433041393,0.5876328456695862,3
2,RSVP_first,169,2_8_229,CD,7,0.15624122675448743,0.8437587732455126,3
2,RSVP_first,170,2_8_230,VD,7,0.11710432711983065,0.8828956728801693,3
2,RSVP_first,171,2_8_231,CD,7,0.128869028024227,0.871130971975773,3
2,RSVP_first,173,2_8_233,VD,7,0.20723376286957368,0.7927662371304263,4
2,RSVP_first,174,2_8_234,VD,7,0.13231136023758525,0.8676886397624147,3
2,RSVP_first,175,2_8_235,VD,7,0.11225413315535841,0.8877458668446416,3
2,RSVP_first,176,2_8_236,CD,7,0.44107921739469264,0.5589207826053074,3
2,RSVP_first,177,2_8_237,CD,7,0.5203507274031904,0.4796492725968096,2
2,RSVP_first,178,2_8_238,CD,7,0.10387972777076575,0.8961202722292343,3
2,RSVP_first,179,2_8_239,VD,7,0.17003952428728544,0.8299604757127146,3
2,RSVP_first,180,2_8_240,VD,7,0.16241626367664885,0.8375837363233511,3
2,RSVP_first,181,2_8_241,CD,7,0.1331092104596257,0.8668907895403742,3
2,RSVP_first,182,2_8_242,VD,7,0.4097233870753806,0.5902766129246194,3
2,RSVP_first,183,2_8_243,VD,7,0.3049378821928569,0.6950621178071431,3
2,RSVP_first,185,2_8_245,CD,7,0.5231004658715331,0.47689953412846686,2
2,RSVP_first,187,2_8_248,VD,7,0.5216554947996879,0.4783445052003121,2
2,RSVP_first,188,2_8_249,CD,7,0.39617261868138315,0.6038273813186168,3
2,RSVP_first,189,2_8_250,CD,7,0.11843165761095249,0.8815683423890476,3
2,RSVP_first,190,2_8_251,VD,7,0.11824339962939164,0.8817566003706083,3
2,RSVP_first,192,2_8_253,CD,7,0.14492260629751594,0.855077393702484,3
2,RSVP_first,193,2_8_254,VD,7,0.5155905458570302,0.48440945414296976,2
2,RSVP_first,194,2_8_255,VD,7,0.11588364643837043,0.8841163535616295,4
2,RSVP_first,195,2_8_256,CD,7,0.3147956398666316,0.6852043601333684,4
2,RSVP_first,196,2_9_257,VD,8,0.3872625379633465,0.6127374620366536,3
2,RSVP_first,197,2_9_258,CD,8,0.16374398923320777,0.8362560107667922,3
2,RSVP_first,198,2_9_259,CD,8,0.4231012463288788,0.5768987536711212,3
2,RSVP_first,199,2_9_261,CD,8,0.39155052270902646,0.6084494772909735,3
2,RSVP_first,200,2_9_262,CD,8,0.26680328077950133,0.7331967192204987,3
2,RSVP_first,201,2_9_263,CD,8,0.5180743235472342,0.4819256764527659,2
2,RSVP_first,202,2_9_264,CD,8,0.15624589122293472,0.8437541087770652,4
2,RSVP_first,203,2_9_265,VD,8,0.5169029994153532,0.4830970005846468,2
2,RSVP_first,204,2_9_266,CD,8,0.17025971507945525,0.8297402849205447,3
2,RSVP_first,205,2_9_267,VD,8,0.41618097926833647,0.5838190207316636,3
2,RSVP_first,207,2_9_269,VD,8,0.14022373551787592,0.8597762644821241,3
2,RSVP_first,208,2_9_270,CD,8,0.18098838142701554,0.8190116185729844,3
2,RSVP_first,209,2_9_271,VD,8,0.1500955858157571,0.849904414184243,3
2,RSVP_first,210,2_9_272,CD,8,0.3980646835561636,0.6019353164438364,3
2,RSVP_first,212,2_9_275,VD,8,0.15426155733162158,0.8457384426683784,4
2,RSVP_first,213,2_9_276,CD,8,0.12599242250480552,0.8740075774951945,3
2,RSVP_first,215,2_9_278,VD,8,0.12029629561725518,0.8797037043827448,3
2,RSVP_first,216,2_9_280,VD,8,0.1732519783297452,0.8267480216702549,3
2,RSVP_first,217,2_9_281,VD,8,0.22720217230173914,0.7727978276982609,3
2,RSVP_first,218,2_9_282,VD,8,0.5279165965402776,0.4720834034597225,2
2,RSVP_first,219,2_9_284,CD,8,0.1511864976231804,0.8488135023768196,3
2,RSVP_first,220,2_9_285,VD,8,0.1337116613545995,0.8662883386454006,3
2,RSVP_first,222,2_9_287,VD,8,0.2165892459426922,0.7834107540573078,3
2,RSVP_first,223,2_9_288,VD,8,0.4947848271759584,0.5052151728240416,3
3,VST_first,1,3_2_33,VD,1,0.123480192197414,0.876519807802586,3
3,VST_first,2,3_2_34,VD,1,0.12820902340931084,0.8717909765906892,3
3,VST_first,3,3_2_35,CD,1,0.09597459891685828,0.9040254010831417,2
3,VST_first,4,3_2_36,VD,1,0.1302047390629903,0.8697952609370097,4
3,VST_first,5,3_2_37,CD,1,0.39251160702907073,0.6074883929709293,3
3,VST_first,7,3_2_42,CD,1,0.4522081813508563,0.5477918186491437,4
3,VST_first,8,3_2_43,VD,1,0.11085675647677715,0.8891432435232228,4
3,VST_first,10,3_2_45,VD,1,0.2301684490946231,0.7698315509053769,4
3,VST_first,11,3_2_46,VD,1,0.1035560069701569,0.8964439930298431,3
3,VST_first,12,3_2_47,CD,1,0.11763946527404551,0.8823605347259545,3
3,VST_first,13,3_2_48,CD,1,0.10903948965819703,0.890960510341803,3
3,VST_first,14,3_2_49,VD,1,0.5138655157107779,0.4861344842892221,2
3,VST_first,16,3_2_51,VD,1,0.09293614941726473,0.9070638505827353,3
3,VST_first,19,3_2_56,VD,1,0.3938642135552749,0.6061357864447252,3
3,VST_first,20,3_2_59,CD,1,0.09264662574082601,0.9073533742591741,3
3,VST_first,21,3_2_60,CD,1,0.1596877938312573,0.8403122061687427,4
3,VST_first,22,3_2_61,VD,1,0.5157106384190858,0.4842893615809142,2
3,VST_first,23,3_2_62,CD,1,0.28917894209599293,0.7108210579040071,4
3,VST_first,24,3_2_63,VD,1,0.17537928362490735,0.8246207163750927,4
3,VST_first,25,3_2_64,CD,1,0.1365263289194541,0.863473671080546,4
3,VST_first,26,3_3_65,VD,2,0.08610111229975602,0.913898887700244,2
3,VST_first,27,3_3_66,VD,2,0.09363101379984248,0.9063689862001576,3
3,VST_first,28,3_3_67,CD,2,0.20995648502432754,0.7900435149756725,4
3,VST_first,29,3_3_70,VD,2,0.3599024324493961,0.640097567550604,4
3,VST_first,31,3_3_72,VD,2,0.10099108057268485,0.8990089194273152,3
3,VST_first,32,3_3_73,VD,2,0.2225469295335646,0.7774530704664354,3
3,VST_first,33,3_3_74,VD,2,0.10341319171953589,0.8965868082804641,3
3,VST_first,35,3_3_76,VD,2,0.5223043090334281,0.47769569096657194,2
3,VST_first,36,3_3_77,CD,2,0.3505989460599985,0.6494010539400016,3
3,VST_first,39,3_3_80,CD,2,0.3053841835238755,0.6946158164761246,3
3,VST_first,40,3_3_81,VD,2,0.12500641923182065,0.8749935807681793,3
3,VST_first,41,3_3_83,VD,2,0.1306334149166717,0.8693665850833283,3
3,VST_first,42,3_3_85,VD,2,0.16111603984478576,0.8388839601552143,4
3,VST_first,43,3_3_86,VD,2,0.0949014477345755,0.9050985522654245,3
3,VST_first,45,3_3_88,CD,2,0.45190502188479736,0.5480949781152027,5
3,VST_first,46,3_3_89,CD,2,0.21852718635724197,0.781472813642758,4
3,VST_first,47,3_3_90,CD,2,0.10169364083945381,0.8983063591605461,3
3,VST_first,48,3_3_91,CD,2,0.4463326808639625,0.5536673191360375,3
3,VST_first,49,3_3_92,VD,2,0.09355692275155862,0.9064430772484414,3
3,VST_first,50,3_3_93,VD,2,0.384836735520927,0.615163264479073,3
3,VST_first,51,3_3_94,CD,2,0.09254823515091519,0.9074517648490849,3
3,VST_first,52,3_3_95,CD,2,0.09615792029601138,0.9038420797039886,3
3,VST_first,53,3_3_96,CD,2,0.33574717165090817,0.6642528283490918,4
3,VST_first,54,3_4_98,VD,3,0.09867211178750346,0.9013278882124965,4
3,VST_first,55,3_4_99,CD,3,0.1137706651609591,0.8862293348390409,3
3,VST_first,57,3_4_101,VD,3,0.8217759817907138,0.17822401820928624,2
3,VST_first,58,3_4_102,VD,3,0.3895836479745872,0.6104163520254128,3
3,VST_first,59,3_4_103,CD,3,0.23619133297744208,0.7638086670225579,2
3,VST_first,60,3_4_104,CD,3,0.5481456548690136,0.45185434513098643,4
3,VST_first,61,3_4_105,CD,3,0.5154588024789278,0.4845411975210722,2
3,VST_first,62,3_4_106,VD,3,0.5222605556276195,0.47773944437238053,2
3,VST_first,63,3_4_107,CD,3,0.32204078729674396,0.6779592127032561,4
3,VST_first,64,3_4_108,VD,3,0.38416393721115516,0.6158360627888448,3
3,VST_first,65,3_4_109,CD,3,0.09303964928596918,0.9069603507140308,3
3,VST_first,66,3_4_110,CD,3,0.3211606629690177,0.6788393370309823,4
3,VST_first,67,3_4_111,CD,3,0.10853987661605773,0.8914601233839423,3
3,VST_first,68,3_4_112,VD,3,0.36227906074856575,0.6377209392514342,4
3,VST_first,69,3_4_114,CD,3,0.38680936213563066,0.6131906378643693,3
3,VST_first,70,3_4_115,CD,3,0.21647499166987197,0.7835250083301281,3
3,VST_first,71,3_4_116,VD,3,0.21202227493273335,0.7879777250672666,4
3,VST_first,72,3_4_117,VD,3,0.11068217417658052,0.88931782582341945,4
3,VST_first,74,3_4_119,VD,3,0.6533786586077599,0.34662134139224016,3
3,VST_first,75,3_4_120,CD,3,0.10436235394495455,0.8956376460550455,3
3,VST_first,76,3_4_121,CD,3,0.385361500037218,0.614638499962782,3
3,VST_first,77,3_4_122,VD,3,0.1193264738783949,0.8806735261216051,3
3,VST_first,78,3_4_123,CD,3,0.237783697041501,0.762216302958499,4
3,VST_first,79,3_4_124,VD,3,0.5132950425442392,0.4867049574557608,3
3,VST_first,80,3_4_125,VD,3,0.09559919906103646,0.9044008009389635,3
3,VST_first,81,3_4_126,CD,3,0.5271189706737092,0.4728810293262908,2
3,VST_first,82,3_4_127,VD,3,0.3828632098354627,0.6171367901645374,3
3,VST_first,83,3_4_128,VD,3,0.5139764394798829,0.486023560520117,2
3,VST_first,84,3_5_129,CD,4,0.30247022391764095,0.697529776082359,4
3,VST_first,85,3_5_130,CD,4,0.10563295135813143,0.8943670486418686,3
3,VST_first,86,3_5_131,CD,4,0.09776117801049483,0.9022388219895052,4
3,VST_first,87,3_5_132,VD,4,0.09640812127672917,0.9035918787232708,3
3,VST_first,89,3_5_134,VD,4,0.1189271906222782,0.8810728093777217,4
3,VST_first,90,3_5_135,CD,4,0.18575588100413587,0.8142441189958641,4
3,VST_first,91,3_5_136,CD,4,0.5279165965402776,0.4720834034597225,2
3,VST_first,92,3_5_137,CD,4,0.10465059784067457,0.8953494021593253,4
3,VST_first,94,3_5_139,VD,4,0.30593393111957107,0.6940660688804289,4
3,VST_first,95,3_5_140,CD,4,0.10848931884846781,0.8915106811515322,3
3,VST_first,96,3_5_141,CD,4,0.08315512303675664,0.9168448769632433,2
3,VST_first,97,3_5_142,CD,4,0.23243338160449295,0.767566618395507,4
3,VST_first,98,3_5_143,CD,4,0.10483125952691438,0.8951687404730856,3
3,VST_first,99,3_5_144,VD,4,0.5497862792772201,0.4502137207227799,2
3,VST_first,100,3_5_145,CD,4,0.0945222672033113,0.9054777327966888,3
3,VST_first,101,3_5_146,VD,4,0.15622455200337118,0.8437754479966287,3
3,VST_first,102,3_5_148,CD,4,0.08954762885201721,0.9104523711479827,3
3,VST_first,103,3_5_150,VD,4,0.3200980260575297,0.6799019739424703,4
3,VST_first,104,3_5_151,VD,4,0.3264105182604722,0.6735894817395278,4
3,VST_first,105,3_5_152,VD,4,0.3829698072407112,0.6170301927592888,3
3,VST_first,106,3_5_153,VD,4,0.3752527197108768,0.6247472802891232,4
3,VST_first,107,3_5_154,VD,4,0.09650161671995794,0.9034983832800421,3
3,VST_first,108,3_5_155,VD,4,0.3881775137623348,0.6118224862376652,3
3,VST_first,109,3_5_156,CD,4,0.3925086232360638,0.6074913767639363,4
3,VST_first,110,3_5_157,VD,4,0.20009262900987188,0.7999073709901281,4
3,VST_first,111,3_5_159,VD,4,0.09600252444611714,0.9039974755538829,3
3,VST_first,112,3_5_160,VD,4,0.22034060284166818,0.7796593971583319,4
3,VST_first,113,3_6_161,CD,5,0.5260375154632018,0.47396248453679823,2
3,VST_first,114,3_6_162,VD,5,0.09377598354189914,0.9062240164581009,3
3,VST_first,115,3_6_163,VD,5,0.12980190132758898,0.870198098672411,4
3,VST_first,116,3_6_164,CD,5,0.10780486545214876,0.8921951345478512,4
3,VST_first,117,3_6_165,VD,5,0.09576629280812436,0.9042337071918757,3
3,VST_first,118,3_6_166,CD,5,0.5149666392968578,0.4850333607031422,2
3,VST_first,119,3_6_167,VD,5,0.3845344692964021,0.6154655307035979,3
3,VST_first,120,3_6_168,VD,5,0.12258816395254435,0.8774118360474557,3
3,VST_first,121,3_6_170,VD,5,0.5139345507308902,0.4860654492691097,2
3,VST_first,122,3_6_171,VD,5,0.1292870622605786,0.8707129377394214,3
3,VST_first,123,3_6_172,CD,5,0.33640692962577123,0.6635930703742288,4
3,VST_first,124,3_6_173,VD,5,0.09976179235525715,0.9002382076447428,3
3,VST_first,125,3_6_174,CD,5,0.10389415807963029,0.8961058419203697,3
3,VST_first,126,3_6_175,CD,5,0.09995817110124525,0.9000418288987548,3
3,VST_first,127,3_6_176,VD,5,0.1320152086981979,0.8679847913018021,4
3,VST_first,128,3_6_178,VD,5,0.1817211071023823,0.8182788928976177,4
3,VST_first,129,3_6_179,VD,5,0.09188430872996017,0.9081156912700398,3
3,VST_first,130,3_6_180,VD,5,0.3551663094986353,0.6448336905013647,3
3,VST_first,131,3_6_181,VD,5,0.20029190222154475,0.7997080977784552,4
3,VST_first,132,3_6_182,CD,5,0.5157885617582725,0.48421143824172763,2
3,VST_first,133,3_6_183,VD,5,0.5413206683931906,0.45867933160680935,3
3,VST_first,134,3_6_184,CD,5,0.39900578564975975,0.6009942143502403,3
3,VST_first,135,3_6_185,CD,5,0.33357046889756603,0.666429531102434,4
3,VST_first,136,3_6_186,CD,5,0.5089450717662949,0.49105492823370517,3
3,VST_first,137,3_6_187,CD,5,0.09075324789345572,0.9092467521065443,3
3,VST_first,138,3_6_188,VD,5,0.09296354452032271,0.9070364554796774,3
3,VST_first,139,3_6_189,CD,5,0.17857343640938073,0.8214265635906193,2
3,VST_first,140,3_6_190,CD,5,0.527472306026739,0.47252769397326094,2
3,VST_first,141,3_6_192,VD,5,0.28049904359028005,0.7195009564097199,4
3,VST_first,142,3_7_193,VD,6,0.170740782801164,0.829259217198836,4
3,VST_first,143,3_7_195,VD,6,0.09072329172467089,0.9092767082753291,3
3,VST_first,144,3_7_196,CD,6,0.3827625056860392,0.6172374943139608,3
3,VST_first,145,3_7_197,CD,6,0.5188123160338092,0.4811876839661909,2
3,VST_first,146,3_7_198,VD,6,0.1601927789220537,0.8398072210779463,3
3,VST_first,147,3_7_199,CD,6,0.19057919720749136,0.8094208027925086,3
3,VST_first,148,3_7_200,VD,6,0.4182922481750323,0.5817077518249677,3
3,VST_first,149,3_7_201,CD,6,0.1107847075373655,0.8892152924626344,4
3,VST_first,150,3_7_202,VD,6,0.264214360097899,0.735785639902101,3
3,VST_first,151,3_7_203,CD,6,0.09823719043293846,0.9017628095670616,3
3,VST_first,152,3_7_204,CD,6,0.13045751023647675,0.8695424897635232,3
3,VST_first,153,3_7_205,CD,6,0.5149666392968578,0.4850333607031422,2
3,VST_first,155,3_7_208,VD,6,0.3879835356294029,0.6120164643705971,3
3,VST_first,157,3_7_210,CD,6,0.5141109604134417,0.48588903958655827,2
3,VST_first,158,3_7_211,VD,6,0.329311530366057,0.6706884696339429,4
3,VST_first,159,3_7_212,VD,6,0.4019101022528326,0.5980898977471674,3
3,VST_first,160,3_7_214,VD,6,0.3198122058698853,0.6801877941301148,4
3,VST_first,163,3_7_217,VD,6,0.11180250455832154,0.8881974954416785,3
3,VST_first,165,3_7_219,CD,6,0.11594448529692719,0.8840555147030728,3
3,VST_first,166,3_7_220,CD,6,0.5141109604134417,0.48588903958655827,2
3,VST_first,167,3_7_221,CD,6,0.08457439881067899,0.9154256011893211,2
3,VST_first,168,3_7_222,CD,6,0.4184825443738108,0.5815174556261893,3
3,VST_first,169,3_7_224,VD,6,0.10386491142669764,0.8961350885733024,3
3,VST_first,170,3_8_225,VD,7,0.1054836290296852,0.8945163709703148,3
3,VST_first,171,3_8_226,VD,7,0.10233288490543022,0.8976671150945698,3
3,VST_first,172,3_8_229,CD,7,0.40077474562683807,0.5992252543731619,3
3,VST_first,173,3_8_230,VD,7,0.3287533137071613,0.6712466862928387,4
3,VST_first,174,3_8_232,VD,7,0.6809386957121135,0.3190613042878865,3
3,VST_first,175,3_8_234,CD,7,0.0903810795950437,0.9096189204049563,3
3,VST_first,176,3_8_235,VD,7,0.10339572375487585,0.8966042762451242,3
3,VST_first,177,3_8_236,CD,7,0.3933433976416215,0.6066566023583785,3
3,VST_first,179,3_8_238,CD,7,0.11257261172660013,0.8874273882733998,4
3,VST_first,180,3_8_239,VD,7,0.5236182786638114,0.4763817213361886,3
3,VST_first,181,3_8_240,VD,7,0.0969362620648351,0.9030637379351649,3
3,VST_first,182,3_8_241,CD,7,0.4165182755307761,0.583481724469224,3
3,VST_first,183,3_8_242,CD,7,0.14934266257949733,0.8506573374205026,4
3,VST_first,184,3_8_243,VD,7,0.11089690140597298,0.8891030985940269,4
3,VST_first,185,3_8_245,CD,7,0.3886065374339803,0.6113934625660197,3
3,VST_first,186,3_8_247,VD,7,0.15792271394262591,0.8420772860573741,4
3,VST_first,187,3_8_248,VD,7,0.16968375661675983,0.8303162433832402,3
3,VST_first,188,3_8_249,CD,7,0.10540188311680812,0.8945981168831919,3
3,VST_first,189,3_8_250,VD,7,0.42013521494163397,0.579864785058366,2
3,VST_first,190,3_8_251,VD,7,0.12227016841073172,0.8777298315892683,4
3,VST_first,191,3_8_252,VD,7,0.5139463903499893,0.4860536096500106,2
3,VST_first,192,3_8_253,CD,7,0.0791310870442134,0.9208689129557865,2
3,VST_first,193,3_8_254,CD,7,0.10110499123990167,0.8988950087600983,3
3,VST_first,194,3_8_255,CD,7,0.3974484098787337,0.6025515901212664,3
3,VST_first,195,3_8_256,CD,7,0.09839023189584103,0.901609768104159,2
3,VST_first,196,3_9_257,VD,8,0.09880742743922823,0.9011925725607718,4
3,VST_first,197,3_9_259,CD,8,0.149837755815772,0.850162244184228,3
3,VST_first,198,3_9_260,CD,8,0.32061016267929254,0.6793898373207075,4
3,VST_first,199,3_9_262,CD,8,0.12466321709705493,0.875336782902945,4
3,VST_first,200,3_9_263,CD,8,0.1737278958944883,0.8262721041055117,4
3,VST_first,201,3_9_264,VD,8,0.0984834841254449,0.9015165158745551,3
3,VST_first,202,3_9_265,CD,8,0.09193759833203433,0.9080624016679657,3
3,VST_first,203,3_9_266,CD,8,0.21996640699012662,0.7800335930098734,4
3,VST_first,204,3_9_267,CD,8,0.10435935807849607,0.8956406419215039,3
3,VST_first,206,3_9_269,VD,8,0.11774641437947232,0.8822535856205277,4
3,VST_first,207,3_9_270,CD,8,0.5151798071594968,0.4848201928405031,2
3,VST_first,208,3_9_271,VD,8,0.385239303959876,0.6147606960401241,3
3,VST_first,209,3_9_272,VD,8,0.3834936467793043,0.6165063532206957,3
3,VST_first,210,3_9_273,VD,8,0.26032353792916035,0.7396764620708396,3
3,VST_first,211,3_9_274,VD,8,0.1767890334069115,0.8232109665930885,4
3,VST_first,212,3_9_276,VD,8,0.11725409009967681,0.8827459099003232,4
3,VST_first,213,3_9_278,VD,8,0.18489313504246774,0.8151068649575322,3
3,VST_first,214,3_9_279,CD,8,0.2737135139898401,0.7262864860101599,4
3,VST_first,215,3_9_280,VD,8,0.09819049227609952,0.9018095077239004,3
3,VST_first,216,3_9_281,VD,8,0.12710684951027676,0.8728931504897233,3
3,VST_first,217,3_9_282,VD,8,0.1214166044277456,0.8785833955722544,4
3,VST_first,218,3_9_283,CD,8,0.6783811830177169,0.3216188169822831,3
3,VST_first,219,3_9_284,VD,8,0.19352529372915536,0.8064747062708446,3
3,VST_first,220,3_9_285,VD,8,0.15344238714602684,0.8465576128539731,4
3,VST_first,221,3_9_286,VD,8,0.3878948283628306,0.6121051716371694,3
3,VST_first,222,3_9_288,CD,8,0.316809508722862,0.683190491277138,4
4,RSVP_first,2,4_2_34,CD,1,0.12882724392208475,0.8711727560779152,3
4,RSVP_first,3,4_2_36,CD,1,0.31114111977451336,0.6888588802254867,4
4,RSVP_first,5,4_2_38,VD,1,0.32362215355162066,0.6763778464483794,4
4,RSVP_first,6,4_2_39,CD,1,0.10568392607451879,0.8943160739254812,4
4,RSVP_first,8,4_2_41,VD,1,0.7583843779705839,0.24161562202941608,4
4,RSVP_first,9,4_2_42,CD,1,0.1877348347713785,0.8122651652286215,3
4,RSVP_first,10,4_2_43,VD,1,0.189899717256666,0.810100282743334,3
4,RSVP_first,11,4_2_44,VD,1,0.34910952548508456,0.6508904745149154,3
4,RSVP_first,13,4_2_46,VD,1,0.5436567522872358,0.45634324771276424,4
4,RSVP_first,14,4_2_47,VD,1,0.5020197882679808,0.49798021173201923,5
4,RSVP_first,15,4_2_48,CD,1,0.5149666392968578,0.4850333607031422,2
4,RSVP_first,17,4_2_50,CD,1,0.12311576102003674,0.8768842389799633,4
4,RSVP_first,18,4_2_51,VD,1,0.39443873253043343,0.6055612674695665,5
4,RSVP_first,19,4_2_52,VD,1,0.5141066122915907,0.48589338770840934,2
4,RSVP_first,20,4_2_53,CD,1,0.4562549791710674,0.5437450208289326,4
4,RSVP_first,21,4_2_54,CD,1,0.2847746981550725,0.7152253018449275,5
4,RSVP_first,22,4_2_55,VD,1,0.4559929032017997,0.5440070967982003,5
4,RSVP_first,23,4_2_56,CD,1,0.6503115595505408,0.3496884404494592,5
4,RSVP_first,24,4_2_59,VD,1,0.4553656510741682,0.5446343489258318,3
4,RSVP_first,25,4_2_60,VD,1,0.6027688208979769,0.39723117910202305,4
4,RSVP_first,26,4_2_61,VD,1,0.16301091008754992,0.8369890899124501,4
4,RSVP_first,27,4_2_62,VD,1,0.6579443231654025,0.3420556768345975,4
4,RSVP_first,28,4_2_63,CD,1,0.6621726214924564,0.33782737850754374,5
4,RSVP_first,31,4_3_66,VD,2,0.1533463589175064,0.8466536410824936,4
4,RSVP_first,32,4_3_67,VD,2,0.3767725215015904,0.6232274784984096,4
4,RSVP_first,33,4_3_68,CD,2,0.19234497943736423,0.8076550205626358,4
4,RSVP_first,34,4_3_69,VD,2,0.30229070979462425,0.6977092902053758,5
4,RSVP_first,35,4_3_70,CD,2,0.5361171070786964,0.46388289292130364,4
4,RSVP_first,36,4_3_71,CD,2,0.23681440681344595,0.7631855931865541,4
4,RSVP_first,38,4_3_73,CD,2,0.12414184052900602,0.875858159470994,3
4,RSVP_first,39,4_3_74,CD,2,0.3251630743932937,0.6748369256067063,4
4,RSVP_first,40,4_3_75,CD,2,0.3194813668162373,0.6805186331837627,4
4,RSVP_first,42,4_3_77,VD,2,0.5165605514890546,0.48343944851094534,2
4,RSVP_first,43,4_3_78,CD,2,0.2901246797877919,0.7098753202122081,5
4,RSVP_first,44,4_3_79,CD,2,0.18791569167166228,0.8120843083283377,5
4,RSVP_first,45,4_3_80,VD,2,0.45691184072115065,0.5430881592788493,5
4,RSVP_first,46,4_3_81,CD,2,0.5346957065793606,0.4653042934206394,4
4,RSVP_first,47,4_3_82,VD,2,0.38633773648966513,0.6136622635103348,3
4,RSVP_first,48,4_3_83,VD,2,0.5971048102955268,0.40289518970447324,3
4,RSVP_first,49,4_3_84,VD,2,0.09998428468591083,0.9000157153140892,4
4,RSVP_first,51,4_3_86,VD,2,0.5398440044132602,0.4601559955867397,4
4,RSVP_first,52,4_3_87,VD,2,0.4346564858042085,0.5653435141957914,3
4,RSVP_first,53,4_3_88,VD,2,0.11173423227642415,0.8882657677235758,4
4,RSVP_first,54,4_3_91,CD,2,0.28113440018344377,0.7188655998165563,5
4,RSVP_first,55,4_3_92,CD,2,0.2792163044619189,0.7207836955380811,5
4,RSVP_first,56,4_3_93,VD,2,0.2752810005308301,0.72471899946917,5
4,RSVP_first,57,4_3_94,VD,2,0.15924670118731077,0.8407532988126892,4
4,RSVP_first,60,4_4_97,VD,3,0.6759625167007105,0.3240374832992895,3
4,RSVP_first,61,4_4_98,CD,3,0.10542556955813417,0.8945744304418658,4
4,RSVP_first,62,4_4_99,CD,3,0.466670258516503,0.533329741483497,4
4,RSVP_first,63,4_4_100,CD,3,0.5172689486031135,0.4827310513968865,2
4,RSVP_first,64,4_4_101,VD,3,0.38199458432480127,0.6180054156751988,4
4,RSVP_first,65,4_4_103,VD,3,0.5353133884457072,0.46468661155429275,4
4,RSVP_first,66,4_4_104,CD,3,0.45375093743083733,0.5462490625691627,5
4,RSVP_first,67,4_4_105,CD,3,0.12118446119046605,0.8788155388095339,4
4,RSVP_first,68,4_4_106,CD,3,0.46944415077712415,0.5305558492228759,3
4,RSVP_first,69,4_4_107,CD,3,0.09910360061698482,0.9008963993830152,4
4,RSVP_first,70,4_4_108,VD,3,0.31987027269058055,0.6801297273094193,4
4,RSVP_first,72,4_4_110,VD,3,0.24282590434854245,0.7571740956514575,5
4,RSVP_first,75,4_4_113,CD,3,0.2916787971677293,0.7083212028322706,5
4,RSVP_first,76,4_4_114,VD,3,0.28192515580860306,0.718074844191397,5
4,RSVP_first,77,4_4_115,CD,3,0.5372736491866681,0.46272635081333197,4
4,RSVP_first,78,4_4_116,CD,3,0.3995729146776474,0.6004270853223526,4
4,RSVP_first,79,4_4_117,VD,3,0.38569045268731933,0.6143095473126806,3
4,RSVP_first,80,4_4_118,VD,3,0.2465987425559997,0.7534012574440003,4
4,RSVP_first,81,4_4_119,CD,3,0.11171443950155006,0.8882855604984499,4
4,RSVP_first,82,4_4_120,VD,3,0.100675631779364,0.899324368220636,4
4,RSVP_first,83,4_4_121,CD,3,0.249647494222903,0.750352505777097,5
4,RSVP_first,84,4_4_122,VD,3,0.5550961881535771,0.4449038118464229,2
4,RSVP_first,85,4_4_123,VD,3,0.39693535201160846,0.6030646479883915,3
4,RSVP_first,86,4_4_124,VD,3,0.6709838843492573,0.3290161156507427,3
4,RSVP_first,87,4_4_125,CD,3,0.34000870111418124,0.6599912988858188,4
4,RSVP_first,88,4_4_126,VD,3,0.3486491497359706,0.6513508502640294,5
4,RSVP_first,89,4_4_127,CD,3,0.5497267218352055,0.4502732781647944,4
4,RSVP_first,90,4_4_128,VD,3,0.337227654813444,0.6627723451865559,3
4,RSVP_first,92,4_5_130,CD,4,0.4077687673614219,0.5922312326385781,5
4,RSVP_first,93,4_5_131,CD,4,0.3834922865064474,0.6165077134935526,3
4,RSVP_first,94,4_5_132,VD,4,0.10891133055203428,0.8910886694479657,4
4,RSVP_first,95,4_5_133,VD,4,0.4598294362343217,0.5401705637656782,5
4,RSVP_first,96,4_5_134,VD,4,0.3193400750654719,0.6806599249345281,4
4,RSVP_first,97,4_5_135,CD,4,0.29322682170570336,0.7067731782942968,4
4,RSVP_first,98,4_5_136,VD,4,0.39654860866002556,0.6034513913399745,5
4,RSVP_first,99,4_5_137,CD,4,0.49753545437360736,0.5024645456263926,5
4,RSVP_first,100,4_5_138,CD,4,0.1455898283683019,0.8544101716316981,5
4,RSVP_first,101,4_5_139,CD,4,0.4753659926960292,0.5246340073039708,3
4,RSVP_first,102,4_5_140,VD,4,0.29767246101989764,0.7023275389801025,4
4,RSVP_first,103,4_5_141,CD,4,0.5229859690895352,0.4770140309104648,2
4,RSVP_first,104,4_5_142,CD,4,0.2194146683874995,0.7805853316125005,4
4,RSVP_first,105,4_5_143,CD,4,0.32582608286339704,0.674173917136603,5
4,RSVP_first,106,4_5_145,VD,4,0.28575664248907895,0.714243357510921,5
4,RSVP_first,107,4_5_146,CD,4,0.3538346322945464,0.6461653677054535,4
4,RSVP_first,108,4_5_147,VD,4,0.18263712180604602,0.8173628781939539,4
4,RSVP_first,109,4_5_148,VD,4,0.13410153773567762,0.8658984622643224,4
4,RSVP_first,111,4_5_150,CD,4,0.3839620352187961,0.6160379647812039,3
4,RSVP_first,113,4_5_152,CD,4,0.09963712517281963,0.9003628748271804,4
4,RSVP_first,114,4_5_153,CD,4,0.3174711578856695,0.6825288421143305,4
4,RSVP_first,115,4_5_154,VD,4,0.29877881346285234,0.7012211865371476,5
4,RSVP_first,116,4_5_155,CD,4,0.17889127448269268,0.8211087255173073,5
4,RSVP_first,117,4_5_156,VD,4,0.2808434663827977,0.7191565336172022,5
4,RSVP_first,118,4_5_157,CD,4,0.3375220646742748,0.6624779353257252,4
4,RSVP_first,119,4_5_158,VD,4,0.3190472924468883,0.6809527075531118,4
4,RSVP_first,120,4_5_160,VD,4,0.14633504367476705,0.853664956325233,4
4,RSVP_first,121,4_6_161,VD,5,0.12716822810417838,0.8728317718958216,4
4,RSVP_first,123,4_6_163,VD,5,0.1763951189011182,0.8236048810988817,4
4,RSVP_first,124,4_6_164,VD,5,0.10884738362592201,0.891152616374078,4
4,RSVP_first,125,4_6_165,VD,5,0.31476038446913734,0.6852396155308627,4
4,RSVP_first,126,4_6_166,CD,5,0.29862955837336136,0.7013704416266386,5
4,RSVP_first,127,4_6_167,VD,5,0.43696057446143,0.56303942553857,6
4,RSVP_first,128,4_6_168,CD,5,0.29592929721243616,0.7040707027875638,3
4,RSVP_first,129,4_6_169,CD,5,0.659424179681278,0.3405758203187221,3
4,RSVP_first,130,4_6_170,VD,5,0.15593851689453364,0.8440614831054662,4
4,RSVP_first,131,4_6_171,CD,5,0.10674152537251538,0.8932584746274846,4
4,RSVP_first,132,4_6_172,CD,5,0.3364589731323886,0.6635410268676114,4
4,RSVP_first,133,4_6_173,CD,5,0.5144335918498427,0.4855664081501573,2
4,RSVP_first,134,4_6_174,CD,5,0.12866908396463642,0.8713309160353635,4
4,RSVP_first,135,4_6_175,VD,5,0.5180743235472342,0.4819256764527659,2
4,RSVP_first,136,4_6_176,VD,5,0.0976834399096055,0.9023165600903945,4
4,RSVP_first,137,4_6_177,CD,5,0.19925754348082894,0.8007424565191711,5
4,RSVP_first,138,4_6_178,VD,5,0.2144993498117,0.7855006501883001,4
4,RSVP_first,139,4_6_179,CD,5,0.33229349517696866,0.6677065048230313,4
4,RSVP_first,142,4_6_182,VD,5,0.5189832662897024,0.4810167337102976,2
4,RSVP_first,143,4_6_183,CD,5,0.11610480601695813,0.8838951939830418,4
4,RSVP_first,144,4_6_184,VD,5,0.5590857529680193,0.44091424703198073,4
4,RSVP_first,145,4_6_185,VD,5,0.30294745730135286,0.6970525426986471,4
4,RSVP_first,146,4_6_186,CD,5,0.1602925776597208,0.8397074223402793,3
4,RSVP_first,147,4_6_187,CD,5,0.3058312251208577,0.6941687748791423,5
4,RSVP_first,148,4_6_188,VD,5,0.31757110743907846,0.6824288925609215,4
4,RSVP_first,149,4_6_189,CD,5,0.19424176279076893,0.805758237209231,4
4,RSVP_first,150,4_6_190,VD,5,0.6757393208143555,0.32426067918564444,3
4,RSVP_first,151,4_6_191,CD,5,0.5165605514890546,0.48343944851094534,2
4,RSVP_first,153,4_7_193,VD,6,0.4154954981766253,0.5845045018233748,5
4,RSVP_first,155,4_7_195,VD,6,0.1422097290031323,0.8577902709968677,4
4,RSVP_first,156,4_7_196,CD,6,0.5139621586732607,0.48603784132673933,2
4,RSVP_first,157,4_7_197,CD,6,0.1708023346638168,0.8291976653361832,4
4,RSVP_first,158,4_7_198,VD,6,0.33127844086089975,0.6687215591391003,5
4,RSVP_first,159,4_7_199,VD,6,0.32253730748593046,0.6774626925140694,4
4,RSVP_first,160,4_7_201,VD,6,0.39876824575530256,0.6012317542446974,3
4,RSVP_first,161,4_7_202,CD,6,0.13294263192312317,0.8670573680768768,3
4,RSVP_first,162,4_7_203,VD,6,0.27753551001645776,0.7224644899835422,5
4,RSVP_first,163,4_7_204,CD,6,0.5806554774293153,0.4193445225706847,2
4,RSVP_first,164,4_7_205,CD,6,0.2939226597982305,0.7060773402017695,5
4,RSVP_first,165,4_7_206,CD,6,0.6630011897860298,0.3369988102139701,3
4,RSVP_first,166,4_7_207,VD,6,0.36803275768324384,0.631967242316756,4
4,RSVP_first,168,4_7_210,VD,6,0.12184306485639462,0.8781569351436054,4
4,RSVP_first,169,4_7_211,VD,6,0.14577075479009588,0.8542292452099042,4
4,RSVP_first,170,4_7_212,CD,6,0.11942522248045076,0.8805747775195493,4
4,RSVP_first,171,4_7_213,CD,6,0.3162096431629675,0.6837903568370325,4
4,RSVP_first,172,4_7_214,CD,6,0.5535108230669206,0.44648917693307955,2
4,RSVP_first,173,4_7_215,CD,6,0.12825746878654515,0.8717425312134548,4
4,RSVP_first,174,4_7_216,VD,6,0.09987822994421208,0.9001217700557879,4
4,RSVP_first,175,4_7_217,VD,6,0.31956480196212084,0.6804351980378791,4
4,RSVP_first,176,4_7_219,VD,6,0.11242834750609387,0.8875716524939061,4
4,RSVP_first,177,4_7_220,VD,6,0.3178115815626582,0.6821884184373417,4
4,RSVP_first,178,4_7_221,VD,6,0.2973543401096881,0.7026456598903119,4
4,RSVP_first,179,4_7_222,CD,6,0.5686575818891833,0.43134241811081675,3
4,RSVP_first,180,4_7_223,CD,6,0.09860152978559586,0.9013984702144042,4
4,RSVP_first,181,4_7_224,CD,6,0.36648884746069954,0.6335111525393005,4
4,RSVP_first,182,4_8_225,VD,7,0.3555313614216392,0.6444686385783608,4
4,RSVP_first,183,4_8_226,CD,7,0.09816203269540019,0.9018379673045999,4
4,RSVP_first,184,4_8_227,VD,7,0.2288808783588311,0.7711191216411689,5
4,RSVP_first,185,4_8_228,VD,7,0.104428767469314,0.895571232530686,4
4,RSVP_first,186,4_8_229,CD,7,0.32289235840147357,0.6771076415985264,4
4,RSVP_first,187,4_8_231,CD,7,0.2817189219287881,0.7182810780712119,5
4,RSVP_first,188,4_8_232,CD,7,0.6753613155775843,0.32463868442241567,3
4,RSVP_first,189,4_8_233,CD,7,0.5122230841557444,0.4877769158442556,4
4,RSVP_first,190,4_8_234,CD,7,0.11628884822758333,0.8837111517724167,4
4,RSVP_first,191,4_8_235,VD,7,0.09803650383207427,0.9019634961679258,4
4,RSVP_first,192,4_8_236,CD,7,0.12692104256843106,0.8730789574315689,4
4,RSVP_first,193,4_8_237,VD,7,0.3220887299039006,0.6779112700960994,5
4,RSVP_first,195,4_8_239,VD,7,0.27648185398298786,0.7235181460170121,5
4,RSVP_first,196,4_8_240,CD,7,0.3165443015137694,0.6834556984862307,4
4,RSVP_first,198,4_8_242,VD,7,0.10334323462910726,0.8966567653708928,4
4,RSVP_first,199,4_8_243,CD,7,0.5149666392968578,0.4850333607031422,2
4,RSVP_first,200,4_8_244,CD,7,0.10280081474302713,0.8971991852569728,4
4,RSVP_first,201,4_8_245,CD,7,0.25636859843256105,0.7436314015674389,4
4,RSVP_first,202,4_8_246,VD,7,0.20537149453740078,0.7946285054625992,4
4,RSVP_first,203,4_8_247,VD,7,0.1492070006824832,0.8507929993175168,3
4,RSVP_first,204,4_8_248,VD,7,0.31967041420205716,0.6803295857979429,4
4,RSVP_first,205,4_8_249,CD,7,0.11297373827095411,0.8870262617290459,4
4,RSVP_first,206,4_8_250,CD,7,0.10240030065027232,0.8975996993497277,4
4,RSVP_first,207,4_8_251,VD,7,0.22233484617584237,0.7776651538241577,4
4,RSVP_first,208,4_8_252,VD,7,0.7478785516533358,0.25212144834666417,3
4,RSVP_first,209,4_8_254,VD,7,0.1816696218447748,0.8183303781552252,4
4,RSVP_first,211,4_8_256,VD,7,0.09845895752459692,0.9015410424754031,4
4,RSVP_first,212,4_9_257,VD,8,0.3763877660288391,0.623612233971161,4
4,RSVP_first,213,4_9_258,VD,8,0.32732846394129894,0.672671536058701,4
4,RSVP_first,214,4_9_259,CD,8,0.5150933647198388,0.48490663528016115,2
4,RSVP_first,216,4_9_261,CD,8,0.2015960064939309,0.7984039935060692,3
4,RSVP_first,217,4_9_262,VD,8,0.2822529776386923,0.7177470223613077,5
4,RSVP_first,218,4_9_263,VD,8,0.09940284524062469,0.9005971547593753,4
4,RSVP_first,219,4_9_264,VD,8,0.5143759787237827,0.4856240212762173,2
4,RSVP_first,220,4_9_265,CD,8,0.12301864403848231,0.8769813559615177,4
4,RSVP_first,221,4_9_266,CD,8,0.5413314966553884,0.4586685033446116,4
4,RSVP_first,222,4_9_267,VD,8,0.7206595374442644,0.2793404625557356,4
4,RSVP_first,225,4_9_270,CD,8,0.32113339070900704,0.678866609290993,4
4,RSVP_first,226,4_9_271,CD,8,0.4268862767154013,0.5731137232845986,5
4,RSVP_first,227,4_9_272,CD,8,0.2847998649070547,0.7152001350929452,5
4,RSVP_first,228,4_9_273,CD,8,0.23012238345720695,0.7698776165427931,5
4,RSVP_first,229,4_9_274,VD,8,0.28276660640782014,0.71723339359218,3
4,RSVP_first,230,4_9_275,CD,8,0.27854519710661,0.7214548028933899,5
4,RSVP_first,231,4_9_276,VD,8,0.15908414682780286,0.8409158531721972,4
4,RSVP_first,232,4_9_277,CD,8,0.28300077575623506,0.7169992242437649,5
4,RSVP_first,233,4_9_278,CD,8,0.10217688394272492,0.897823116057275,4
4,RSVP_first,235,4_9_280,VD,8,0.1003940183959138,0.8996059816040862,4
4,RSVP_first,236,4_9_281,VD,8,0.21890402185042301,0.781095978149577,5
4,RSVP_first,237,4_9_282,VD,8,0.09851496154005142,0.9014850384599487,4
4,RSVP_first,238,4_9_283,CD,8,0.5537500318054607,0.4462499681945392,2
4,RSVP_first,239,4_9_284,CD,8,0.5113632473051091,0.488636752694891,2
4,RSVP_first,240,4_9_285,CD,8,0.36227366256270405,0.6377263374372961,4
4,RSVP_first,241,4_9_286,VD,8,0.2925745693651926,0.7074254306348073,4
4,RSVP_first,242,4_9_287,VD,8,0.5890735261447659,0.4109264738552341,3
4,RSVP_first,243,4_9_288,VD,8,0.10063625292920282,0.8993637470707971,4
5,VST_first,1,5_2_33,CD,1,0.7085872299223744,0.2914127700776255,3
5,VST_first,2,5_2_35,VD,1,0.10236698312957468,0.8976330168704253,4
5,VST_first,3,5_2_36,VD,1,0.3234128421761754,0.6765871578238246,4
5,VST_first,5,5_2_38,CD,1,0.5146213042955881,0.48537869570441194,2
5,VST_first,6,5_2_39,CD,1,0.10507715202580648,0.8949228479741935,4
5,VST_first,7,5_2_40,VD,1,0.13124459838763242,0.8687554016123675,4
5,VST_first,8,5_2_41,VD,1,0.09721265981144438,0.9027873401885556,4
5,VST_first,9,5_2_43,VD,1,0.3965906187778056,0.6034093812221943,3
5,VST_first,12,5_2_46,VD,1,0.5139463903499893,0.4860536096500106,2
5,VST_first,13,5_2_47,CD,1,0.09785492963801043,0.9021450703619895,4
5,VST_first,14,5_2_48,VD,1,0.3824652020729661,0.6175347979270339,3
5,VST_first,15,5_2_49,VD,1,0.3904140187965254,0.6095859812034747,3
5,VST_first,16,5_2_52,CD,1,0.11858603687676987,0.8814139631232301,4
5,VST_first,18,5_2_54,CD,1,0.3364399748364966,0.6635600251635034,4
5,VST_first,19,5_2_55,CD,1,0.5150933647198388,0.48490663528016115,2
5,VST_first,20,5_2_56,VD,1,0.5174870786765591,0.48251292132344087,2
5,VST_first,21,5_2_57,CD,1,0.10974395776831833,0.8902560422316818,4
5,VST_first,22,5_2_58,CD,1,0.09881542224120143,0.9011845777587986,4
5,VST_first,23,5_2_59,VD,1,0.10584232048546191,0.8941576795145381,4
5,VST_first,24,5_2_60,CD,1,0.3196418645617045,0.6803581354382955,4
5,VST_first,25,5_2_61,VD,1,0.10032006718538339,0.8996799328146166,4
5,VST_first,26,5_2_62,CD,1,0.11912923111775713,0.8808707688822429,3
5,VST_first,27,5_2_63,VD,1,0.3173777566641247,0.6826222433358753,4
5,VST_first,28,5_2_64,CD,1,0.38683376758246796,0.613166232417532,3
5,VST_first,29,5_3_65,VD,2,0.32185262912741436,0.6781473708725857,4
5,VST_first,31,5_3_67,CD,2,0.333352053073767,0.666647946926233,4
5,VST_first,32,5_3_68,CD,2,0.12332950126579015,0.8766704987342099,4
5,VST_first,33,5_3_69,VD,2,0.5195400451995655,0.4804599548004344,2
5,VST_first,35,5_3_72,VD,2,0.32033067174881313,0.6796693282511869,4
5,VST_first,36,5_3_73,CD,2,0.09838038108568602,0.901619618914314,4
5,VST_first,37,5_3_74,VD,2,0.10759883588593322,0.8924011641140668,4
5,VST_first,38,5_3_75,CD,2,0.32907013568581944,0.6709298643141806,4
5,VST_first,39,5_3_76,VD,2,0.0967282437958186,0.9032717562041814,4
5,VST_first,40,5_3_77,VD,2,0.5142432057171187,0.48575679428288143,2
5,VST_first,41,5_3_78,CD,2,0.13206885992449588,0.8679311400755041,4
5,VST_first,42,5_3_79,VD,2,0.1290170556521044,0.8709829443478956,4
5,VST_first,43,5_3_80,VD,2,0.09181118758946362,0.9081888124105364,3
5,VST_first,44,5_3_81,VD,2,0.39378697359734466,0.6062130264026553,3
5,VST_first,45,5_3_82,CD,2,0.4042812602421782,0.5957187397578219,4
5,VST_first,46,5_3_83,CD,2,0.10516964823511385,0.8948303517648861,4
5,VST_first,47,5_3_84,CD,2,0.41098412753838043,0.5890158724616196,4
5,VST_first,49,5_3_86,CD,2,0.5143759787237827,0.4856240212762173,2
5,VST_first,50,5_3_87,VD,2,0.3825463136250196,0.6174536863749804,3
5,VST_first,51,5_3_88,VD,2,0.1362075232804607,0.8637924767195393,4
5,VST_first,52,5_3_89,VD,2,0.32926005526789176,0.6707399447321083,4
5,VST_first,54,5_3_91,VD,2,0.3910882339451972,0.6089117660548029,3
5,VST_first,55,5_3_92,CD,2,0.09853750928769849,0.9014624907123014,4
5,VST_first,56,5_3_93,CD,2,0.5145053708702474,0.48549462912975266,2
5,VST_first,57,5_3_95,VD,2,0.18884651621420145,0.8111534837857985,3
5,VST_first,58,5_3_96,CD,2,0.11592402395574421,0.8840759760442558,3
5,VST_first,59,5_4_97,CD,3,0.3279248399192958,0.6720751600807042,4
5,VST_first,60,5_4_98,VD,3,0.38804369775121617,0.6119563022487838,3
5,VST_first,61,5_4_99,VD,3,0.13135209442853946,0.8686479055714605,4
5,VST_first,62,5_4_100,CD,3,0.10217449155369315,0.8978255084463068,4
5,VST_first,63,5_4_101,VD,3,0.5211501890756763,0.47884981092432366,2
5,VST_first,64,5_4_102,CD,3,0.11505402080184153,0.8849459791981584,4
5,VST_first,66,5_4_104,CD,3,0.3744422588930696,0.6255577411069304,3
5,VST_first,67,5_4_105,VD,3,0.27072721656386406,0.729272783436136,3
5,VST_first,68,5_4_106,VD,3,0.517573493272362,0.4824265067276379,2
5,VST_first,69,5_4_107,VD,3,0.10280345250699602,0.8971965474930039,4
5,VST_first,70,5_4_108,CD,3,0.3685384664691291,0.6314615335308709,3
5,VST_first,71,5_4_110,VD,3,0.09633974740723708,0.903660252592763,3
5,VST_first,72,5_4_111,CD,3,0.38373123758882927,0.6162687624111708,3
5,VST_first,74,5_4_113,CD,3,0.5165795435516989,0.4834204564483012,2
5,VST_first,75,5_4_115,VD,3,0.38209200531359894,0.6179079946864011,3
5,VST_first,76,5_4_116,CD,3,0.10526173708359252,0.8947382629164075,4
5,VST_first,77,5_4_117,CD,3,0.11936454016009727,0.8806354598399028,4
5,VST_first,78,5_4_118,VD,3,0.3356171546003044,0.6643828453996956,3
5,VST_first,79,5_4_119,CD,3,0.525911715990919,0.474088284009081,2
5,VST_first,80,5_4_120,VD,3,0.3363468597457402,0.6636531402542598,4
5,VST_first,81,5_4_121,VD,3,0.09712374201050375,0.9028762579894963,4
5,VST_first,82,5_4_122,CD,3,0.3189702679288079,0.6810297320711921,4
5,VST_first,85,5_4_125,VD,3,0.10769206686635077,0.8923079331336492,4
5,VST_first,86,5_4_126,VD,3,0.11266913719543317,0.8873308628045669,4
5,VST_first,87,5_4_127,CD,3,0.39849767971901595,0.601502320280984,3
5,VST_first,88,5_4_128,CD,3,0.272394922476782,0.727605077523218,3
5,VST_first,89,5_5_129,VD,4,0.10255218211726498,0.8974478178827351,4
5,VST_first,90,5_5_130,VD,4,0.10929467612749533,0.8907053238725047,4
5,VST_first,91,5_5_131,CD,4,0.24203919382103503,0.7579608061789649,3
5,VST_first,92,5_5_132,CD,4,0.10519452681333508,0.8948054731866649,4
5,VST_first,93,5_5_133,CD,4,0.5142154523071886,0.48578454769281143,2
5,VST_first,94,5_5_134,VD,4,0.10911833878881365,0.8908816612111864,4
5,VST_first,95,5_5_135,CD,4,0.5146939885707045,0.48530601142929547,2
5,VST_first,96,5_5_136,CD,4,0.3880037275257076,0.6119962724742923,3
5,VST_first,98,5_5_138,CD,4,0.09815167120463641,0.9018483287953636,4
5,VST_first,99,5_5_139,VD,4,0.32357335361300255,0.6764266463869975,4
5,VST_first,100,5_5_140,VD,4,0.3826415626339277,0.6173584373660723,3
5,VST_first,101,5_5_141,CD,4,0.32064459930504874,0.6793554006949513,4
5,VST_first,103,5_5_143,VD,4,0.10578526087053759,0.8942147391294624,4
5,VST_first,104,5_5_144,VD,4,0.3784108033680812,0.6215891966319187,3
5,VST_first,105,5_5_146,VD,4,0.5419491576001128,0.4580508423998873,2
5,VST_first,106,5_5_147,CD,4,0.11333310350896589,0.886666896491034,4
5,VST_first,107,5_5_148,CD,4,0.0996482714949126,0.9003517285050874,4
5,VST_first,109,5_5_150,VD,4,0.3559390386046925,0.6440609613953074,3
5,VST_first,110,5_5_151,CD,4,0.3181317821072921,0.6818682178927079,4
5,VST_first,111,5_5_152,VD,4,0.10513329201355967,0.8948667079864403,4
5,VST_first,112,5_5_153,VD,4,0.5151683223299425,0.4848316776700575,2
5,VST_first,113,5_5_154,CD,4,0.15038923019829226,0.8496107698017077,4
5,VST_first,114,5_5_155,CD,4,0.11297470643535605,0.8870252935646439,4
5,VST_first,115,5_5_156,VD,4,0.393532181748392,0.606467818251608,3
5,VST_first,116,5_5_157,CD,4,0.2264401416395347,0.7735598583604654,4
5,VST_first,117,5_5_158,CD,4,0.3855951927208456,0.6144048072791544,3
5,VST_first,119,5_6_161,CD,5,0.37858277189574757,0.6214172281042524,3
5,VST_first,120,5_6_162,CD,5,0.3826948719041648,0.6173051280958353,3
5,VST_first,122,5_6_164,VD,5,0.34138373595991356,0.6586162640400864,3
5,VST_first,123,5_6_165,VD,5,0.10462458145784204,0.895375418542158,4
5,VST_first,124,5_6_166,VD,5,0.3891073513875237,0.6108926486124763,3
5,VST_first,125,5_6_167,CD,5,0.2893079913719732,0.7106920086280268,3
5,VST_first,126,5_6_168,CD,5,0.2730301038194882,0.7269698961805118,5
5,VST_first,128,5_6_170,VD,5,0.39051562132207,0.60948437867793,3
5,VST_first,129,5_6_171,CD,5,0.10049608251002073,0.8995039174899793,4
5,VST_first,130,5_6_173,CD,5,0.5151798071594968,0.4848201928405031,2
5,VST_first,131,5_6_174,CD,5,0.9999998465996449,1.5340035504001926e-7,2
5,VST_first,132,5_6_175,CD,5,0.11013464899656561,0.8898653510034343,3
5,VST_first,133,5_6_176,CD,5,0.38326190751534717,0.6167380924846528,3
5,VST_first,134,5_6_177,VD,5,0.9346367290573905,0.06536327094260955,2
5,VST_first,135,5_6_178,CD,5,0.38504397928152073,0.6149560207184792,3
5,VST_first,136,5_6_179,VD,5,0.1810148131460169,0.8189851868539831,3
5,VST_first,137,5_6_180,CD,5,0.10784476347281885,0.8921552365271811,4
5,VST_first,138,5_6_181,VD,5,0.10916646504325092,0.8908335349567491,4
5,VST_first,139,5_6_182,VD,5,0.5139072028708299,0.4860927971291701,2
5,VST_first,140,5_6_183,VD,5,0.14223267086695085,0.8577673291330492,4
5,VST_first,141,5_6_185,VD,5,0.38277669404384,0.61722330595616,3
5,VST_first,142,5_6_186,VD,5,0.40526367769572375,0.5947363223042762,3
5,VST_first,143,5_6_187,VD,5,0.09880373700951364,0.9011962629904864,4
5,VST_first,144,5_6_188,CD,5,0.10120482840301469,0.8987951715969853,4
5,VST_first,145,5_6_189,CD,5,0.31688901168095496,0.683110988319045,4
5,VST_first,147,5_6_191,VD,5,0.320849810177428,0.679150189822572,4
5,VST_first,148,5_6_192,VD,5,0.108024758467098,0.891975241532902,4
5,VST_first,150,5_7_194,CD,6,0.5232696892921496,0.4767303107078504,2
5,VST_first,151,5_7_195,VD,6,0.5188901908263122,0.48110980917368784,2
5,VST_first,152,5_7_196,CD,6,0.5174870786765591,0.48251292132344087,2
5,VST_first,153,5_7_197,CD,6,0.158729814433722,0.8412701855662781,4
5,VST_first,154,5_7_198,VD,6,0.10988165429371156,0.8901183457062884,4
5,VST_first,155,5_7_199,CD,6,0.1077383978711241,0.892261602128876,4
5,VST_first,157,5_7_201,CD,6,0.3848293719448007,0.6151706280551993,3
5,VST_first,158,5_7_202,VD,6,0.3572458707168298,0.6427541292831702,4
5,VST_first,159,5_7_203,CD,6,0.16351337933381854,0.8364866206661815,3
5,VST_first,160,5_7_204,CD,6,0.3194911455740033,0.6805088544259967,4
5,VST_first,161,5_7_205,VD,6,0.5246366790919409,0.4753633209080591,2
5,VST_first,162,5_7_206,CD,6,0.1080667765946118,0.8919332234053883,4
5,VST_first,163,5_7_207,VD,6,0.31899762554254835,0.6810023744574516,4
5,VST_first,164,5_7_210,VD,6,0.3919652993426203,0.6080347006573796,3
5,VST_first,165,5_7_211,CD,6,0.11649801487514408,0.8835019851248559,4
5,VST_first,166,5_7_212,VD,6,0.3945857110963245,0.6054142889036754,3
5,VST_first,167,5_7_213,CD,6,0.1624678303301339,0.8375321696698661,4
5,VST_first,168,5_7_214,VD,6,0.45704038255926893,0.5429596174407311,4
5,VST_first,169,5_7_215,CD,6,0.3247990154594008,0.6752009845405993,4
5,VST_first,170,5_7_216,VD,6,0.09786502474345833,0.9021349752565416,4
5,VST_first,171,5_7_217,VD,6,0.09705724314266662,0.9029427568573334,4
5,VST_first,172,5_7_218,VD,6,0.2535521570150804,0.7464478429849196,3
5,VST_first,173,5_7_219,CD,6,0.5609404994359215,0.4390595005640785,2
5,VST_first,174,5_7_220,CD,6,0.3827624721661917,0.6172375278338083,3
5,VST_first,176,5_7_222,VD,6,0.11829705073538847,0.8817029492646116,3
5,VST_first,178,5_7_224,VD,6,0.3470418141737546,0.6529581858262454,3
5,VST_first,179,5_8_226,CD,7,0.5338821368441846,0.4661178631558154,4
5,VST_first,180,5_8_227,VD,7,0.3845642593039384,0.6154357406960616,3
5,VST_first,181,5_8_228,CD,7,0.18133232912150155,0.8186676708784985,4
5,VST_first,182,5_8_229,CD,7,0.3767997587965567,0.6232002412034432,3
5,VST_first,183,5_8_230,CD,7,0.6597667872170602,0.34023321278293983,3
5,VST_first,184,5_8_231,VD,7,0.11121016833294317,0.8887898316670568,4
5,VST_first,185,5_8_232,CD,7,0.3430837303553017,0.6569162696446984,3
5,VST_first,186,5_8_233,CD,7,0.10076854651663959,0.8992314534833604,4
5,VST_first,187,5_8_234,VD,7,0.3802905197400208,0.6197094802599792,3
5,VST_first,188,5_8_235,CD,7,0.24367509529927125,0.7563249047007288,3
5,VST_first,189,5_8_236,VD,7,0.5211435143424554,0.4788564856575446,2
5,VST_first,190,5_8_237,VD,7,0.32031406382052763,0.6796859361794724,4
5,VST_first,191,5_8_238,CD,7,0.10102678991067955,0.8989732100893204,4
5,VST_first,193,5_8_241,CD,7,0.09748397783217903,0.902516022167821,4
5,VST_first,194,5_8_242,VD,7,0.12015835059904512,0.8798416494009549,4
5,VST_first,195,5_8_243,VD,7,0.2691794007008357,0.7308205992991643,3
5,VST_first,198,5_8_246,CD,7,0.09801888789087015,0.9019811121091299,4
5,VST_first,199,5_8_247,VD,7,0.15589102790972817,0.8441089720902718,4
5,VST_first,200,5_8_248,CD,7,0.5139345507308902,0.4860654492691097,2
5,VST_first,201,5_8_249,VD,7,0.5216554947996879,0.4783445052003121,2
5,VST_first,203,5_8_251,VD,7,0.4201553934926163,0.5798446065073837,3
5,VST_first,204,5_8_252,VD,7,0.1811078981319869,0.8188921018680131,4
5,VST_first,205,5_8_253,VD,7,0.18965828181389924,0.8103417181861008,3
5,VST_first,206,5_8_254,VD,7,0.10749220153594743,0.8925077984640526,4
5,VST_first,207,5_8_255,CD,7,0.14265309671119675,0.8573469032888033,3
5,VST_first,208,5_8_256,VD,7,0.5825225704203134,0.4174774295796866,2
5,VST_first,209,5_9_258,CD,8,0.10224657316934524,0.8977534268306547,3
5,VST_first,210,5_9_259,VD,8,0.39240135251377195,0.6075986474862279,3
5,VST_first,211,5_9_260,VD,8,0.11270251843834711,0.8872974815616528,4
5,VST_first,212,5_9_261,CD,8,0.1271850374200173,0.8728149625799827,4
5,VST_first,213,5_9_262,CD,8,0.4974129854184861,0.5025870145815139,3
5,VST_first,214,5_9_263,CD,8,0.22115447816780684,0.7788455218321931,3
5,VST_first,215,5_9_264,VD,8,0.1281510665268551,0.8718489334731448,3
5,VST_first,217,5_9_266,CD,8,0.12384668711936941,0.8761533128806306,3
5,VST_first,218,5_9_267,CD,8,0.5169029994153532,0.4830970005846468,2
5,VST_first,219,5_9_268,VD,8,0.14489455002600318,0.8551054499739968,3
5,VST_first,220,5_9_269,CD,8,0.11681687720450518,0.8831831227954948,3
5,VST_first,221,5_9_271,VD,8,0.5159435673658215,0.48405643263417847,2
5,VST_first,222,5_9_272,VD,8,0.3826933145497558,0.6173066854502443,3
5,VST_first,223,5_9_273,VD,8,0.3859246648101037,0.6140753351898963,3
5,VST_first,224,5_9_274,VD,8,0.3824843772347156,0.6175156227652844,3
5,VST_first,225,5_9_275,CD,8,0.5510099199224736,0.44899008007752644,3
5,VST_first,226,5_9_276,CD,8,0.103422868280965,0.896577131719035,4
5,VST_first,227,5_9_277,CD,8,0.33025471136954443,0.6697452886304556,4
5,VST_first,228,5_9_278,VD,8,0.30528208300626547,0.6947179169937345,4
5,VST_first,229,5_9_279,VD,8,0.5143140658479859,0.4856859341520141,2
5,VST_first,230,5_9_280,CD,8,0.3507246344116432,0.6492753655883567,3
5,VST_first,231,5_9_282,CD,8,0.32064399413220385,0.6793560058677961,4
5,VST_first,232,5_9_283,VD,8,0.12438069672648061,0.8756193032735193,3
5,VST_first,233,5_9_284,CD,8,0.3889342394400011,0.611065760559999,3
5,VST_first,234,5_9_285,VD,8,0.3782223688779567,0.6217776311220433,3
5,VST_first,237,5_9_288,CD,8,0.38614615848295764,0.6138538415170424,3
6,RSVP_first,1,6_2_33,VD,1,0.5363248166731083,0.4636751833268917,4
6,RSVP_first,2,6_2_34,VD,1,0.10565824752298283,0.8943417524770172,4
6,RSVP_first,3,6_2_35,VD,1,0.32462340740873263,0.6753765925912674,4
6,RSVP_first,4,6_2_36,VD,1,0.10566464940419752,0.8943353505958025,4
6,RSVP_first,5,6_2_37,CD,1,0.25706623753359115,0.7429337624664089,5
6,RSVP_first,7,6_2_39,VD,1,0.455122538473679,0.544877461526321,5
6,RSVP_first,8,6_2_40,VD,1,0.3851217218659597,0.6148782781340403,3
6,RSVP_first,10,6_2_42,VD,1,0.2834231395840248,0.7165768604159752,5
6,RSVP_first,11,6_2_43,CD,1,0.5890550284773112,0.41094497152268883,4
6,RSVP_first,12,6_2_44,VD,1,0.4021879281431687,0.5978120718568313,5
6,RSVP_first,13,6_2_45,VD,1,0.4460172371685441,0.5539827628314559,5
6,RSVP_first,14,6_2_46,VD,1,0.12768361534978015,0.8723163846502199,3
6,RSVP_first,15,6_2_47,VD,1,0.33148373295691835,0.6685162670430816,4
6,RSVP_first,16,6_2_48,CD,1,0.1252607037771587,0.8747392962228413,3
6,RSVP_first,18,6_2_50,VD,1,0.21089987603432778,0.7891001239656722,5
6,RSVP_first,20,6_2_52,VD,1,0.11445402365597204,0.885545976344028,4
6,RSVP_first,21,6_2_53,CD,1,0.38553629099497566,0.6144637090050243,3
6,RSVP_first,22,6_2_54,CD,1,0.3363074248125208,0.6636925751874792,4
6,RSVP_first,23,6_2_55,VD,1,0.32615382349314403,0.6738461765068559,4
6,RSVP_first,24,6_2_56,CD,1,0.3398652212154571,0.6601347787845429,5
6,RSVP_first,25,6_2_57,CD,1,0.239509499441785,0.760490500558215,5
6,RSVP_first,26,6_2_58,CD,1,0.42401714460476736,0.5759828553952326,5
6,RSVP_first,27,6_2_59,CD,1,0.2826705869267082,0.7173294130732918,5
6,RSVP_first,28,6_2_60,VD,1,0.10458946239417516,0.8954105376058248,4
6,RSVP_first,29,6_2_62,CD,1,0.5255032710638179,0.4744967289361821,4
6,RSVP_first,30,6_2_63,CD,1,0.4125028692193843,0.5874971307806157,3
6,RSVP_first,31,6_2_64,CD,1,0.5180743235472342,0.4819256764527659,2
6,RSVP_first,32,6_3_65,CD,2,0.47849481227071516,0.5215051877292848,5
6,RSVP_first,33,6_3_66,CD,2,0.3184519395805135,0.6815480604194866,4
6,RSVP_first,34,6_3_67,CD,2,0.10167762811926881,0.8983223718807313,3
6,RSVP_first,35,6_3_68,CD,2,0.16881420943175263,0.8311857905682474,4
6,RSVP_first,36,6_3_69,VD,2,0.5018256946406601,0.49817430535934,5
6,RSVP_first,38,6_3_71,CD,2,0.1406982152449199,0.8593017847550801,3
6,RSVP_first,39,6_3_72,CD,2,0.38568729728713863,0.6143127027128614,3
6,RSVP_first,40,6_3_73,VD,2,0.3490838225552145,0.6509161774447856,4
6,RSVP_first,42,6_3_75,VD,2,0.4315091536874772,0.5684908463125227,2
6,RSVP_first,43,6_3_76,VD,2,0.10130921675858742,0.8986907832414126,3
6,RSVP_first,44,6_3_78,CD,2,0.543981687226797,0.45601831277320315,4
6,RSVP_first,46,6_3_80,VD,2,0.3155332626437991,0.6844667373562009,4
6,RSVP_first,47,6_3_81,CD,2,0.32913579287537786,0.670864207124622,4
6,RSVP_first,48,6_3_82,VD,2,0.3628952850120041,0.6371047149879959,4
6,RSVP_first,49,6_3_83,VD,2,0.30025702593963455,0.6997429740603653,3
6,RSVP_first,50,6_3_84,VD,2,0.14619303228246736,0.8538069677175326,4
6,RSVP_first,51,6_3_85,VD,2,0.26339722349386085,0.7366027765061391,3
6,RSVP_first,52,6_3_86,CD,2,0.16399300504757777,0.8360069949524223,3
6,RSVP_first,53,6_3_88,CD,2,0.5873067181268374,0.41269328187316257,4
6,RSVP_first,54,6_3_89,CD,2,0.20813606089462858,0.7918639391053715,4
6,RSVP_first,55,6_3_90,VD,2,0.40996910468304615,0.5900308953169537,6
6,RSVP_first,57,6_3_92,VD,2,0.38072020349942115,0.6192797965005788,5
6,RSVP_first,58,6_3_93,VD,2,0.3202170462360999,0.6797829537639,4
6,RSVP_first,59,6_3_95,CD,2,0.5004767745924574,0.49952322540754257,5
6,RSVP_first,60,6_3_96,CD,2,0.5193835139378327,0.4806164860621674,2
6,RSVP_first,61,6_4_97,CD,3,0.31916265527179905,0.680837344728201,4
6,RSVP_first,62,6_4_98,VD,3,0.10949499679258778,0.8905050032074122,3
6,RSVP_first,63,6_4_99,CD,3,0.5141066122915907,0.48589338770840934,2
6,RSVP_first,64,6_4_100,CD,3,0.10004586900152232,0.8999541309984777,4
6,RSVP_first,65,6_4_101,VD,3,0.35823596343379077,0.6417640365662093,5
6,RSVP_first,67,6_4_103,VD,3,0.11944643088990935,0.8805535691100906,4
6,RSVP_first,70,6_4_106,VD,3,0.5842787283712606,0.41572127162873934,4
6,RSVP_first,71,6_4_107,VD,3,0.43305759063736043,0.5669424093626396,5
6,RSVP_first,72,6_4_108,VD,3,0.18950161687064188,0.8104983831293582,4
6,RSVP_first,73,6_4_109,CD,3,0.5180743235472342,0.4819256764527659,2
6,RSVP_first,75,6_4_111,VD,3,0.5188901908263122,0.48110980917368784,2
6,RSVP_first,76,6_4_112,CD,3,0.31081767857551784,0.6891823214244821,5
6,RSVP_first,77,6_4_113,VD,3,0.15715207366675873,0.8428479263332412,4
6,RSVP_first,78,6_4_114,CD,3,0.3868380684040687,0.6131619315959314,4
6,RSVP_first,79,6_4_115,CD,3,0.10859264077061827,0.8914073592293817,4
6,RSVP_first,80,6_4_116,CD,3,0.12144616440286521,0.8785538355971348,3
6,RSVP_first,81,6_4_117,VD,3,0.38654542483452997,0.6134545751654701,3
6,RSVP_first,82,6_4_118,VD,3,0.09871371194512164,0.9012862880548783,4
6,RSVP_first,83,6_4_119,CD,3,0.14219929767380354,0.8578007023261964,3
6,RSVP_first,84,6_4_120,CD,3,0.10533726029961499,0.894662739700385,4
6,RSVP_first,85,6_4_121,VD,3,0.1219484801473041,0.8780515198526959,3
6,RSVP_first,86,6_4_122,VD,3,0.3885452407263422,0.6114547592736578,3
6,RSVP_first,87,6_4_123,VD,3,0.13323175395084316,0.8667682460491568,3
6,RSVP_first,88,6_4_124,VD,3,0.40594388875072906,0.5940561112492709,3
6,RSVP_first,89,6_4_125,CD,3,0.5170869975498712,0.48291300245012886,5
6,RSVP_first,90,6_4_127,CD,3,0.38811111796254566,0.6118888820374544,5
6,RSVP_first,91,6_4_128,CD,3,0.33189380308945554,0.6681061969105444,4
6,RSVP_first,92,6_5_129,CD,4,0.5126954259961077,0.48730457400389227,4
6,RSVP_first,93,6_5_130,CD,4,0.12515257629367688,0.8748474237063231,4
6,RSVP_first,94,6_5_131,CD,4,0.3985370006559401,0.6014629993440599,4
6,RSVP_first,95,6_5_132,CD,4,0.5669287133949018,0.4330712866050981,4
6,RSVP_first,97,6_5_134,CD,4,0.19313427209132888,0.8068657279086711,3
6,RSVP_first,98,6_5_135,VD,4,0.4453968501290471,0.5546031498709529,4
6,RSVP_first,99,6_5_136,CD,4,0.1440509150698518,0.8559490849301482,4
6,RSVP_first,101,6_5_138,VD,4,0.4272722998172491,0.5727277001827509,3
6,RSVP_first,102,6_5_140,VD,4,0.5851181534985648,0.4148818465014352,4
6,RSVP_first,103,6_5_141,CD,4,0.42055713445744297,0.5794428655425571,5
6,RSVP_first,104,6_5_142,VD,4,0.5238242070352374,0.47617579296476265,2
6,RSVP_first,105,6_5_143,CD,4,0.35451391489683387,0.6454860851031662,4
6,RSVP_first,106,6_5_144,CD,4,0.6623144991440306,0.33768550085596943,4
6,RSVP_first,107,6_5_145,VD,4,0.3907020461669522,0.6092979538330479,3
6,RSVP_first,108,6_5_146,VD,4,0.32768574453209154,0.6723142554679085,4
6,RSVP_first,109,6_5_147,VD,4,0.33614262391457134,0.6638573760854286,4
6,RSVP_first,111,6_5_149,CD,4,0.3758429223013406,0.6241570776986594,3
6,RSVP_first,112,6_5_151,CD,4,0.7678251851348437,0.23217481486515623,2
6,RSVP_first,114,6_5_153,CD,4,0.5216554947996879,0.4783445052003121,2
6,RSVP_first,115,6_5_154,VD,4,0.3477396743990367,0.6522603256009634,5
6,RSVP_first,116,6_5_155,CD,4,0.4857991694744113,0.5142008305255887,4
6,RSVP_first,117,6_5_156,VD,4,0.21511161493484146,0.7848883850651586,2
6,RSVP_first,118,6_5_157,VD,4,0.10740033741552027,0.8925996625844798,4
6,RSVP_first,119,6_5_158,VD,4,0.10445408207791827,0.8955459179220817,4
6,RSVP_first,120,6_5_159,VD,4,0.3921506781379864,0.6078493218620136,3
6,RSVP_first,121,6_5_160,VD,4,0.5829326511235837,0.41706734887641633,3
6,RSVP_first,122,6_6_161,CD,5,0.3855490214677161,0.614450978532284,3
6,RSVP_first,123,6_6_162,CD,5,0.1113824986773162,0.8886175013226838,4
6,RSVP_first,124,6_6_163,CD,5,0.09358672262347024,0.9064132773765298,3
6,RSVP_first,125,6_6_164,VD,5,0.1256016428287565,0.8743983571712435,4
6,RSVP_first,126,6_6_165,VD,5,0.6820746995374516,0.31792530046254847,3
6,RSVP_first,127,6_6_166,VD,5,0.14934370918228124,0.8506562908177188,4
6,RSVP_first,128,6_6_167,VD,5,0.4810511086602718,0.5189488913397282,3
6,RSVP_first,129,6_6_168,CD,5,0.09953612555335813,0.9004638744466419,3
6,RSVP_first,130,6_6_169,VD,5,0.5141066122915907,0.48589338770840934,2
6,RSVP_first,131,6_6_170,VD,5,0.4015725631229579,0.598427436877042,3
6,RSVP_first,134,6_6_173,VD,5,0.10634624306275164,0.8936537569372484,3
6,RSVP_first,136,6_6_175,CD,5,0.40651331232041554,0.5934866876795845,3
6,RSVP_first,137,6_6_176,VD,5,0.4519450509875685,0.5480549490124315,5
6,RSVP_first,138,6_6_177,CD,5,0.4830005272303903,0.5169994727696098,6
6,RSVP_first,139,6_6_178,CD,5,0.38013395365744856,0.6198660463425515,3
6,RSVP_first,140,6_6_179,CD,5,0.45827502153539973,0.5417249784646003,4
6,RSVP_first,141,6_6_180,CD,5,0.1947039211958207,0.8052960788041793,4
6,RSVP_first,143,6_6_182,VD,5,0.23775877519306313,0.7622412248069368,4
6,RSVP_first,144,6_6_183,VD,5,0.5761255474639496,0.4238744525360504,4
6,RSVP_first,145,6_6_184,VD,5,0.13436344807718348,0.8656365519228164,4
6,RSVP_first,146,6_6_185,CD,5,0.11621024649209878,0.8837897535079012,4
6,RSVP_first,147,6_6_186,CD,5,0.3393102217784163,0.6606897782215837,5
6,RSVP_first,148,6_6_187,CD,5,0.10124879037083909,0.8987512096291609,3
6,RSVP_first,149,6_6_188,VD,5,0.3791246082571856,0.6208753917428145,5
6,RSVP_first,150,6_6_189,CD,5,0.4176631744661532,0.5823368255338469,5
6,RSVP_first,151,6_6_190,CD,5,0.41325307676749534,0.5867469232325047,6
6,RSVP_first,152,6_6_191,VD,5,0.3566098869465672,0.6433901130534329,4
6,RSVP_first,153,6_6_192,VD,5,0.5397855319703571,0.46021446802964294,4
6,RSVP_first,155,6_7_194,CD,6,0.3325543710416232,0.6674456289583768,4
6,RSVP_first,156,6_7_195,VD,6,0.3906633810504779,0.6093366189495222,3
6,RSVP_first,157,6_7_196,VD,6,0.3266657399736982,0.6733342600263018,4
6,RSVP_first,158,6_7_197,CD,6,0.10498548006790395,0.8950145199320961,3
6,RSVP_first,160,6_7_200,CD,6,0.30057101232392214,0.6994289876760779,4
6,RSVP_first,161,6_7_201,VD,6,0.505280871200894,0.4947191287991059,5
6,RSVP_first,162,6_7_202,VD,6,0.3811546142673463,0.6188453857326537,4
6,RSVP_first,163,6_7_203,CD,6,0.3479523460456036,0.6520476539543965,4
6,RSVP_first,164,6_7_204,VD,6,0.364703670399149,0.6352963296008509,4
6,RSVP_first,165,6_7_205,CD,6,0.5156678928186312,0.48433210718136877,2
6,RSVP_first,166,6_7_206,VD,6,0.30243841539305993,0.6975615846069401,5
6,RSVP_first,167,6_7_207,VD,6,0.3854661730109338,0.6145338269890662,3
6,RSVP_first,168,6_7_208,CD,6,0.11528188289434063,0.8847181171056593,4
6,RSVP_first,169,6_7_209,CD,6,0.09776264281171682,0.9022373571882831,4
6,RSVP_first,170,6_7_210,CD,6,0.5171839782103376,0.4828160217896625,2
6,RSVP_first,171,6_7_211,VD,6,0.5125525596497412,0.48744744035025883,5
6,RSVP_first,173,6_7_213,VD,6,0.14525582017769723,0.8547441798223028,4
6,RSVP_first,174,6_7_214,CD,6,0.11093159034698866,0.8890684096530113,3
6,RSVP_first,175,6_7_215,VD,6,0.6990921174580176,0.3009078825419825,2
6,RSVP_first,177,6_7_217,VD,6,0.5162409410360242,0.4837590589639757,2
6,RSVP_first,178,6_7_218,CD,6,0.4981958522358338,0.5018041477641662,5
6,RSVP_first,179,6_7_219,CD,6,0.5640798853097254,0.4359201146902746,4
6,RSVP_first,180,6_7_220,CD,6,0.3306971637288515,0.6693028362711485,5
6,RSVP_first,181,6_7_221,CD,6,0.3290777907163419,0.6709222092836581,4
6,RSVP_first,182,6_7_222,VD,6,0.09932960413370558,0.9006703958662944,4
6,RSVP_first,183,6_7_223,VD,6,0.10117730768183555,0.8988226923181645,3
6,RSVP_first,184,6_7_224,CD,6,0.4592587525840451,0.5407412474159549,5
6,RSVP_first,185,6_8_225,CD,7,0.389407154007967,0.610592845992033,3
6,RSVP_first,186,6_8_226,VD,7,0.5135456676112917,0.4864543323887083,5
6,RSVP_first,187,6_8_227,CD,7,0.3125538648497147,0.6874461351502853,5
6,RSVP_first,188,6_8_228,VD,7,0.14412801355062752,0.8558719864493725,4
6,RSVP_first,189,6_8_229,CD,7,0.33980084424622253,0.6601991557537774,5
6,RSVP_first,190,6_8_230,CD,7,0.13015813768366621,0.8698418623163338,3
6,RSVP_first,193,6_8_233,CD,7,0.6058988194518211,0.3941011805481789,4
6,RSVP_first,194,6_8_234,CD,7,0.49597428056331894,0.5040257194366811,5
6,RSVP_first,195,6_8_235,VD,7,0.6782357131591334,0.3217642868408666,3
6,RSVP_first,197,6_8_237,VD,7,0.4825451836651493,0.5174548163348507,6
6,RSVP_first,198,6_8_238,VD,7,0.33600369805304103,0.663996301946959,4
6,RSVP_first,199,6_8_239,VD,7,0.5255756641585518,0.47442433584144816,2
6,RSVP_first,200,6_8_240,CD,7,0.32244885417828995,0.67755114582171,4
6,RSVP_first,201,6_8_241,CD,7,0.33973246491851594,0.6602675350814841,4
6,RSVP_first,202,6_8_242,VD,7,0.30700871320174816,0.6929912867982518,4
6,RSVP_first,203,6_8_243,VD,7,0.10243069331293057,0.8975693066870695,4
6,RSVP_first,204,6_8_244,CD,7,0.5172689486031135,0.4827310513968865,2
6,RSVP_first,205,6_8_245,CD,7,0.20277045678506095,0.797229543214939,4
6,RSVP_first,207,6_8_247,CD,7,0.5200034190025711,0.479996580997429,2
6,RSVP_first,208,6_8_248,VD,7,0.4674321948264236,0.5325678051735764,6
6,RSVP_first,209,6_8_249,CD,7,0.10460067558243716,0.8953993244175629,4
6,RSVP_first,210,6_8_250,CD,7,0.24219390293545678,0.7578060970645432,4
6,RSVP_first,211,6_8_251,VD,7,0.5587131296743894,0.44128687032561065,4
6,RSVP_first,212,6_8_252,CD,7,0.37069893207758275,0.6293010679224172,5
6,RSVP_first,213,6_8_253,VD,7,0.3675802012577193,0.6324197987422806,4
6,RSVP_first,214,6_8_254,VD,7,0.11522827876356728,0.8847717212364328,4
6,RSVP_first,215,6_8_255,VD,7,0.5244670755190625,0.4755329244809375,2
6,RSVP_first,216,6_8_256,VD,7,0.11750539638568182,0.8824946036143182,4
6,RSVP_first,217,6_9_257,CD,8,0.5159435673658215,0.48405643263417847,2
6,RSVP_first,218,6_9_258,CD,8,0.11418616232425394,0.8858138376757461,4
6,RSVP_first,219,6_9_259,CD,8,0.2995828388610635,0.7004171611389365,5
6,RSVP_first,220,6_9_260,VD,8,0.41461263107321905,0.5853873689267809,5
6,RSVP_first,221,6_9_261,CD,8,0.31679421998400514,0.6832057800159949,5
6,RSVP_first,222,6_9_262,VD,8,0.40843887154298614,0.5915611284570139,3
6,RSVP_first,223,6_9_263,CD,8,0.6767252662413364,0.32327473375866356,3
6,RSVP_first,224,6_9_264,VD,8,0.16942460186287234,0.8305753981371278,4
6,RSVP_first,225,6_9_265,CD,8,0.38791520845495325,0.6120847915450468,3
6,RSVP_first,226,6_9_266,CD,8,0.10561212596303682,0.8943878740369631,4
6,RSVP_first,227,6_9_267,CD,8,0.29601220744023915,0.7039877925597608,5
6,RSVP_first,228,6_9_268,VD,8,0.32256476446394733,0.6774352355360527,4
6,RSVP_first,229,6_9_269,CD,8,0.29794586375289717,0.7020541362471028,4
6,RSVP_first,231,6_9_271,CD,8,0.16292022304342987,0.8370797769565701,3
6,RSVP_first,233,6_9_273,VD,8,0.5765120490473993,0.4234879509526007,4
6,RSVP_first,234,6_9_274,VD,8,0.09510930331294051,0.9048906966870595,2
6,RSVP_first,236,6_9_276,VD,8,0.2657467152540066,0.7342532847459933,4
6,RSVP_first,237,6_9_277,VD,8,0.4089739480368427,0.5910260519631573,3
6,RSVP_first,238,6_9_278,CD,8,0.6279614435814292,0.3720385564185708,4
6,RSVP_first,239,6_9_279,VD,8,0.10934269918442661,0.8906573008155734,4
6,RSVP_first,240,6_9_280,VD,8,0.3045651795756231,0.6954348204243769,4
6,RSVP_first,241,6_9_281,CD,8,0.13097179279881127,0.8690282072011887,4
6,RSVP_first,242,6_9_282,CD,8,0.10614653455098916,0.8938534654490108,3
6,RSVP_first,244,6_9_284,VD,8,0.116538982787945,0.88346101721205506,3
6,RSVP_first,245,6_9_285,VD,8,0.5193835139378327,0.4806164860621674,2
6,RSVP_first,246,6_9_286,CD,8,0.0980360814189558,0.9019639185810442,3
6,RSVP_first,248,6_9_288,VD,8,0.5185153963681497,0.48148460363185025,2
7,VST_first,1,7_2_33,VD,1,0.4226952157851328,0.5773047842148672,4
7,VST_first,2,7_2_34,CD,1,0.5423307873719729,0.45766921262802707,4
7,VST_first,4,7_2_36,CD,1,0.5330218334214682,0.46697816657853164,2
7,VST_first,5,7_2_37,CD,1,0.5161608923392826,0.48383910766071736,2
7,VST_first,7,7_2_40,VD,1,0.12041426457920475,0.8795857354207953,3
7,VST_first,8,7_2_41,VD,1,0.3948242678284586,0.6051757321715414,3
7,VST_first,9,7_2_42,CD,1,0.10086983555946342,0.8991301644405366,4
7,VST_first,10,7_2_43,VD,1,0.3498424211825979,0.6501575788174021,4
7,VST_first,12,7_2_45,CD,1,0.10346036917898492,0.8965396308210151,4
7,VST_first,13,7_2_46,VD,1,0.1855621109843562,0.8144378890156437,3
7,VST_first,14,7_2_47,CD,1,0.3032576699941093,0.6967423300058907,3
7,VST_first,15,7_2_49,CD,1,0.12224172110755152,0.8777582788924485,3
7,VST_first,16,7_2_50,VD,1,0.40476726427215165,0.5952327357278483,5
7,VST_first,17,7_2_51,CD,1,0.5140328213632861,0.48596717863671385,2
7,VST_first,18,7_2_52,VD,1,0.17574664122357542,0.8242533587764246,3
7,VST_first,19,7_2_53,VD,1,0.3002766955306163,0.6997233044693837,4
7,VST_first,21,7_2_56,CD,1,0.16300153052714822,0.8369984694728518,4
7,VST_first,22,7_2_57,VD,1,0.9997802837681484,2.1971623185147832e-4,2
7,VST_first,23,7_2_58,VD,1,0.4038537263671703,0.5961462736328298,4
7,VST_first,24,7_2_59,VD,1,0.6144904389164372,0.3855095610835627,2
7,VST_first,25,7_2_60,VD,1,0.40228097183773764,0.5977190281622624,3
7,VST_first,26,7_2_61,VD,1,0.18580879354083485,0.8141912064591652,4
7,VST_first,27,7_2_62,VD,1,0.09863553018040176,0.9013644698195983,4
7,VST_first,28,7_2_63,CD,1,0.5159435673658215,0.48405643263417847,2
7,VST_first,29,7_2_64,CD,1,0.17306618402388294,0.826933815976117,3
7,VST_first,30,7_3_65,CD,2,0.18907595256638107,0.810924047433619,4
7,VST_first,31,7_3_66,CD,2,0.09801368300606954,0.9019863169939304,4
7,VST_first,32,7_3_68,CD,2,0.1285591475872893,0.8714408524127106,3
7,VST_first,33,7_3_71,VD,2,0.31811406193759595,0.6818859380624042,4
7,VST_first,34,7_3_72,VD,2,0.26835464969180717,0.7316453503081929,4
7,VST_first,36,7_3_74,CD,2,0.37760332102164934,0.6223966789783506,5
7,VST_first,37,7_3_75,VD,2,0.32066178906811227,0.6793382109318877,4
7,VST_first,38,7_3_76,CD,2,0.5154134429736363,0.4845865570263636,2
7,VST_first,39,7_3_77,VD,2,0.1327720652749179,0.8672279347250822,4
7,VST_first,42,7_3_80,VD,2,0.3142577124147082,0.6857422875852918,5
7,VST_first,44,7_3_82,CD,2,0.10197882737343456,0.8980211726265654,4
7,VST_first,45,7_3_83,VD,2,0.10192770189352729,0.8980722981064727,4
7,VST_first,46,7_3_84,CD,2,0.3915377200096871,0.6084622799903129,3
7,VST_first,47,7_3_85,CD,2,0.5141109604134417,0.48588903958655827,2
7,VST_first,48,7_3_86,CD,2,0.10015120844476612,0.8998487915552338,4
7,VST_first,49,7_3_87,CD,2,0.38217571947933565,0.6178242805206644,3
7,VST_first,50,7_3_88,VD,2,0.11251813461644919,0.8874818653835509,4
7,VST_first,51,7_3_89,VD,2,0.5140410766652408,0.4859589233347593,2
7,VST_first,52,7_3_90,VD,2,0.3190289094238885,0.6809710905761115,4
7,VST_first,53,7_3_91,VD,2,0.14105812794764397,0.8589418720523561,3
7,VST_first,54,7_3_92,CD,2,0.3572795378367337,0.6427204621632662,3
7,VST_first,55,7_3_93,CD,2,0.12009437002838369,0.8799056299716163,4
7,VST_first,56,7_3_94,VD,2,0.10309079302786128,0.8969092069721387,4
7,VST_first,57,7_3_95,VD,2,0.5174870786765591,0.48251292132344087,2
7,VST_first,58,7_3_96,CD,2,0.10071299118251367,0.8992870088174862,4
7,VST_first,59,7_4_97,VD,3,0.11302069034824869,0.8869793096517513,4
7,VST_first,60,7_4_98,VD,3,0.15152127863450027,0.8484787213654997,4
7,VST_first,61,7_4_99,CD,3,0.5139072028708299,0.4860927971291701,2
7,VST_first,62,7_4_100,VD,3,0.5147005926764545,0.4852994073235455,2
7,VST_first,63,7_4_101,VD,3,0.11130480936142718,0.8886951906385728,4
7,VST_first,64,7_4_102,CD,3,0.39009225656478236,0.6099077434352176,3
7,VST_first,66,7_4_105,CD,3,0.38596861582955555,0.6140313841704444,3
7,VST_first,67,7_4_106,VD,3,0.5139443400733589,0.4860556599266411,2
7,VST_first,68,7_4_107,VD,3,0.26879432439587847,0.7312056756041215,3
7,VST_first,69,7_4_108,VD,3,0.38512979237210854,0.6148702076278915,3
7,VST_first,70,7_4_109,VD,3,0.10897685600061432,0.8910231439993856,4
7,VST_first,71,7_4_110,VD,3,0.11974806672395635,0.8802519332760437,4
7,VST_first,72,7_4_111,CD,3,0.10560956554781904,0.8943904344521809,4
7,VST_first,73,7_4_112,VD,3,0.4115299128096102,0.5884700871903898,3
7,VST_first,74,7_4_113,VD,3,0.09699241846110222,0.9030075815388978,4
7,VST_first,75,7_4_114,CD,3,0.10186126345757902,0.8981387365424209,3
7,VST_first,76,7_4_115,CD,3,0.31958413640785405,0.680415863592146,4
7,VST_first,77,7_4_116,CD,3,0.3831060692835224,0.6168939307164776,3
7,VST_first,78,7_4_118,CD,3,0.10634528521764215,0.8936547147823579,4
7,VST_first,79,7_4_119,VD,3,0.3388196230972461,0.6611803769027538,4
7,VST_first,80,7_4_120,VD,3,0.13896487982699984,0.8610351201730002,3
7,VST_first,81,7_4_122,VD,3,0.3098344739041918,0.6901655260958082,4
7,VST_first,82,7_4_123,CD,3,0.12335497936812193,0.8766450206318781,4
7,VST_first,83,7_4_124,CD,3,0.1284279871948295,0.8715720128051705,4
7,VST_first,84,7_4_125,CD,3,0.11037038308199944,0.8896296169180006,4
7,VST_first,85,7_4_126,CD,3,0.46293382346809,0.53706617653191,3
7,VST_first,87,7_4_128,CD,3,0.31528158424211417,0.6847184157578858,4
7,VST_first,88,7_5_129,VD,4,0.3318773236618293,0.6681226763381707,4
7,VST_first,89,7_5_130,VD,4,0.10042552650258194,0.899574473497418,3
7,VST_first,90,7_5_131,CD,4,0.10418624053368611,0.8958137594663139,4
7,VST_first,91,7_5_132,VD,4,0.4239316491008229,0.5760683508991771,4
7,VST_first,92,7_5_133,VD,4,0.3844080875422645,0.6155919124577355,3
7,VST_first,93,7_5_134,VD,4,0.14147619103360204,0.8585238089663979,3
7,VST_first,94,7_5_135,CD,4,0.3364978176367072,0.6635021823632927,4
7,VST_first,95,7_5_136,VD,4,0.11679255777340047,0.8832074422265995,4
7,VST_first,96,7_5_137,CD,4,0.5139072028708299,0.4860927971291701,2
7,VST_first,97,7_5_138,CD,4,0.5143464270730403,0.4856535729269597,2
7,VST_first,98,7_5_139,CD,4,0.11252114986382623,0.8874788501361738,3
7,VST_first,100,7_5_141,VD,4,0.20367878188927338,0.7963212181107266,4
7,VST_first,101,7_5_142,VD,4,0.38268937753327215,0.6173106224667279,3
7,VST_first,103,7_5_144,CD,4,0.10684717686463344,0.8931528231353666,4
7,VST_first,104,7_5_145,VD,4,0.5140328213632861,0.48596717863671385,2
7,VST_first,105,7_5_146,CD,4,0.31886420607075616,0.6811357939292438,4
7,VST_first,106,7_5_147,CD,4,0.10111712001206052,0.8988828799879395,4
7,VST_first,107,7_5_148,VD,4,0.13009395283576203,0.8699060471642379,4
7,VST_first,108,7_5_149,VD,4,0.32221157185589167,0.6777884281441082,4
7,VST_first,109,7_5_150,CD,4,0.38405137018898766,0.6159486298110123,3
7,VST_first,110,7_5_151,CD,4,0.39617470125688425,0.6038252987431157,3
7,VST_first,111,7_5_152,CD,4,0.11102142379747318,0.8889785762025268,4
7,VST_first,112,7_5_153,VD,4,0.1092476817488369,0.8907523182511631,4
7,VST_first,113,7_5_154,CD,4,0.09809020201477256,0.9019097979852274,4
7,VST_first,115,7_5_156,VD,4,0.5164978493871855,0.4835021506128145,2
7,VST_first,116,7_5_157,VD,4,0.31797781420966625,0.6820221857903337,4
7,VST_first,117,7_5_158,CD,4,0.09821059173777352,0.9017894082622265,4
7,VST_first,118,7_5_159,CD,4,0.10575000367844441,0.8942499963215556,4
7,VST_first,121,7_6_162,VD,5,0.3325871902295561,0.6674128097704439,4
7,VST_first,122,7_6_163,CD,5,0.5361997606196764,0.46380023938032355,3
7,VST_first,123,7_6_164,CD,5,0.3916948549926459,0.6083051450073541,3
7,VST_first,124,7_6_165,CD,5,0.3174527904545449,0.6825472095454551,4
7,VST_first,125,7_6_166,CD,5,0.3846366451307545,0.6153633548692454,3
7,VST_first,127,7_6_168,CD,5,0.09199804771684125,0.9080019522831587,3
7,VST_first,128,7_6_170,VD,5,0.5194443501862793,0.4805556498137206,2
7,VST_first,129,7_6_171,VD,5,0.1071960158923128,0.8928039841076871,4
7,VST_first,130,7_6_172,VD,5,0.10464614127593949,0.8953538587240605,4
7,VST_first,131,7_6_173,CD,5,0.3412483986006334,0.6587516013993667,5
7,VST_first,132,7_6_174,VD,5,0.10062618376657242,0.8993738162334276,4
7,VST_first,133,7_6_175,VD,5,0.12693877281892713,0.8730612271810728,4
7,VST_first,134,7_6_177,CD,5,0.16481997226078277,0.8351800277392173,4
7,VST_first,135,7_6_178,VD,5,0.21671949769334772,0.7832805023066522,4
7,VST_first,136,7_6_179,VD,5,0.5139792976138002,0.4860207023861998,2
7,VST_first,137,7_6_180,CD,5,0.33002247833831566,0.6699775216616843,4
7,VST_first,138,7_6_181,VD,5,0.30994787076056296,0.690052129239437,4
7,VST_first,139,7_6_182,VD,5,0.10564152543155028,0.8943584745684497,4
7,VST_first,141,7_6_184,VD,5,0.1376483245445676,0.8623516754554323,4
7,VST_first,142,7_6_185,VD,5,0.3822222278547228,0.6177777721452772,3
7,VST_first,143,7_6_186,CD,5,0.3480224560643211,0.651977543935679,4
7,VST_first,144,7_6_187,CD,5,0.5146213042955881,0.48537869570441194,2
7,VST_first,145,7_6_188,CD,5,0.30217864864446325,0.6978213513555368,4
7,VST_first,146,7_6_189,VD,5,0.38824957239936436,0.6117504276006357,3
7,VST_first,147,7_6_190,CD,5,0.5319261166610671,0.46807388333893285,2
7,VST_first,149,7_6_192,CD,5,0.10393123607146389,0.8960687639285361,4
7,VST_first,150,7_7_193,CD,6,0.5433079611421956,0.4566920388578045,4
7,VST_first,151,7_7_194,CD,6,0.2915518801131517,0.7084481198868483,5
7,VST_first,152,7_7_195,CD,6,0.11058700921331485,0.8894129907866851,4
7,VST_first,153,7_7_196,VD,6,0.32037733221943127,0.6796226677805688,4
7,VST_first,154,7_7_197,VD,6,0.3848451028680505,0.6151548971319494,3
7,VST_first,156,7_7_199,VD,6,0.12462311591035326,0.8753768840896468,4
7,VST_first,158,7_7_201,CD,6,0.28848238423709743,0.7115176157629026,3
7,VST_first,159,7_7_202,CD,6,0.13896367109908728,0.8610363289009128,4
7,VST_first,160,7_7_203,VD,6,0.10018206506657704,0.8998179349334229,4
7,VST_first,161,7_7_204,CD,6,0.2906151335859497,0.7093848664140503,5
7,VST_first,162,7_7_205,CD,6,0.5139792976138002,0.4860207023861998,2
7,VST_first,163,7_7_206,VD,6,0.1074817265696516,0.8925182734303483,4
7,VST_first,164,7_7_207,VD,6,0.5181592197741133,0.4818407802258867,2
7,VST_first,165,7_7_208,CD,6,0.10184501751580999,0.89815498248419,4
7,VST_first,167,7_7_210,VD,6,0.10115273996320809,0.8988472600367919,4
7,VST_first,168,7_7_211,VD,6,0.3845100116862802,0.6154899883137198,3
7,VST_first,169,7_7_212,CD,6,0.5139764394798829,0.486023560520117,2
7,VST_first,170,7_7_213,CD,6,0.13721066303540821,0.8627893369645918,4
7,VST_first,171,7_7_214,CD,6,0.3970842594237085,0.6029157405762915,3
7,VST_first,172,7_7_215,CD,6,0.2099655197819683,0.7900344802180317,4
7,VST_first,173,7_7_216,CD,6,0.11093418979520883,0.8890658102047911,3
7,VST_first,174,7_7_217,VD,6,0.10460121966836051,0.8953987803316394,3
7,VST_first,175,7_7_218,VD,6,0.11921691489007322,0.8807830851099268,4
7,VST_first,177,7_7_220,VD,6,0.3167288666123129,0.6832711333876871,4
7,VST_first,178,7_7_221,VD,6,0.290445405214739,0.709554594785261,5
7,VST_first,179,7_7_222,VD,6,0.10415518391556043,0.8958448160844396,4
7,VST_first,180,7_7_223,CD,6,0.32246825125247325,0.6775317487475268,4
7,VST_first,181,7_7_224,VD,6,0.5144335918498427,0.4855664081501573,2
7,VST_first,182,7_8_225,CD,7,0.32913092536420047,0.6708690746357995,4
7,VST_first,184,7_8_227,CD,7,0.11867904594309375,0.8813209540569062,4
7,VST_first,185,7_8_228,CD,7,0.31767750982067067,0.6823224901793294,4
7,VST_first,186,7_8_229,CD,7,0.13215893180993746,0.8678410681900626,4
7,VST_first,187,7_8_230,VD,7,0.11094114013556573,0.8890588598644342,4
7,VST_first,189,7_8_232,VD,7,0.34270636217763784,0.6572936378223622,4
7,VST_first,190,7_8_234,CD,7,0.16771825660448986,0.8322817433955102,4
7,VST_first,191,7_8_235,VD,7,0.13552705608439508,0.8644729439156049,4
7,VST_first,192,7_8_236,VD,7,0.1013481666161937,0.8986518333838063,4
7,VST_first,193,7_8_237,VD,7,0.10517260729969956,0.8948273927003004,3
7,VST_first,194,7_8_238,CD,7,0.385177504094923,0.614822495905077,3
7,VST_first,195,7_8_239,CD,7,0.22033900229253123,0.7796609977074688,4
7,VST_first,196,7_8_240,VD,7,0.09692405709241564,0.9030759429075843,3
7,VST_first,197,7_8_241,CD,7,0.1340020272221521,0.865997972777848,4
7,VST_first,198,7_8_242,CD,7,0.5194443501862793,0.4805556498137206,2
7,VST_first,199,7_8_243,VD,7,0.5140316609805153,0.48596833901948466,2
7,VST_first,200,7_8_244,CD,7,0.3253277430181899,0.6746722569818101,3
7,VST_first,202,7_8_246,VD,7,0.16382181899349732,0.8361781810065027,3
7,VST_first,203,7_8_247,CD,7,0.5141301019086996,0.48586989809130043,2
7,VST_first,205,7_8_249,CD,7,0.10597126445713839,0.8940287355428616,4
7,VST_first,206,7_8_250,VD,7,0.5139463903499893,0.4860536096500106,2
7,VST_first,207,7_8_251,VD,7,0.13031455922578386,0.8696854407742162,3
7,VST_first,208,7_8_252,VD,7,0.10003742979688794,0.8999625702031121,4
7,VST_first,209,7_8_253,CD,7,0.12461811189908964,0.8753818881009103,3
7,VST_first,210,7_8_254,VD,7,0.38279229778935914,0.6172077022106408,3
7,VST_first,211,7_8_255,VD,7,0.3278280397110268,0.6721719602889731,4
7,VST_first,212,7_8_256,CD,7,0.3962308078220592,0.6037691921779408,3
7,VST_first,213,7_9_257,VD,8,0.2918153756018369,0.7081846243981631,3
7,VST_first,214,7_9_258,VD,8,0.10904827132950161,0.8909517286704984,4
7,VST_first,215,7_9_259,CD,8,0.4028939224629996,0.5971060775370003,3
7,VST_first,216,7_9_260,VD,8,0.10686466527683146,0.8931353347231685,4
7,VST_first,217,7_9_261,CD,8,0.10457230457229212,0.8954276954277078,4
7,VST_first,218,7_9_262,VD,8,0.2768446551864352,0.7231553448135648,5
7,VST_first,219,7_9_263,CD,8,0.3197905664452726,0.6802094335547273,4
7,VST_first,220,7_9_264,VD,8,0.41166892360077817,0.5883310763992218,4
7,VST_first,221,7_9_265,CD,8,0.09705149832431206,0.902948501675688,3
7,VST_first,222,7_9_266,CD,8,0.3831183218030065,0.6168816781969936,3
7,VST_first,224,7_9_268,VD,8,0.5168932796284755,0.48310672037152447,2
7,VST_first,225,7_9_269,CD,8,0.1047064545341263,0.8952935454658737,3
7,VST_first,226,7_9_270,CD,8,0.5143464270730403,0.4856535729269597,2
7,VST_first,229,7_9_273,VD,8,0.15686029566897217,0.8431397043310278,4
7,VST_first,230,7_9_275,CD,8,0.14437473958344896,0.8556252604165511,4
7,VST_first,231,7_9_276,VD,8,0.10262758978215936,0.8973724102178406,4
7,VST_first,232,7_9_277,VD,8,0.5143759787237827,0.4856240212762173,2
7,VST_first,233,7_9_278,VD,8,0.15556476028319047,0.8444352397168096,4
7,VST_first,234,7_9_279,CD,8,0.5139443400733589,0.4860556599266411,2
7,VST_first,235,7_9_280,CD,8,0.10709455817193611,0.892905441828064,4
7,VST_first,236,7_9_281,CD,8,0.18779047084987086,0.8122095291501292,4
7,VST_first,237,7_9_282,VD,8,0.5181592197741133,0.4818407802258867,2
7,VST_first,238,7_9_283,CD,8,0.10858193810555825,0.8914180618944417,4
7,VST_first,239,7_9_284,VD,8,0.16452764393031216,0.8354723560696878,4
7,VST_first,241,7_9_286,CD,8,0.32678627439700503,0.673213725602995,4
7,VST_first,242,7_9_287,VD,8,0.3234351211881952,0.6765648788118048,4
7,VST_first,243,7_9_288,VD,8,0.38489395447969577,0.6151060455203042,3
8,RSVP_first,1,8_2_35,CD,1,0.0960553344997412,0.9039446655002588,3
8,RSVP_first,2,8_2_39,VD,1,0.5271189706737092,0.4728810293262908,2
8,RSVP_first,3,8_2_40,VD,1,0.5060616046127785,0.4939383953872215,2
8,RSVP_first,4,8_2_41,CD,1,0.3638520797744269,0.6361479202255731,2
8,RSVP_first,5,8_2_43,CD,1,0.5286069301562046,0.47139306984379536,2
8,RSVP_first,6,8_2_44,CD,1,0.5595979114549741,0.44040208854502594,2
8,RSVP_first,7,8_2_45,CD,1,0.3832895625801182,0.6167104374198817,4
8,RSVP_first,8,8_2_47,VD,1,0.18389146087864738,0.8161085391213526,3
8,RSVP_first,9,8_2_50,CD,1,0.9549955622009866,0.045004437799013426,2
8,RSVP_first,10,8_2_51,VD,1,0.15371307627540393,0.846286923724596,3
8,RSVP_first,12,8_2_54,VD,1,0.09830599308758396,0.901694006912416,4
8,RSVP_first,14,8_2_58,CD,1,0.11399271425971794,0.886007285740282,4
8,RSVP_first,15,8_2_59,VD,1,0.4276344703629394,0.5723655296370607,3
8,RSVP_first,16,8_2_60,CD,1,0.6034743502528256,0.39652564974717447,3
8,RSVP_first,17,8_2_62,VD,1,0.3946686831694481,0.6053313168305519,3
8,RSVP_first,18,8_2_63,CD,1,0.3336749831516498,0.6663250168483502,3
8,RSVP_first,20,8_3_65,VD,2,0.1831094779167666,0.8168905220832334,4
8,RSVP_first,21,8_3_66,VD,2,0.16559750744375593,0.8344024925562441,4
8,RSVP_first,22,8_3_67,CD,2,0.11591188763046391,0.884088112369536,3
8,RSVP_first,23,8_3_68,CD,2,0.5158649040727399,0.4841350959272601,2
8,RSVP_first,24,8_3_69,VD,2,0.11927538312082546,0.8807246168791746,4
8,RSVP_first,25,8_3_70,VD,2,0.3560478561243768,0.6439521438756232,3
8,RSVP_first,26,8_3_71,CD,2,0.10378797829552253,0.8962120217044774,3
8,RSVP_first,27,8_3_72,CD,2,0.10058803823658118,0.8994119617634189,4
8,RSVP_first,28,8_3_73,VD,2,0.09967460216185832,0.9003253978381417,3
8,RSVP_first,30,8_3_75,CD,2,0.38352626368354864,0.6164737363164514,3
8,RSVP_first,31,8_3_76,VD,2,0.10568177904146019,0.8943182209585399,4
8,RSVP_first,32,8_3_77,CD,2,0.11737254183769294,0.8826274581623071,3
8,RSVP_first,33,8_3_78,CD,2,0.12026695504429051,0.8797330449557095,4
8,RSVP_first,34,8_3_79,VD,2,0.09917242532275124,0.9008275746772488,4
8,RSVP_first,35,8_3_80,CD,2,0.5138144870838316,0.4861855129161685,2
8,RSVP_first,36,8_3_81,CD,2,0.5176591262570529,0.48234087374294704,2
8,RSVP_first,37,8_3_82,CD,2,0.36511932678456344,0.6348806732154366,3
8,RSVP_first,38,8_3_83,VD,2,0.5168197669054784,0.48318023309452157,2
8,RSVP_first,40,8_3_85,CD,2,0.11411057162520163,0.8858894283747983,3
8,RSVP_first,41,8_3_86,CD,2,0.37767280400649633,0.6223271959935037,3
8,RSVP_first,42,8_3_87,VD,2,0.14586249946843202,0.854137500531568,3
8,RSVP_first,43,8_3_89,VD,2,0.3095249295119792,0.6904750704880208,3
8,RSVP_first,44,8_3_91,CD,2,0.2141511270262058,0.7858488729737942,3
8,RSVP_first,45,8_3_92,CD,2,0.09891914391244225,0.9010808560875577,3
8,RSVP_first,48,8_3_95,VD,2,0.7120657023938594,0.2879342976061406,2
8,RSVP_first,49,8_4_97,VD,3,0.09408230891699751,0.9059176910830025,3
8,RSVP_first,50,8_4_98,VD,3,0.21473588665776586,0.7852641133422341,3
8,RSVP_first,51,8_4_99,VD,3,0.3906663658151085,0.6093336341848915,3
8,RSVP_first,52,8_4_100,CD,3,0.21729435676851125,0.7827056432314887,3
8,RSVP_first,53,8_4_101,VD,3,0.18625030257338443,0.8137496974266156,4
8,RSVP_first,54,8_4_102,CD,3,0.2698957021194954,0.7301042978805046,3
8,RSVP_first,55,8_4_103,CD,3,0.14447300456730588,0.8555269954326941,4
8,RSVP_first,56,8_4_105,VD,3,0.4822760286561712,0.5177239713438287,3
8,RSVP_first,57,8_4_106,CD,3,0.16637292328770628,0.8336270767122937,3
8,RSVP_first,58,8_4_107,VD,3,0.1565590952788981,0.843440904721102,3
8,RSVP_first,59,8_4_108,CD,3,0.3438916644208954,0.6561083355791046,3
8,RSVP_first,60,8_4_109,VD,3,0.10212560510908306,0.8978743948909169,3
8,RSVP_first,63,8_4_113,CD,3,0.6207094160238159,0.3792905839761841,4
8,RSVP_first,64,8_4_114,VD,3,0.5678239248043175,0.43217607519568246,2
8,RSVP_first,66,8_4_116,CD,3,0.21025295724343385,0.7897470427565662,3
8,RSVP_first,67,8_4_117,VD,3,0.15650846491240508,0.8434915350875949,4
8,RSVP_first,69,8_4_119,VD,3,0.19136531727180012,0.8086346827281998,4
8,RSVP_first,70,8_4_120,CD,3,0.2891209825550265,0.7108790174449735,3
8,RSVP_first,72,8_4_123,CD,3,0.10855962010367742,0.8914403798963226,3
8,RSVP_first,73,8_4_124,CD,3,0.7223528557249477,0.2776471442750523,2
8,RSVP_first,74,8_4_125,VD,3,0.11381980149947606,0.886180198500524,3
8,RSVP_first,75,8_4_127,VD,3,0.1334324535402156,0.8665675464597844,3
8,RSVP_first,76,8_4_128,CD,3,0.556567439276647,0.4434325607233531,3
8,RSVP_first,77,8_5_129,CD,4,0.4058543397339808,0.5941456602660192,3
8,RSVP_first,78,8_5_130,CD,4,0.3974255445827761,0.602574455417224,3
8,RSVP_first,79,8_5_131,VD,4,0.3842194255510717,0.6157805744489283,3
8,RSVP_first,80,8_5_133,CD,4,0.10792202712916706,0.892077972870833,4
8,RSVP_first,81,8_5_135,VD,4,0.3906703052173999,0.6093296947826,3
8,RSVP_first,82,8_5_136,CD,4,0.14222024021259408,0.857779759787406,3
8,RSVP_first,85,8_5_140,VD,4,0.5358615622333233,0.4641384377666767,2
8,RSVP_first,86,8_5_141,CD,4,0.3580126644107389,0.6419873355892611,3
8,RSVP_first,87,8_5_142,CD,4,0.5681304832485773,0.4318695167514227,2
8,RSVP_first,88,8_5_143,VD,4,0.1238875975119351,0.8761124024880649,3
8,RSVP_first,89,8_5_145,VD,4,0.5156988055737808,0.4843011944262193,4
8,RSVP_first,90,8_5_146,CD,4,0.614654462594061,0.3853455374059391,3
8,RSVP_first,91,8_5_150,CD,4,0.5153373123650038,0.48466268763499615,2
8,RSVP_first,92,8_5_151,VD,4,0.5744857412342871,0.42551425876571297,2
8,RSVP_first,93,8_5_153,CD,4,0.5697865546294728,0.4302134453705272,2
8,RSVP_first,94,8_5_154,CD,4,0.19079877854550178,0.8092012214544981,4
8,RSVP_first,96,8_5_156,VD,4,0.10509825209821434,0.8949017479017857,3
8,RSVP_first,97,8_5_159,CD,4,0.40722637101834935,0.5927736289816506,3
8,RSVP_first,99,8_6_161,CD,5,0.39302401141775023,0.6069759885822498,3
8,RSVP_first,100,8_6_162,CD,5,0.5299171235163013,0.47008287648369873,2
8,RSVP_first,101,8_6_163,CD,5,0.4794208236295989,0.5205791763704011,3
8,RSVP_first,102,8_6_165,CD,5,0.11720374606337176,0.8827962539366282,3
8,RSVP_first,103,8_6_166,CD,5,0.17303079189969892,0.8269692081003011,4
8,RSVP_first,104,8_6_167,VD,5,0.2644470179212183,0.7355529820787817,4
8,RSVP_first,105,8_6_168,VD,5,0.5176591262570529,0.48234087374294704,2
8,RSVP_first,107,8_6_172,VD,5,0.12248161635961169,0.8775183836403884,2
8,RSVP_first,108,8_6_173,CD,5,0.23415576828085785,0.7658442317191422,3
8,RSVP_first,110,8_6_175,CD,5,0.10158162625224225,0.8984183737477578,3
8,RSVP_first,111,8_6_176,VD,5,0.11629268787314086,0.8837073121268592,3
8,RSVP_first,112,8_6_177,CD,5,0.6741287499630145,0.32587125003698547,3
8,RSVP_first,114,8_6_179,VD,5,0.09733776065226271,0.9026622393477373,4
8,RSVP_first,115,8_6_180,VD,5,0.10360030442143578,0.8963996955785642,4
8,RSVP_first,117,8_6_182,VD,5,0.09972540617644322,0.9002745938235568,4
8,RSVP_first,118,8_6_183,VD,5,0.13612304773947023,0.8638769522605297,4
8,RSVP_first,119,8_6_186,CD,5,0.09303305768404635,0.9069669423159537,3
8,RSVP_first,120,8_6_187,VD,5,0.32637297468010673,0.6736270253198933,4
8,RSVP_first,121,8_6_188,VD,5,0.2588081813224505,0.7411918186775495,3
8,RSVP_first,122,8_6_189,VD,5,0.19331526939691168,0.8066847306030883,4
8,RSVP_first,123,8_6_190,VD,5,0.09872725982831948,0.9012727401716805,4
8,RSVP_first,124,8_6_191,VD,5,0.14530210796551868,0.8546978920344812,4
8,RSVP_first,125,8_6_192,CD,5,0.17635496656718727,0.8236450334328127,3
8,RSVP_first,126,8_7_193,VD,6,0.25616812181232607,0.7438318781876739,5
8,RSVP_first,127,8_7_194,VD,6,0.32891856239752876,0.6710814376024712,4
8,RSVP_first,128,8_7_195,CD,6,0.10122266956304095,0.8987773304369591,4
8,RSVP_first,129,8_7_196,VD,6,0.10468324603954068,0.8953167539604593,4
8,RSVP_first,130,8_7_197,CD,6,0.3202124058490547,0.6797875941509453,4
8,RSVP_first,132,8_7_200,VD,6,0.5631988489021144,0.43680115109788564,2
8,RSVP_first,133,8_7_201,CD,6,0.32092677299222805,0.679073227007772,4
8,RSVP_first,135,8_7_203,CD,6,0.10442424791352271,0.8955757520864773,4
8,RSVP_first,136,8_7_204,VD,6,0.2513095036843216,0.7486904963156784,4
8,RSVP_first,137,8_7_205,CD,6,0.39638711580404656,0.6036128841959535,3
8,RSVP_first,138,8_7_206,VD,6,0.09988048117730683,0.9001195188226931,4
8,RSVP_first,139,8_7_207,CD,6,0.6033843361943456,0.3966156638056544,3
8,RSVP_first,142,8_7_211,CD,6,0.11473616211915338,0.8852638378808466,4
8,RSVP_first,143,8_7_212,CD,6,0.4034243293727436,0.5965756706272565,3
8,RSVP_first,145,8_7_215,VD,6,0.20818055701535762,0.7918194429846424,3
8,RSVP_first,146,8_7_217,VD,6,0.14864351147614424,0.8513564885238558,2
8,RSVP_first,147,8_7_218,VD,6,0.40717989872935223,0.5928201012706478,4
8,RSVP_first,149,8_7_220,VD,6,0.23777542094179915,0.7622245790582007,3
8,RSVP_first,150,8_7_221,VD,6,0.3941293630479454,0.6058706369520546,3
8,RSVP_first,151,8_7_222,CD,6,0.1812852425723798,0.8187147574276202,3
8,RSVP_first,152,8_7_223,CD,6,0.9695348321592461,0.03046516784075403,2
8,RSVP_first,153,8_8_225,VD,7,0.5238242070352374,0.47617579296476265,2
8,RSVP_first,154,8_8_226,CD,7,0.4519762186007231,0.5480237813992769,3
8,RSVP_first,155,8_8_227,CD,7,0.10381531696676802,0.896184683033232,4
8,RSVP_first,156,8_8_228,VD,7,0.11405423506185379,0.8859457649381463,4
8,RSVP_first,157,8_8_229,CD,7,0.28149913615570227,0.7185008638442978,3
8,RSVP_first,158,8_8_230,CD,7,0.4001688503059493,0.5998311496940507,3
8,RSVP_first,159,8_8_232,VD,7,0.44623128092675746,0.5537687190732425,4
8,RSVP_first,160,8_8_233,CD,7,0.22317725800774285,0.7768227419922571,3
8,RSVP_first,162,8_8_235,VD,7,0.10541660316163945,0.8945833968383605,4
8,RSVP_first,163,8_8_236,CD,7,0.32005578831017734,0.6799442116898226,4
8,RSVP_first,164,8_8_237,VD,7,0.5581990689204455,0.44180093107955454,2
8,RSVP_first,165,8_8_239,VD,7,0.21072328460911816,0.7892767153908818,4
8,RSVP_first,166,8_8_240,VD,7,0.12942858180589978,0.8705714181941002,4
8,RSVP_first,167,8_8_241,CD,7,0.0978300391515097,0.9021699608484902,3
8,RSVP_first,169,8_8_243,CD,7,0.1950530018655798,0.8049469981344202,4
8,RSVP_first,170,8_8_244,VD,7,0.31540474705813576,0.6845952529418642,3
8,RSVP_first,171,8_8_245,VD,7,0.5216554947996879,0.4783445052003121,2
8,RSVP_first,172,8_8_246,VD,7,0.1031690940398015,0.8968309059601985,4
8,RSVP_first,173,8_8_247,VD,7,0.34381498459923976,0.6561850154007602,4
8,RSVP_first,174,8_8_248,CD,7,0.10228773016218794,0.897712269837812,3
8,RSVP_first,176,8_8_250,CD,7,0.07548249897823994,0.9245175010217601,2
8,RSVP_first,177,8_8_251,CD,7,0.4541004030654737,0.5458995969345263,4
8,RSVP_first,178,8_8_252,VD,7,0.3806678064697301,0.6193321935302699,3
8,RSVP_first,179,8_8_253,CD,7,0.7048107009708191,0.29518929902918084,3
8,RSVP_first,180,8_8_254,VD,7,0.7799751751123278,0.2200248248876721,2
8,RSVP_first,181,8_8_255,VD,7,0.10319696814380727,0.8968030318561927,4
8,RSVP_first,182,8_9_257,CD,8,0.41948872121885195,0.580511278781148,3
8,RSVP_first,183,8_9_258,VD,8,0.10542063276087431,0.8945793672391257,3
8,RSVP_first,184,8_9_259,VD,8,0.10288019417769446,0.8971198058223055,4
8,RSVP_first,185,8_9_260,VD,8,0.2759488819819736,0.7240511180180265,3
8,RSVP_first,186,8_9_261,VD,8,0.20844440737095493,0.7915555926290451,3
8,RSVP_first,187,8_9_265,VD,8,0.11582270217210522,0.8841772978278948,4
8,RSVP_first,189,8_9_267,CD,8,0.3866239510156847,0.6133760489843153,3
8,RSVP_first,190,8_9_268,VD,8,0.1440625546046509,0.8559374453953491,4
8,RSVP_first,191,8_9_270,VD,8,0.09676868094288749,0.9032313190571125,3
8,RSVP_first,192,8_9_271,VD,8,0.10027637328614845,0.8997236267138515,4
8,RSVP_first,193,8_9_272,CD,8,0.6043655776574928,0.39563442234250723,4
8,RSVP_first,195,8_9_275,CD,8,0.27320216198694436,0.7267978380130556,3
8,RSVP_first,197,8_9_277,VD,8,0.10538512094595548,0.8946148790540446,4
8,RSVP_first,198,8_9_278,VD,8,0.29455735699114005,0.70544264300886,5
8,RSVP_first,199,8_9_279,CD,8,0.33170555788079625,0.6682944421192037,4
8,RSVP_first,200,8_9_280,CD,8,0.5151047945627555,0.4848952054372445,2
8,RSVP_first,201,8_9_281,VD,8,0.5147005926764545,0.4852994073235455,2
8,RSVP_first,202,8_9_282,CD,8,0.6285114379567925,0.37148856204320746,3
8,RSVP_first,203,8_9_283,CD,8,0.1407994657270858,0.8592005342729142,3
8,RSVP_first,204,8_9_284,VD,8,0.5436102385671027,0.45638976143289733,2
8,RSVP_first,205,8_9_285,CD,8,0.11349625395445608,0.8865037460455439,4
8,RSVP_first,206,8_9_286,CD,8,0.3297632189609224,0.6702367810390775,4
8,RSVP_first,207,8_9_287,CD,8,0.08491007012292388,0.9150899298770762,2
9,VST_first,2,9_2_34,VD,1,0.22919965851784857,0.7708003414821514,4
9,VST_first,3,9_2_35,VD,1,0.2129217846889572,0.7870782153110428,4
9,VST_first,4,9_2_36,VD,1,0.3568590026434677,0.6431409973565322,3
9,VST_first,6,9_2_38,CD,1,0.5453501537695071,0.45464984623049287,2
9,VST_first,7,9_2_40,VD,1,0.2962527737917868,0.7037472262082132,4
9,VST_first,8,9_2_41,CD,1,0.336627994569432,0.663372005430568,3
9,VST_first,9,9_2_42,CD,1,0.33284027293781454,0.6671597270621855,4
9,VST_first,10,9_2_43,CD,1,0.19712581590558734,0.8028741840944127,3
9,VST_first,11,9_2_44,VD,1,0.3269572828553852,0.6730427171446148,3
9,VST_first,12,9_2_45,CD,1,0.5592783694902412,0.44072163050975877,4
9,VST_first,13,9_2_46,CD,1,0.12498204564874145,0.8750179543512585,3
9,VST_first,14,9_2_47,CD,1,0.11276517683017444,0.8872348231698255,3
9,VST_first,15,9_2_48,CD,1,0.2678336819205708,0.7321663180794291,3
9,VST_first,16,9_2_49,VD,1,0.40931179221785907,0.5906882077821409,3
9,VST_first,17,9_2_50,VD,1,0.3928710148094759,0.6071289851905242,3
9,VST_first,18,9_2_51,VD,1,0.1286980400660106,0.8713019599339894,3
9,VST_first,19,9_2_53,VD,1,0.11875180777338246,0.8812481922266175,3
9,VST_first,20,9_2_54,VD,1,0.5997433462356947,0.4002566537643052,2
9,VST_first,21,9_2_55,VD,1,0.49713366431321265,0.5028663356867873,3
9,VST_first,22,9_2_56,VD,1,0.1480975911513435,0.8519024088486564,3
9,VST_first,24,9_2_58,CD,1,0.41775956538142517,0.5822404346185749,3
9,VST_first,25,9_2_59,CD,1,0.339328242096679,0.660671757903321,3
9,VST_first,26,9_2_61,VD,1,0.5675249986038506,0.4324750013961494,2
9,VST_first,27,9_2_62,CD,1,0.11383672490924485,0.8861632750907552,3
9,VST_first,28,9_2_63,CD,1,0.4075378874717955,0.5924621125282046,3
9,VST_first,30,9_3_65,CD,2,0.11564646630690613,0.8843535336930939,3
9,VST_first,31,9_3_66,CD,2,0.21361354001246805,0.786386459987532,3
9,VST_first,32,9_3_67,CD,2,0.11561033771511327,0.8843896622848867,3
9,VST_first,33,9_3_68,CD,2,0.18622326906462755,0.8137767309353725,4
9,VST_first,34,9_3_69,VD,2,0.18999626867849903,0.8100037313215009,4
9,VST_first,35,9_3_70,CD,2,0.4247397680868686,0.5752602319131314,3
9,VST_first,36,9_3_71,VD,2,0.5386684278026579,0.461331572197342,2
9,VST_first,37,9_3_72,CD,2,0.1867557432857274,0.8132442567142726,3
9,VST_first,38,9_3_73,CD,2,0.11427563713538125,0.8857243628646188,3
9,VST_first,39,9_3_74,CD,2,0.1293767787705858,0.8706232212294143,4
9,VST_first,40,9_3_75,VD,2,0.5453501537695071,0.45464984623049287,2
9,VST_first,42,9_3_77,CD,2,0.14994262204209524,0.8500573779579047,3
9,VST_first,43,9_3_78,CD,2,0.5280515536310701,0.47194844636892985,2
9,VST_first,44,9_3_79,VD,2,0.16047900187213893,0.8395209981278611,3
9,VST_first,46,9_3_81,VD,2,0.33474697215205446,0.6652530278479456,4
9,VST_first,47,9_3_82,VD,2,0.36022848101637017,0.6397715189836298,4
9,VST_first,48,9_3_83,VD,2,0.19946628053683807,0.8005337194631619,3
9,VST_first,49,9_3_84,VD,2,0.1129772930143462,0.8870227069856538,3
9,VST_first,50,9_3_85,CD,2,0.10874966255376348,0.8912503374462365,3
9,VST_first,52,9_3_87,VD,2,0.46345636556050673,0.5365436344394933,4
9,VST_first,53,9_3_88,VD,2,0.1481348565358173,0.8518651434641827,3
9,VST_first,54,9_3_89,VD,2,0.18821485664099669,0.8117851433590033,4
9,VST_first,56,9_3_91,VD,2,0.4641920427968249,0.5358079572031751,4
9,VST_first,57,9_3_92,VD,2,0.15458315937246572,0.8454168406275342,3
9,VST_first,58,9_3_93,CD,2,0.3862803975146704,0.6137196024853296,3
9,VST_first,59,9_3_94,CD,2,0.14665060298814836,0.8533493970118516,3
9,VST_first,60,9_3_95,CD,2,0.5625071802037541,0.4374928197962459,2
9,VST_first,61,9_3_96,VD,2,0.3894214694442384,0.6105785305557616,3
9,VST_first,62,9_4_97,CD,3,0.3184230529428146,0.6815769470571853,4
9,VST_first,63,9_4_98,VD,3,0.18349951652910243,0.8165004834708977,3
9,VST_first,65,9_4_100,VD,3,0.20210496835989392,0.797895031640106,4
9,VST_first,66,9_4_101,VD,3,0.12451524624911317,0.8754847537508869,4
9,VST_first,67,9_4_102,VD,3,0.5419491576001128,0.4580508423998873,2
9,VST_first,68,9_4_104,CD,3,0.40985522391996326,0.5901447760800367,3
9,VST_first,69,9_4_106,VD,3,0.14230395445316674,0.8576960455468332,4
9,VST_first,70,9_4_107,CD,3,0.52903157579585,0.47096842420414997,2
9,VST_first,71,9_4_108,CD,3,0.15000797927381707,0.8499920207261829,3
9,VST_first,72,9_4_109,CD,3,0.10920267563306399,0.8907973243669359,3
9,VST_first,73,9_4_110,VD,3,0.13691581820697485,0.8630841817930252,3
9,VST_first,74,9_4_111,CD,3,0.14005482436193264,0.8599451756380673,3
9,VST_first,75,9_4_112,CD,3,0.337470317642874,0.6625296823571261,3
9,VST_first,76,9_4_113,VD,3,0.17840524213744105,0.821594757862559,3
9,VST_first,77,9_4_114,CD,3,0.4126697245017391,0.5873302754982609,3
9,VST_first,78,9_4_115,CD,3,0.36141748511674293,0.6385825148832571,3
9,VST_first,79,9_4_116,CD,3,0.5200034190025711,0.479996580997429,2
9,VST_first,81,9_4_118,CD,3,0.10583402328790871,0.8941659767120913,3
9,VST_first,82,9_4_119,VD,3,0.12860659504995486,0.8713934049500451,3
9,VST_first,83,9_4_120,VD,3,0.5386684278026579,0.461331572197342,2
9,VST_first,84,9_4_121,VD,3,0.296062796763033,0.703937203236967,3
9,VST_first,85,9_4_122,VD,3,0.4030480309813622,0.5969519690186378,3
9,VST_first,86,9_4_124,VD,3,0.4041997528768393,0.5958002471231607,3
9,VST_first,87,9_4_125,CD,3,0.3938404096840399,0.6061595903159601,3
9,VST_first,89,9_4_127,CD,3,0.11978011474529916,0.8802198852547009,3
9,VST_first,90,9_5_129,VD,4,0.5193835139378327,0.4806164860621674,2
9,VST_first,91,9_5_130,CD,4,0.2931394290194861,0.7068605709805139,3
9,VST_first,92,9_5_131,CD,4,0.11541201205990234,0.8845879879400976,3
9,VST_first,93,9_5_132,VD,4,0.15173845959709262,0.8482615404029074,3
9,VST_first,94,9_5_133,CD,4,0.20143281472386285,0.7985671852761371,3
9,VST_first,96,9_5_135,VD,4,0.11873459158900022,0.8812654084109998,3
9,VST_first,98,9_5_137,CD,4,0.5419491576001128,0.4580508423998873,2
9,VST_first,99,9_5_138,VD,4,0.43342479688993374,0.5665752031100663,4
9,VST_first,100,9_5_139,VD,4,0.276007543471373,0.723992456528627,4
9,VST_first,101,9_5_140,CD,4,0.19421367795736985,0.8057863220426302,4
9,VST_first,102,9_5_141,CD,4,0.4072697577999065,0.5927302422000935,3
9,VST_first,103,9_5_142,CD,4,0.16811278153415515,0.8318872184658449,3
9,VST_first,104,9_5_143,VD,4,0.20393071375402066,0.7960692862459794,3
9,VST_first,105,9_5_144,VD,4,0.1026932886243585,0.8973067113756416,3
9,VST_first,106,9_5_145,VD,4,0.135214930831826,0.864785069168174,3
9,VST_first,107,9_5_146,CD,4,0.1329772064689037,0.8670227935310963,3
9,VST_first,108,9_5_147,VD,4,0.10973182211263408,0.8902681778873659,3
9,VST_first,109,9_5_148,VD,4,0.5169029994153532,0.4830970005846468,2
9,VST_first,110,9_5_149,VD,4,0.2894178964711478,0.7105821035288522,3
9,VST_first,112,9_5_151,CD,4,0.1915709759000324,0.8084290240999676,4
9,VST_first,113,9_5_152,CD,4,0.3876424606168626,0.6123575393831374,3
9,VST_first,114,9_5_153,VD,4,0.2359497853456183,0.7640502146543817,3
9,VST_first,115,9_5_154,VD,4,0.40668465185917013,0.5933153481408299,3
9,VST_first,117,9_5_156,CD,4,0.12641709315245925,0.8735829068475408,3
9,VST_first,118,9_5_157,CD,4,0.5374081068282048,0.4625918931717951,2
9,VST_first,119,9_5_158,CD,4,0.1714055353397112,0.8285944646602887,3
9,VST_first,120,9_5_159,VD,4,0.1518031301199612,0.8481968698800388,3
9,VST_first,121,9_5_160,CD,4,0.11991135562225208,0.8800886443777479,3
9,VST_first,123,9_6_162,VD,5,0.4067096186907999,0.5932903813092001,3
9,VST_first,124,9_6_164,VD,5,0.23593719239792876,0.7640628076020712,3
9,VST_first,125,9_6_165,CD,5,0.389431579631791,0.610568420368209,3
9,VST_first,126,9_6_166,CD,5,0.10247265342494846,0.8975273465750515,3
9,VST_first,127,9_6_167,VD,5,0.19643220338737027,0.8035677966126297,3
9,VST_first,128,9_6_168,VD,5,0.15968511777708988,0.8403148822229101,4
9,VST_first,129,9_6_169,VD,5,0.555347134758962,0.444652865241038,2
9,VST_first,131,9_6_171,CD,5,0.4012156460048967,0.5987843539951033,3
9,VST_first,132,9_6_172,CD,5,0.3527991005522107,0.6472008994477892,3
9,VST_first,133,9_6_173,CD,5,0.3719407528674957,0.6280592471325043,3
9,VST_first,134,9_6_174,CD,5,0.24001848066132397,0.759981519338676,3
9,VST_first,135,9_6_175,CD,5,0.1580389987817084,0.8419610012182915,4
9,VST_first,136,9_6_176,VD,5,0.3795659985624809,0.620434001437519,3
9,VST_first,137,9_6_177,VD,5,0.13228181513180284,0.8677181848681972,3
9,VST_first,138,9_6_178,CD,5,0.35914295645484173,0.6408570435451582,4
9,VST_first,139,9_6_179,VD,5,0.38919064165877204,0.610809358341228,3
9,VST_first,140,9_6_180,CD,5,0.11111871623342982,0.8888812837665702,3
9,VST_first,141,9_6_181,VD,5,0.11358046605615427,0.8864195339438458,3
9,VST_first,142,9_6_182,VD,5,0.12319226509674215,0.8768077349032578,3
9,VST_first,143,9_6_183,VD,5,0.35492729108646415,0.645072708913536,3
9,VST_first,144,9_6_184,VD,5,0.5162409410360242,0.4837590589639757,2
9,VST_first,145,9_6_185,VD,5,0.11127652467728304,0.888723475322717,3
9,VST_first,148,9_6_188,CD,5,0.10820429054625896,0.8917957094537411,3
9,VST_first,149,9_6_189,CD,5,0.10488264819633991,0.8951173518036601,3
9,VST_first,150,9_6_190,CD,5,0.5210403104223492,0.47895968957765084,2
9,VST_first,151,9_6_191,CD,5,0.11505383252923601,0.884946167470764,3
9,VST_first,152,9_6_192,CD,5,0.5223043090334281,0.47769569096657194,2
9,VST_first,153,9_7_193,VD,6,0.5442194684969364,0.45578053150306364,4
9,VST_first,154,9_7_194,CD,6,0.24337838673549206,0.7566216132645079,4
9,VST_first,155,9_7_195,VD,6,0.2742544926443123,0.7257455073556877,3
9,VST_first,156,9_7_196,VD,6,0.17132891886305707,0.828671081136943,3
9,VST_first,157,9_7_197,CD,6,0.09539874082297728,0.9046012591770227,3
9,VST_first,158,9_7_198,VD,6,0.11660837699916689,0.8833916230008332,3
9,VST_first,159,9_7_199,VD,6,0.11724490878227523,0.8827550912177248,3
9,VST_first,160,9_7_200,VD,6,0.15174129215752133,0.8482587078424787,4
9,VST_first,161,9_7_201,CD,6,0.5216554947996879,0.4783445052003121,2
9,VST_first,162,9_7_202,CD,6,0.16891776219143181,0.8310822378085683,3
9,VST_first,163,9_7_203,VD,6,0.3860299074433515,0.6139700925566485,3
9,VST_first,164,9_7_204,VD,6,0.10388246900649667,0.8961175309935033,3
9,VST_first,165,9_7_205,CD,6,0.3650182698841411,0.6349817301158589,3
9,VST_first,166,9_7_206,VD,6,0.14636885655425552,0.8536311434457445,4
9,VST_first,168,9_7_208,CD,6,0.21908769499660097,0.780912305003399,4
9,VST_first,169,9_7_209,CD,6,0.11173458701815185,0.8882654129818482,3
9,VST_first,170,9_7_210,CD,6,0.521761579133124,0.478238420866876,2
9,VST_first,171,9_7_211,CD,6,0.14997829705602908,0.850021702943971,3
9,VST_first,172,9_7_212,CD,6,0.09735663552760332,0.9026433644723967,3
9,VST_first,174,9_7_214,CD,6,0.15451532931609147,0.8454846706839085,4
9,VST_first,175,9_7_215,VD,6,0.1001721856010661,0.8998278143989339,3
9,VST_first,176,9_7_216,CD,6,0.12231312929081156,0.8776868707091885,3
9,VST_first,177,9_7_217,VD,6,0.525265351417008,0.4747346485829921,2
9,VST_first,178,9_7_218,VD,6,0.17133892308718535,0.8286610769128147,3
9,VST_first,179,9_7_220,CD,6,0.10272574713543173,0.8972742528645682,3
9,VST_first,182,9_7_223,VD,6,0.5157885617582725,0.48421143824172763,2
9,VST_first,183,9_7_224,CD,6,0.3822807617621907,0.6177192382378094,3
9,VST_first,184,9_8_225,CD,7,0.41727187393345105,0.5827281260665489,4
9,VST_first,185,9_8_226,VD,7,0.10525718940527584,0.8947428105947242,4
9,VST_first,186,9_8_227,VD,7,0.1130984716403604,0.8869015283596396,3
9,VST_first,187,9_8_228,CD,7,0.5205578842140702,0.47944211578592977,2
9,VST_first,188,9_8_229,CD,7,0.10303131282033978,0.8969686871796602,3
9,VST_first,189,9_8_230,CD,7,0.38543989033483705,0.614560109665163,3
9,VST_first,190,9_8_231,CD,7,0.12023751818955204,0.8797624818104479,3
9,VST_first,191,9_8_232,CD,7,0.11831094312635869,0.8816890568736413,3
9,VST_first,192,9_8_234,VD,7,0.4202782101645378,0.5797217898354622,3
9,VST_first,193,9_8_235,VD,7,0.43402915015275456,0.5659708498472454,4
9,VST_first,194,9_8_236,VD,7,0.1345509918246373,0.8654490081753627,3
9,VST_first,195,9_8_237,CD,7,0.5321238230807928,0.46787617691920724,2
9,VST_first,196,9_8_238,VD,7,0.10665308207619692,0.893346917923803,4
9,VST_first,198,9_8_242,VD,7,0.5271189706737092,0.4728810293262908,2
9,VST_first,199,9_8_243,VD,7,0.5238242070352374,0.47617579296476265,2
9,VST_first,200,9_8_244,CD,7,0.3990052927334073,0.6009947072665927,3
9,VST_first,201,9_8_245,VD,7,0.12102798754983705,0.878972012450163,3
9,VST_first,202,9_8_246,CD,7,0.10456677145936989,0.8954332285406301,3
9,VST_first,203,9_8_247,VD,7,0.1382329919501445,0.8617670080498555,4
9,VST_first,204,9_8_248,VD,7,0.12361012876216655,0.8763898712378334,3
9,VST_first,205,9_8_249,VD,7,0.13173923927660394,0.8682607607233961,3
9,VST_first,207,9_8_252,VD,7,0.1286358174701228,0.8713641825298772,3
9,VST_first,209,9_8_254,CD,7,0.1414831075031671,0.8585168924968329,3
9,VST_first,210,9_8_255,CD,7,0.1118070264509278,0.8881929735490721,3
9,VST_first,211,9_8_256,CD,7,0.1883131084047322,0.8116868915952677,4
9,VST_first,212,9_9_257,CD,8,0.40259381167926644,0.5974061883207336,3
9,VST_first,213,9_9_258,CD,8,0.6618740024996755,0.3381259975003245,3
9,VST_first,214,9_9_259,VD,8,0.3813120670307412,0.6186879329692588,3
9,VST_first,215,9_9_260,VD,8,0.869231699223341,0.13076830077665902,3
9,VST_first,216,9_9_261,CD,8,0.3891412455029647,0.6108587544970353,3
9,VST_first,217,9_9_262,VD,8,0.11319604189232495,0.8868039581076751,3
9,VST_first,219,9_9_264,CD,8,0.12634053268444662,0.8736594673155534,3
9,VST_first,220,9_9_265,VD,8,0.15426798251400825,0.8457320174859917,3
9,VST_first,221,9_9_266,VD,8,0.10586421022597556,0.8941357897740244,3
9,VST_first,222,9_9_267,CD,8,0.13512708654953703,0.864872913450463,3
9,VST_first,223,9_9_268,VD,8,0.10995251485149937,0.8900474851485006,3
9,VST_first,224,9_9_269,CD,8,0.1289322869065295,0.8710677130934705,3
9,VST_first,227,9_9_273,VD,8,0.38999411659959493,0.6100058834004051,3
9,VST_first,228,9_9_274,CD,8,0.10231126125981312,0.8976887387401868,3
9,VST_first,229,9_9_275,CD,8,0.5141301019086996,0.48586989809130043,2
9,VST_first,231,9_9_277,CD,8,0.1109727443013755,0.8890272556986245,3
9,VST_first,232,9_9_278,VD,8,0.12553631288772915,0.8744636871122708,3
9,VST_first,233,9_9_279,VD,8,0.1279145003997829,0.8720854996002171,4
9,VST_first,234,9_9_280,VD,8,0.12565397554948426,0.8743460244505157,3
9,VST_first,235,9_9_281,CD,8,0.12458486220268464,0.8754151377973153,3
9,VST_first,236,9_9_282,VD,8,0.3408945441834597,0.6591054558165403,4
9,VST_first,237,9_9_283,VD,8,0.3471276561832765,0.6528723438167234,4
9,VST_first,238,9_9_284,CD,8,0.17084817916220643,0.8291518208377936,3
9,VST_first,239,9_9_285,CD,8,0.12454390009517852,0.8754560999048215,3
9,VST_first,240,9_9_286,CD,8,0.11950220199349157,0.8804977980065084,3
9,VST_first,241,9_9_287,CD,8,0.13665049570996882,0.8633495042900312,4
9,VST_first,242,9_9_288,VD,8,0.10819595240241657,0.8918040475975834,3
10,RSVP_first,1,10_2_33,CD,1,0.5386395036809101,0.4613604963190899,3
10,RSVP_first,2,10_2_34,CD,1,0.36148364020494994,0.6385163597950501,6
10,RSVP_first,3,10_2_36,CD,1,0.34874147899898417,0.6512585210010159,4
10,RSVP_first,4,10_2_37,VD,1,0.3831213065676371,0.6168786934323629,3
10,RSVP_first,5,10_2_38,CD,1,0.2727111673514108,0.7272888326485892,3
10,RSVP_first,6,10_2_39,VD,1,0.3871242003568463,0.6128757996431538,3
10,RSVP_first,7,10_2_40,VD,1,0.1565951631981684,0.8434048368018315,3
10,RSVP_first,8,10_2_41,VD,1,0.26595381062529616,0.7340461893747039,3
10,RSVP_first,9,10_2_42,CD,1,0.5165605514890546,0.48343944851094534,2
10,RSVP_first,11,10_2_45,VD,1,0.4072023530564231,0.592797646943577,3
10,RSVP_first,13,10_2_47,VD,1,0.15590315643238253,0.8440968435676175,3
10,RSVP_first,14,10_2_48,CD,1,0.09833375831259346,0.9016662416874065,2
10,RSVP_first,15,10_2_49,CD,1,0.3267218230013639,0.6732781769986361,4
10,RSVP_first,16,10_2_50,CD,1,0.10427291881616609,0.8957270811838339,3
10,RSVP_first,17,10_2_51,VD,1,0.3540940895790917,0.6459059104209083,4
10,RSVP_first,18,10_2_52,VD,1,0.27009389949797263,0.7299061005020273,3
10,RSVP_first,19,10_2_53,CD,1,0.2496404954961579,0.7503595045038421,4
10,RSVP_first,20,10_2_54,CD,1,0.18286942570023873,0.8171305742997612,5
10,RSVP_first,21,10_2_55,VD,1,0.2948973583154685,0.7051026416845315,5
10,RSVP_first,22,10_2_56,VD,1,0.24433418479839458,0.7556658152016055,4
10,RSVP_first,23,10_2_58,VD,1,0.665036371619681,0.334963628380319,3
10,RSVP_first,24,10_2_59,VD,1,0.17473014370711282,0.8252698562928872,3
10,RSVP_first,25,10_2_60,VD,1,0.5126381234378772,0.4873618765621229,2
10,RSVP_first,26,10_2_61,CD,1,0.43140900277307287,0.5685909972269272,3
10,RSVP_first,27,10_2_62,VD,1,0.5201667339383235,0.47983326606167653,3
10,RSVP_first,28,10_2_63,CD,1,0.13598739776615817,0.8640126022338419,3
10,RSVP_first,29,10_2_64,CD,1,0.4397643201539122,0.5602356798460878,5
10,RSVP_first,30,10_3_65,VD,2,0.3251751017138615,0.6748248982861385,4
10,RSVP_first,31,10_3_66,CD,2,0.42206301773465826,0.5779369822653417,3
10,RSVP_first,32,10_3_67,VD,2,0.12086991810953458,0.8791300818904654,3
10,RSVP_first,33,10_3_68,VD,2,0.5149666392968578,0.4850333607031422,2
10,RSVP_first,34,10_3_69,VD,2,0.12243923803992059,0.8775607619600794,4
10,RSVP_first,35,10_3_70,CD,2,0.4549832590536521,0.5450167409463479,5
10,RSVP_first,36,10_3_71,CD,2,0.6786621106214941,0.32133788937850594,3
10,RSVP_first,37,10_3_72,CD,2,0.4594637414227185,0.5405362585772815,3
10,RSVP_first,38,10_3_73,CD,2,0.45685710043297084,0.5431428995670292,3
10,RSVP_first,39,10_3_74,CD,2,0.12724256088015856,0.8727574391198415,3
10,RSVP_first,40,10_3_75,VD,2,0.49680526554843263,0.5031947344515674,3
10,RSVP_first,41,10_3_76,VD,2,0.26019367229358803,0.739806327706412,3
10,RSVP_first,43,10_3_78,CD,2,0.11194401799778612,0.8880559820022138,3
10,RSVP_first,45,10_3_80,VD,2,0.251894495654899,0.748105504345101,4
10,RSVP_first,46,10_3_82,CD,2,0.49287168391923886,0.5071283160807611,3
10,RSVP_first,47,10_3_83,VD,2,0.5466631809600828,0.45333681903991724,6
10,RSVP_first,48,10_3_84,VD,2,0.3188035136468006,0.6811964863531994,4
10,RSVP_first,49,10_3_86,CD,2,0.36954101572235226,0.6304589842776478,5
10,RSVP_first,50,10_3_87,VD,2,0.17238427076911803,0.827615729230882,4
10,RSVP_first,51,10_3_88,VD,2,0.3239562469326741,0.6760437530673259,4
10,RSVP_first,52,10_3_89,CD,2,0.5379719552565793,0.46202804474342074,4
10,RSVP_first,53,10_3_90,VD,2,0.13323737500828808,0.866762624991712,4
10,RSVP_first,54,10_3_91,VD,2,0.11885157923975202,0.881148420760248,3
10,RSVP_first,55,10_3_92,VD,2,0.27408751641711004,0.72591248358289,4
10,RSVP_first,56,10_3_93,CD,2,0.10567917791758184,0.8943208220824181,3
10,RSVP_first,57,10_3_94,CD,2,0.1197473277430473,0.8802526722569527,3
10,RSVP_first,58,10_3_96,CD,2,0.23708755874745496,0.7629124412525451,4
10,RSVP_first,59,10_4_97,CD,3,0.29384772021415895,0.706152279785841,4
10,RSVP_first,60,10_4_98,VD,3,0.3270957638935181,0.6729042361064819,6
10,RSVP_first,61,10_4_99,CD,3,0.2774300294096526,0.7225699705903474,3
10,RSVP_first,62,10_4_100,CD,3,0.5157106384190858,0.4842893615809142,2
10,RSVP_first,63,10_4_101,VD,3,0.5159435673658215,0.48405643263417847,2
10,RSVP_first,64,10_4_102,CD,3,0.12039524851325542,0.8796047514867446,4
10,RSVP_first,65,10_4_103,CD,3,0.3949483881727214,0.6050516118272786,5
10,RSVP_first,66,10_4_104,VD,3,0.26120681253970685,0.7387931874602931,3
10,RSVP_first,68,10_4_106,VD,3,0.414309547602174,0.585690452397826,4
10,RSVP_first,69,10_4_107,CD,3,0.3006458293009513,0.6993541706990487,3
10,RSVP_first,70,10_4_108,CD,3,0.45923556478252037,0.5407644352174796,3
10,RSVP_first,71,10_4_109,VD,3,0.24230586252149636,0.7576941374785037,3
10,RSVP_first,72,10_4_110,CD,3,0.2440415559279861,0.755958444072014,4
10,RSVP_first,73,10_4_112,CD,3,0.2936132499729903,0.7063867500270097,5
10,RSVP_first,74,10_4_113,VD,3,0.4953956061619447,0.5046043938380552,5
10,RSVP_first,75,10_4_115,CD,3,0.09848178524195803,0.901518214758042,3
10,RSVP_first,77,10_4_119,CD,3,0.4329322475622553,0.5670677524377448,5
10,RSVP_first,78,10_4_120,VD,3,0.30745054572323394,0.6925494542767661,4
10,RSVP_first,79,10_4_121,VD,3,0.32498573697174893,0.6750142630282511,4
10,RSVP_first,80,10_4_122,VD,3,0.10353351626728632,0.8964664837327136,3
10,RSVP_first,83,10_4_127,CD,3,0.2675095462781738,0.7324904537218262,4
10,RSVP_first,84,10_4_128,CD,3,0.3205984090926274,0.6794015909073725,4
10,RSVP_first,85,10_5_129,VD,4,0.3281067931718637,0.6718932068281364,4
10,RSVP_first,86,10_5_132,CD,4,0.5148926477333505,0.48510735226664947,2
10,RSVP_first,87,10_5_133,CD,4,0.11705555696527872,0.8829444430347213,4
10,RSVP_first,89,10_5_135,CD,4,0.20516667130557925,0.7948333286944207,4
10,RSVP_first,90,10_5_136,VD,4,0.2535689940169479,0.7464310059830521,2
10,RSVP_first,91,10_5_138,CD,4,0.48534464192907956,0.5146553580709206,3
10,RSVP_first,92,10_5_139,VD,4,0.2685726253253814,0.7314273746746186,4
10,RSVP_first,93,10_5_141,CD,4,0.5028905898849603,0.49710941011503973,5
10,RSVP_first,94,10_5_142,VD,4,0.4527241196377746,0.5472758803622254,3
10,RSVP_first,95,10_5_143,VD,4,0.13291051601971457,0.8670894839802854,4
10,RSVP_first,98,10_5_146,VD,4,0.5298348451979289,0.4701651548020711,3
10,RSVP_first,99,10_5_148,VD,4,0.19309753804891178,0.8069024619510883,4
10,RSVP_first,100,10_5_149,CD,4,0.32845487410874663,0.6715451258912534,4
10,RSVP_first,101,10_5_150,VD,4,0.3267253589450929,0.6732746410549071,4
10,RSVP_first,102,10_5_151,VD,4,0.32111483162843046,0.6788851683715695,5
10,RSVP_first,104,10_5_153,CD,4,0.10466245858775793,0.8953375414122421,4
10,RSVP_first,105,10_5_155,CD,4,0.38680556752365103,0.613194432476349,3
10,RSVP_first,107,10_5_157,VD,4,0.3873487576928736,0.6126512423071264,3
10,RSVP_first,108,10_5_158,CD,4,0.1199107835447086,0.8800892164552914,4
10,RSVP_first,109,10_5_159,VD,4,0.38178733322525843,0.6182126667747415,5
10,RSVP_first,110,10_5_160,VD,4,0.1551255104510919,0.8448744895489081,3
10,RSVP_first,111,10_6_162,VD,5,0.2408251168564383,0.7591748831435617,5
10,RSVP_first,112,10_6_163,CD,5,0.5379479866955394,0.46205201330446055,4
10,RSVP_first,113,10_6_164,VD,5,0.1665410695048739,0.8334589304951261,4
10,RSVP_first,114,10_6_165,VD,5,0.31711264190842037,0.6828873580915796,4
10,RSVP_first,115,10_6_166,VD,5,0.10513282852445564,0.8948671714755444,4
10,RSVP_first,117,10_6_168,VD,5,0.10400077163731579,0.8959992283626842,4
10,RSVP_first,118,10_6_169,CD,5,0.11028986194114775,0.8897101380588522,4
10,RSVP_first,119,10_6_170,CD,5,0.1079236183132672,0.8920763816867329,3
10,RSVP_first,120,10_6_171,CD,5,0.1006390284692239,0.8993609715307761,4
10,RSVP_first,121,10_6_172,VD,5,0.38248918184845676,0.6175108181515432,3
10,RSVP_first,122,10_6_173,VD,5,0.09839630490378046,0.9016036950962195,4
10,RSVP_first,123,10_6_174,CD,5,0.31696537232821165,0.6830346276717884,4
10,RSVP_first,124,10_6_175,CD,5,0.1626474631857308,0.8373525368142691,4
10,RSVP_first,125,10_6_176,CD,5,0.3293193762585911,0.6706806237414089,4
10,RSVP_first,126,10_6_177,CD,5,0.10428167764489192,0.8957183223551081,4
10,RSVP_first,127,10_6_179,VD,5,0.10911413315986881,0.8908858668401312,4
10,RSVP_first,128,10_6_180,VD,5,0.10411595754136742,0.8958840424586326,4
10,RSVP_first,129,10_6_181,CD,5,0.6984661751414231,0.30153382485857694,3
10,RSVP_first,131,10_6_183,CD,5,0.32861077995235893,0.6713892200476411,4
10,RSVP_first,132,10_6_184,CD,5,0.39763042365707546,0.6023695763429245,3
10,RSVP_first,134,10_6_186,VD,5,0.5456814399902986,0.4543185600097014,2
10,RSVP_first,135,10_6_187,CD,5,0.35687562920724514,0.6431243707927549,6
10,RSVP_first,136,10_6_188,VD,5,0.3223391415838641,0.6776608584161359,4
10,RSVP_first,137,10_6_189,VD,5,0.28297065051057413,0.7170293494894259,5
10,RSVP_first,138,10_6_190,VD,5,0.38238627342697257,0.6176137265730275,3
10,RSVP_first,139,10_6_191,VD,5,0.5146213042955881,0.48537869570441194,2
10,RSVP_first,140,10_6_192,CD,5,0.10591946172071377,0.8940805382792862,4
10,RSVP_first,142,10_7_194,VD,6,0.3333012515293605,0.6666987484706395,4
10,RSVP_first,143,10_7_196,VD,6,0.282724787571416,0.717275212428584,5
10,RSVP_first,145,10_7_198,VD,6,0.4603638909188065,0.5396361090811935,5
10,RSVP_first,147,10_7_200,VD,6,0.3962805350099756,0.6037194649900244,3
10,RSVP_first,148,10_7_201,CD,6,0.18411004057697158,0.8158899594230284,4
10,RSVP_first,149,10_7_202,CD,6,0.10554103078927943,0.8944589692107207,4
10,RSVP_first,150,10_7_204,CD,6,0.28485399790247634,0.7151460020975237,4
10,RSVP_first,151,10_7_205,VD,6,0.25552950674820346,0.7444704932517966,4
10,RSVP_first,152,10_7_206,VD,6,0.5337424726250645,0.46625752737493553,4
10,RSVP_first,153,10_7_207,VD,6,0.0762291647488388,0.9237708352511612,2
10,RSVP_first,154,10_7_208,CD,6,0.3447094466030791,0.6552905533969209,4
10,RSVP_first,155,10_7_209,CD,6,0.3419613814019174,0.6580386185980827,4
10,RSVP_first,156,10_7_210,CD,6,0.5340251757386147,0.46597482426138526,4
10,RSVP_first,157,10_7_211,VD,6,0.10692754000212168,0.8930724599978783,3
10,RSVP_first,158,10_7_212,VD,6,0.10802952713612592,0.8919704728638741,4
10,RSVP_first,159,10_7_213,CD,6,0.34455184297270075,0.6554481570272992,4
10,RSVP_first,160,10_7_214,CD,6,0.5154134429736363,0.4845865570263636,2
10,RSVP_first,161,10_7_215,VD,6,0.5139792976138002,0.4860207023861998,2
10,RSVP_first,162,10_7_216,VD,6,0.2619499242227191,0.7380500757772809,4
10,RSVP_first,163,10_7_217,CD,6,0.5158649040727399,0.4841350959272601,2
10,RSVP_first,164,10_7_218,CD,6,0.3042191626332482,0.6957808373667518,5
10,RSVP_first,165,10_7_219,CD,6,0.2777832045456881,0.7222167954543118,5
10,RSVP_first,166,10_7_220,CD,6,0.5378358593530566,0.4621641406469434,4
10,RSVP_first,167,10_7_221,CD,6,0.11343065668969679,0.8865693433103032,4
10,RSVP_first,168,10_7_222,CD,6,0.13031130778951516,0.8696886922104848,4
10,RSVP_first,169,10_7_223,VD,6,0.09823231428750175,0.9017676857124983,4
10,RSVP_first,170,10_7_224,VD,6,0.5203507274031904,0.4796492725968096,2
10,RSVP_first,171,10_8_225,VD,7,0.4606524907860515,0.5393475092139485,3
10,RSVP_first,172,10_8_226,CD,7,0.13704805494495537,0.8629519450550447,5
10,RSVP_first,174,10_8_228,CD,7,0.1858789079002614,0.8141210920997386,4
10,RSVP_first,175,10_8_229,CD,7,0.10314724999276768,0.8968527500072323,4
10,RSVP_first,176,10_8_230,VD,7,0.38398796673455887,0.6160120332654411,3
10,RSVP_first,177,10_8_231,VD,7,0.3527777736597585,0.6472222263402416,4
10,RSVP_first,178,10_8_232,VD,7,0.2842888491008637,0.7157111508991363,4
10,RSVP_first,180,10_8_234,CD,7,0.099190433351969,0.900809566648031,4
10,RSVP_first,182,10_8_236,CD,7,0.30356201468551447,0.6964379853144855,4
10,RSVP_first,184,10_8_238,VD,7,0.26645318070087465,0.7335468192991254,5
10,RSVP_first,185,10_8_239,CD,7,0.547064198204923,0.45293580179507703,5
10,RSVP_first,186,10_8_240,VD,7,0.11324568064022053,0.8867543193597794,4
10,RSVP_first,187,10_8_241,CD,7,0.38339761022348157,0.6166023897765184,3
10,RSVP_first,188,10_8_243,VD,7,0.6801990197104135,0.31980098028958653,3
10,RSVP_first,189,10_8_244,VD,7,0.11289339217286352,0.8871066078271365,4
10,RSVP_first,190,10_8_245,CD,7,0.38106004246415626,0.6189399575358437,3
10,RSVP_first,191,10_8_246,CD,7,0.46410681627247385,0.5358931837275261,5
10,RSVP_first,192,10_8_247,CD,7,0.39311898055374545,0.6068810194462545,5
10,RSVP_first,193,10_8_248,VD,7,0.12366986265511348,0.8763301373448865,4
10,RSVP_first,194,10_8_249,CD,7,0.5139463903499893,0.4860536096500106,2
10,RSVP_first,195,10_8_250,CD,7,0.09798007565268589,0.902019924347314,4
10,RSVP_first,196,10_8_251,VD,7,0.3892911559297571,0.610708844070243,3
10,RSVP_first,197,10_8_252,VD,7,0.3196154911171435,0.6803845088828565,4
10,RSVP_first,198,10_8_253,VD,7,0.10427613280916521,0.8957238671908349,4
10,RSVP_first,199,10_8_254,CD,7,0.5139621586732607,0.48603784132673933,2
10,RSVP_first,200,10_8_255,VD,7,0.3850707206893733,0.6149292793106267,3
10,RSVP_first,201,10_8_256,VD,7,0.10562000928347275,0.8943799907165272,4
10,RSVP_first,202,10_9_257,CD,8,0.10063966340814164,0.8993603365918583,4
10,RSVP_first,203,10_9_258,VD,8,0.3957303440096812,0.6042696559903188,4
10,RSVP_first,205,10_9_260,VD,8,0.13892474816275308,0.861075251837247,4
10,RSVP_first,206,10_9_262,CD,8,0.3879751116131929,0.6120248883868071,3
10,RSVP_first,207,10_9_264,VD,8,0.5146939885707045,0.48530601142929547,2
10,RSVP_first,208,10_9_266,CD,8,0.11000153998461507,0.889998460015385,4
10,RSVP_first,209,10_9_267,VD,8,0.4655459330095445,0.5344540669904555,5
10,RSVP_first,210,10_9_268,CD,8,0.5139100472513202,0.48608995274867983,2
10,RSVP_first,211,10_9_269,CD,8,0.5153824549409081,0.48461754505909194,2
10,RSVP_first,212,10_9_270,CD,8,0.10794773146360068,0.8920522685363993,4
10,RSVP_first,213,10_9_271,CD,8,0.14021383954132122,0.8597861604586787,4
10,RSVP_first,214,10_9_272,VD,8,0.10500502169897255,0.8949949783010275,4
10,RSVP_first,215,10_9_273,VD,8,0.4670883427349908,0.5329116572650092,5
10,RSVP_first,217,10_9_275,VD,8,0.24858394556204808,0.7514160544379519,5
10,RSVP_first,218,10_9_276,CD,8,0.11053334382818394,0.8894666561718161,3
10,RSVP_first,219,10_9_277,VD,8,0.33035901141888047,0.6696409885811195,4
10,RSVP_first,220,10_9_279,VD,8,0.3829230377827646,0.6170769622172354,3
10,RSVP_first,222,10_9_281,CD,8,0.4583994014370359,0.5416005985629642,5
10,RSVP_first,223,10_9_283,VD,8,0.27832348083606173,0.7216765191639383,5
10,RSVP_first,224,10_9_284,CD,8,0.10513997331723954,0.8948600266827604,4
10,RSVP_first,225,10_9_285,VD,8,0.0988428735277185,0.9011571264722815,4
10,RSVP_first,227,10_9_287,CD,8,0.38278377886412945,0.6172162211358706,3
10,RSVP_first,228,10_9_288,CD,8,0.2825305002470977,0.7174694997529023,5
11,VST_first,1,11_2_34,CD,1,0.5025085072624411,0.49749149273755877,2
11,VST_first,2,11_2_35,CD,1,0.14246801767019707,0.857531982329803,3
11,VST_first,3,11_2_36,VD,1,0.3974432515438143,0.6025567484561857,3
11,VST_first,4,11_2_37,CD,1,0.42684337552628,0.5731566244737201,3
11,VST_first,5,11_2_38,VD,1,0.19099351246489835,0.8090064875351016,3
11,VST_first,7,11_2_46,VD,1,0.10181529256290074,0.8981847074370992,3
11,VST_first,8,11_2_47,CD,1,0.5349424889511148,0.46505751104888515,4
11,VST_first,9,11_2_48,CD,1,0.5342801267982639,0.46571987320173613,4
11,VST_first,10,11_2_49,CD,1,0.28790169461346465,0.7120983053865353,5
11,VST_first,11,11_2_51,VD,1,0.11094765735019141,0.8890523426498086,4
11,VST_first,12,11_2_52,CD,1,0.0973998080072253,0.9026001919927746,4
11,VST_first,13,11_2_53,VD,1,0.5303483938515006,0.46965160614849943,4
11,VST_first,14,11_2_54,VD,1,0.5139100472513202,0.48608995274867983,2
11,VST_first,15,11_2_55,VD,1,0.10086523127208255,0.8991347687279174,4
11,VST_first,16,11_2_56,VD,1,0.09772336212597672,0.9022766378740232,4
11,VST_first,18,11_2_58,CD,1,0.0996355041262369,0.9003644958737631,4
11,VST_first,19,11_2_59,CD,1,0.38265246979049833,0.6173475302095017,3
11,VST_first,20,11_2_60,VD,1,0.38314816404784013,0.6168518359521598,3
11,VST_first,21,11_2_61,VD,1,0.10110040706091011,0.8988995929390899,4
11,VST_first,22,11_2_62,VD,1,0.09918498932822237,0.9008150106717776,4
11,VST_first,24,11_2_64,CD,1,0.10065929372737759,0.8993407062726224,4
11,VST_first,26,11_3_66,VD,2,0.39384460189045,0.60615539810955,3
11,VST_first,27,11_3_67,CD,2,0.384872121877675,0.6151278781223251,3
11,VST_first,28,11_3_68,CD,2,0.10486490805386017,0.8951350919461398,4
11,VST_first,29,11_3_69,CD,2,0.3829285188054081,0.6170714811945919,3
11,VST_first,30,11_3_70,CD,2,0.3181673747930781,0.6818326252069219,4
11,VST_first,31,11_3_71,CD,2,0.10004382458289865,0.8999561754171013,4
11,VST_first,32,11_3_74,CD,2,0.10212961923746143,0.8978703807625386,4
11,VST_first,34,11_3_76,VD,2,0.10323170766880405,0.8967682923311959,4
11,VST_first,35,11_3_77,VD,2,0.5140328213632861,0.48596717863671385,2
11,VST_first,36,11_3_78,VD,2,0.13249199629631708,0.8675080037036829,3
11,VST_first,37,11_3_79,VD,2,0.31874394500572856,0.6812560549942714,4
11,VST_first,39,11_3_81,CD,2,0.31920270845361803,0.680797291546382,4
11,VST_first,40,11_3_82,VD,2,0.11433673911774156,0.8856632608822586,4
11,VST_first,41,11_3_83,VD,2,0.5146939885707045,0.48530601142929547,2
11,VST_first,42,11_3_84,VD,2,0.10860844143591947,0.8913915585640806,4
11,VST_first,43,11_3_85,VD,2,0.31953536021614115,0.6804646397838588,4
11,VST_first,45,11_3_87,CD,2,0.11657842551668521,0.8834215744833148,4
11,VST_first,46,11_3_88,CD,2,0.12106673621057208,0.8789332637894279,4
11,VST_first,47,11_3_89,CD,2,0.12710104280962142,0.8728989571903786,4
11,VST_first,48,11_3_90,VD,2,0.19194157943094972,0.8080584205690503,4
11,VST_first,49,11_3_91,CD,2,0.5138655157107779,0.4861344842892221,2
11,VST_first,50,11_3_92,VD,2,0.38556340986278287,0.6144365901372172,3
11,VST_first,51,11_3_93,CD,2,0.5145053708702474,0.48549462912975266,2
11,VST_first,52,11_3_94,VD,2,0.12449036787527303,0.875509632124727,4
11,VST_first,53,11_3_95,CD,2,0.11864222410333651,0.8813577758966635,4
11,VST_first,54,11_3_96,CD,2,0.1114967306502988,0.8885032693497013,4
11,VST_first,55,11_4_97,CD,3,0.13590249355323575,0.8640975064467642,4
11,VST_first,56,11_4_98,VD,3,0.3379901161857084,0.6620098838142916,4
11,VST_first,57,11_4_99,CD,3,0.4205982304912667,0.5794017695087332,3
11,VST_first,58,11_4_100,VD,3,0.11931165591034418,0.8806883440896559,4
11,VST_first,59,11_4_101,VD,3,0.5233832945735377,0.4766167054264623,2
11,VST_first,60,11_4_102,VD,3,0.1467435034473204,0.8532564965526797,4
11,VST_first,61,11_4_103,CD,3,0.3584004684255292,0.6415995315744708,4
11,VST_first,62,11_4_104,CD,3,0.5221521515319866,0.4778478484680134,2
11,VST_first,63,11_4_105,CD,3,0.09534201015942885,0.9046579898405711,3
11,VST_first,64,11_4_106,VD,3,0.12385459407261898,0.876145405927381,4
11,VST_first,65,11_4_107,VD,3,0.11176428430200033,0.8882357156979996,4
11,VST_first,66,11_4_108,CD,3,0.39555046664723637,0.6044495333527636,3
11,VST_first,67,11_4_109,CD,3,0.5139621586732607,0.48603784132673933,2
11,VST_first,68,11_4_110,VD,3,0.32958243521517866,0.6704175647848214,4
11,VST_first,69,11_4_111,VD,3,0.10354518241098429,0.8964548175890157,4
11,VST_first,70,11_4_112,VD,3,0.32209853075198025,0.6779014692480199,4
11,VST_first,71,11_4_113,CD,3,0.10873667819678415,0.8912633218032158,4
11,VST_first,72,11_4_114,VD,3,0.11631118036917651,0.8836888196308235,4
11,VST_first,73,11_4_115,VD,3,0.4083269859391182,0.5916730140608818,3
11,VST_first,74,11_4_116,CD,3,0.12776653355344478,0.8722334664465552,4
11,VST_first,75,11_4_117,VD,3,0.5194443501862793,0.4805556498137206,2
11,VST_first,76,11_4_118,CD,3,0.14782309314274353,0.8521769068572564,4
11,VST_first,77,11_4_119,CD,3,0.10891335323717158,0.8910866467628284,4
11,VST_first,80,11_4_122,VD,3,0.3878486614545106,0.6121513385454894,3
11,VST_first,81,11_4_123,CD,3,0.15301512197839015,0.8469848780216098,4
11,VST_first,82,11_4_124,CD,3,0.10127380299325899,0.8987261970067411,4
11,VST_first,83,11_4_125,VD,3,0.12070552160415486,0.8792944783958452,4
11,VST_first,84,11_4_126,CD,3,0.3342345740757784,0.6657654259242216,4
11,VST_first,87,11_5_129,VD,4,0.3190511235220979,0.680948876477902,4
11,VST_first,88,11_5_130,CD,4,0.5146939885707045,0.48530601142929547,2
11,VST_first,89,11_5_131,VD,4,0.11796646359034849,0.8820335364096515,4
11,VST_first,91,11_5_133,VD,4,0.38367984073387573,0.6163201592661243,3
11,VST_first,92,11_5_134,CD,4,0.09959568635486336,0.9004043136451366,4
11,VST_first,93,11_5_135,CD,4,0.1088392585001496,0.8911607414998504,4
11,VST_first,95,11_5_137,CD,4,0.15207924666339118,0.8479207533366088,4
11,VST_first,96,11_5_138,CD,4,0.40037160245916226,0.5996283975408376,3
11,VST_first,98,11_5_140,VD,4,0.1256892463908501,0.8743107536091499,4
11,VST_first,99,11_5_141,CD,4,0.5151683223299425,0.4848316776700575,2
11,VST_first,100,11_5_142,VD,4,0.1290678689816197,0.8709321310183803,4
11,VST_first,101,11_5_143,VD,4,0.3937654235078459,0.6062345764921541,4
11,VST_first,102,11_5_144,VD,4,0.18124582847601722,0.8187541715239828,4
11,VST_first,104,11_5_146,VD,4,0.11855652766779719,0.8814434723322029,4
11,VST_first,105,11_5_147,CD,4,0.39239976293697976,0.6076002370630204,3
11,VST_first,106,11_5_148,CD,4,0.4364409881431842,0.5635590118568158,5
11,VST_first,107,11_5_149,CD,4,0.20251913835880508,0.7974808616411949,3
11,VST_first,108,11_5_150,VD,4,0.10579394790388734,0.8942060520961127,4
11,VST_first,109,11_5_151,CD,4,0.32069817124033917,0.6793018287596608,4
11,VST_first,110,11_5_152,VD,4,0.5140328213632861,0.48596717863671385,2
11,VST_first,111,11_5_153,VD,4,0.1333960005435401,0.8666039994564599,4
11,VST_first,112,11_5_154,VD,4,0.38573481731196535,0.61426518268803465,3
11,VST_first,113,11_5_155,CD,4,0.10940128667085974,0.8905987133291402,4
11,VST_first,114,11_5_156,VD,4,0.11246989910657422,0.8875301008934258,4
11,VST_first,115,11_5_157,CD,4,0.43603069666997135,0.5639693033300286,5
11,VST_first,116,11_5_158,VD,4,0.5222605556276195,0.47773944437238053,2
11,VST_first,117,11_5_159,CD,4,0.16331358699844103,0.836686413001559,4
11,VST_first,118,11_5_160,CD,4,0.1594110252417242,0.8405889747582758,4
11,VST_first,119,11_6_161,CD,5,0.5148404899325639,0.485159510067436,2
11,VST_first,120,11_6_162,CD,5,0.13564157658045647,0.8643584234195435,4
11,VST_first,121,11_6_163,CD,5,0.10821839793368569,0.8917816020663143,4
11,VST_first,122,11_6_164,CD,5,0.46022067504078185,0.5397793249592182,3
11,VST_first,123,11_6_166,CD,5,0.10939367018213567,0.8906063298178644,4
11,VST_first,124,11_6_167,CD,5,0.13784350225555025,0.8621564977444497,4
11,VST_first,125,11_6_168,CD,5,0.3207119558912045,0.6792880441087956,4
11,VST_first,126,11_6_169,VD,5,0.10710932772505422,0.8928906722749458,4
11,VST_first,127,11_6_170,VD,5,0.3541853744150213,0.6458146255849787,4
11,VST_first,128,11_6_171,VD,5,0.12850975011438875,0.8714902498856112,4
11,VST_first,129,11_6_172,CD,5,0.38770137861978315,0.6122986213802168,3
11,VST_first,130,11_6_173,CD,5,0.3299947473531658,0.6700052526468342,4
11,VST_first,131,11_6_174,CD,5,0.10139210852739211,0.8986078914726079,4
11,VST_first,132,11_6_175,VD,5,0.16938769271892595,0.830612307281074,4
11,VST_first,133,11_6_176,VD,5,0.09796529185904151,0.9020347081409585,4
11,VST_first,134,11_6_177,VD,5,0.13057956074359667,0.8694204392564033,4
11,VST_first,135,11_6_178,VD,5,0.31747574721899874,0.6825242527810013,4
11,VST_first,136,11_6_179,VD,5,0.5139764394798829,0.486023560520117,2
11,VST_first,138,11_6_181,VD,5,0.15123885341926752,0.8487611465807325,4
11,VST_first,139,11_6_182,CD,5,0.16593534180843428,0.8340646581915657,4
11,VST_first,140,11_6_183,VD,5,0.3903930997476525,0.6096069002523474,3
11,VST_first,143,11_6_186,VD,5,0.5154588024789278,0.4845411975210722,2
11,VST_first,144,11_6_187,CD,5,0.3401651831802243,0.6598348168197757,3
11,VST_first,145,11_6_188,VD,5,0.4217994627682219,0.5782005372317781,3
11,VST_first,146,11_6_189,VD,5,0.09607979070437778,0.9039202092956222,3
11,VST_first,147,11_6_190,VD,5,0.10557275136948635,0.8944272486305136,4
11,VST_first,149,11_6_192,CD,5,0.11530994170303349,0.8846900582969666,4
11,VST_first,150,11_7_193,VD,6,0.34889986494382985,0.6511001350561703,4
11,VST_first,152,11_7_196,VD,6,0.5143464270730403,0.4856535729269597,2
11,VST_first,153,11_7_197,VD,6,0.10202816433925693,0.897971835660743,4
11,VST_first,154,11_7_198,CD,6,0.11155380906117965,0.8884461909388204,4
11,VST_first,155,11_7_199,CD,6,0.5170487871151875,0.4829512128848125,2
11,VST_first,156,11_7_200,CD,6,0.25300705804839135,0.7469929419516086,4
11,VST_first,157,11_7_201,CD,6,0.1120005807353336,0.8879994192646663,4
11,VST_first,158,11_7_202,VD,6,0.5141109604134417,0.48588903958655827,2
11,VST_first,159,11_7_203,CD,6,0.10784555186598649,0.8921544481340135,4
11,VST_first,160,11_7_204,CD,6,0.10308560450571636,0.8969143954942836,4
11,VST_first,161,11_7_205,VD,6,0.297917460668052,0.702082539331948,5
11,VST_first,162,11_7_206,VD,6,0.5382612703778531,0.4617387296221469,4
11,VST_first,163,11_7_207,CD,6,0.517573493272362,0.4824265067276379,2
11,VST_first,165,11_7_209,CD,6,0.3311429084692957,0.6688570915307043,4
11,VST_first,166,11_7_210,CD,6,0.3868953331089161,0.6131046668910839,3
11,VST_first,167,11_7_211,VD,6,0.3838180791247139,0.6161819208752861,3
11,VST_first,168,11_7_212,VD,6,0.08915957506037876,0.9108404249396213,3
11,VST_first,169,11_7_213,VD,6,0.45576944207240366,0.5442305579275963,5
11,VST_first,170,11_7_214,VD,6,0.3183648809751344,0.6816351190248656,4
11,VST_first,171,11_7_215,VD,6,0.10698839459150378,0.8930116054084962,4
11,VST_first,172,11_7_216,CD,6,0.3859708125989736,0.6140291874010264,3
11,VST_first,173,11_7_217,CD,6,0.1107249161678606,0.8892750838321395,4
11,VST_first,174,11_7_218,VD,6,0.09343789101433071,0.9065621089856692,3
11,VST_first,176,11_7_221,VD,6,0.1854706559149455,0.8145293440850545,4
11,VST_first,177,11_7_222,CD,6,0.10651325417232513,0.8934867458276748,4
11,VST_first,179,11_7_224,CD,6,0.16397077303772348,0.8360292269622766,3
11,VST_first,180,11_8_225,VD,7,0.48288226623075703,0.517117733769243,5
11,VST_first,181,11_8_226,VD,7,0.5174870786765591,0.48251292132344087,2
11,VST_first,183,11_8_228,CD,7,0.11410860062950363,0.8858913993704964,4
11,VST_first,184,11_8_230,CD,7,0.5139633134735144,0.4860366865264855,2
11,VST_first,185,11_8_231,CD,7,0.10751571560109811,0.8924842843989019,4
11,VST_first,186,11_8_232,VD,7,0.0940839975604808,0.9059160024395192,3
11,VST_first,187,11_8_233,CD,7,0.38247607991699617,0.6175239200830038,3
11,VST_first,188,11_8_234,VD,7,0.517573493272362,0.4824265067276379,2
11,VST_first,189,11_8_235,CD,7,0.5142432057171187,0.48575679428288143,2
11,VST_first,190,11_8_236,CD,7,0.11473026220551716,0.8852697377944828,4
11,VST_first,192,11_8_238,VD,7,0.5071109039580501,0.4928890960419499,4
11,VST_first,193,11_8_239,CD,7,0.24424790363361953,0.7557520963663804,3
11,VST_first,195,11_8_241,CD,7,0.09988547314235757,0.9001145268576425,4
11,VST_first,196,11_8_242,VD,7,0.24997911694675012,0.7500208830532499,3
11,VST_first,197,11_8_243,VD,7,0.4474200579713849,0.552579942028615,4
11,VST_first,198,11_8_244,VD,7,0.3206578676138291,0.6793421323861709,4
11,VST_first,199,11_8_245,CD,7,0.10661504138536887,0.8933849586146312,3
11,VST_first,200,11_8_246,CD,7,0.21902403940051435,0.7809759605994857,3
11,VST_first,201,11_8_247,CD,7,0.3907866301063222,0.6092133698936778,3
11,VST_first,202,11_8_248,VD,7,0.3849255785173271,0.6150744214826729,3
11,VST_first,203,11_8_249,VD,7,0.11002679290113271,0.8899732070988673,4
11,VST_first,204,11_8_250,CD,7,0.10291546506614502,0.897084534933855,4
11,VST_first,205,11_8_251,CD,7,0.39241772126072594,0.6075822787392741,5
11,VST_first,207,11_8_253,VD,7,0.13973398791820912,0.8602660120817909,4
11,VST_first,208,11_8_254,CD,7,0.1151450752638147,0.8848549247361853,4
11,VST_first,209,11_8_255,VD,7,0.13843599230803275,0.8615640076919673,4
11,VST_first,210,11_8_256,VD,7,0.12086922968419497,0.879130770315805,4
11,VST_first,211,11_9_257,VD,8,0.3993415644067565,0.6006584355932434,4
11,VST_first,212,11_9_258,CD,8,0.40349394221208523,0.5965060577879149,3
11,VST_first,214,11_9_260,VD,8,0.13824280788991755,0.8617571921100824,4
11,VST_first,215,11_9_261,CD,8,0.12848331919857295,0.871516680801427,4
11,VST_first,217,11_9_263,CD,8,0.10007176694189497,0.8999282330581051,4
11,VST_first,218,11_9_264,VD,8,0.5150933647198388,0.48490663528016115,2
11,VST_first,219,11_9_265,CD,8,0.47179563021626136,0.5282043697837387,3
11,VST_first,220,11_9_266,CD,8,0.4054023555671972,0.5945976444328027,4
11,VST_first,221,11_9_267,VD,8,0.10359386094558222,0.8964061390544178,4
11,VST_first,223,11_9_269,CD,8,0.5138752579390036,0.48612474206099643,2
11,VST_first,224,11_9_270,VD,8,0.5145053708702474,0.48549462912975266,2
11,VST_first,225,11_9_271,VD,8,0.4647912454274338,0.5352087545725662,3
11,VST_first,226,11_9_272,VD,8,0.1506350178716465,0.8493649821283534,4
11,VST_first,227,11_9_273,VD,8,0.14557059807160244,0.8544294019283976,4
11,VST_first,228,11_9_274,CD,8,0.1357134420274697,0.8642865579725303,4
11,VST_first,230,11_9_276,CD,8,0.11595875709849773,0.8840412429015022,4
11,VST_first,231,11_9_277,CD,8,0.3550312951824198,0.6449687048175801,4
11,VST_first,232,11_9_278,CD,8,0.12084179225091857,0.8791582077490814,4
11,VST_first,233,11_9_279,CD,8,0.11642080237555524,0.8835791976244447,4
11,VST_first,234,11_9_280,VD,8,0.1282538623854944,0.8717461376145056,4
11,VST_first,235,11_9_281,VD,8,0.3302521715581118,0.6697478284418882,4
11,VST_first,236,11_9_282,CD,8,0.129443705377469,0.870556294622531,3
11,VST_first,237,11_9_283,VD,8,0.11071557197072207,0.889284428029278,4
11,VST_first,238,11_9_284,CD,8,0.2653374566679353,0.7346625433320647,5
11,VST_first,239,11_9_285,VD,8,0.11315791495928834,0.8868420850407116,4
11,VST_first,240,11_9_286,VD,8,0.22646299849612245,0.7735370015038775,4
11,VST_first,241,11_9_287,VD,8,0.3891193949076845,0.6108806050923156,3
11,VST_first,242,11_9_288,CD,8,0.5151683223299425,0.4848316776700575,2
12,RSVP_first,1,12_2_33,VD,1,0.6779611661110275,0.32203883388897253,3
12,RSVP_first,2,12_2_34,VD,1,0.3567913412192775,0.6432086587807224,4
12,RSVP_first,3,12_2_35,VD,1,0.37112807859010977,0.6288719214098903,4
12,RSVP_first,4,12_2_36,CD,1,0.11158920106706285,0.8884107989329372,4
12,RSVP_first,5,12_2_39,CD,1,0.3419292473708776,0.6580707526291224,4
12,RSVP_first,6,12_2_40,CD,1,0.3926002830452816,0.6073997169547184,3
12,RSVP_first,7,12_2_41,CD,1,0.2515087674693125,0.7484912325306874,3
12,RSVP_first,8,12_2_42,CD,1,0.08209768211973964,0.9179023178802603,2
12,RSVP_first,9,12_2_43,VD,1,0.29286842275349523,0.7071315772465048,5
12,RSVP_first,10,12_2_44,CD,1,0.5155905458570302,0.48440945414296976,2
12,RSVP_first,11,12_2_45,VD,1,0.4109819551711283,0.5890180448288717,5
12,RSVP_first,12,12_2_46,VD,1,0.118610730033373,0.881389269966627,4
12,RSVP_first,13,12_2_47,VD,1,0.14007879939163834,0.8599212006083616,4
12,RSVP_first,14,12_2_48,VD,1,0.1216442265879697,0.8783557734120303,4
12,RSVP_first,15,12_2_49,VD,1,0.3069740266267679,0.6930259733732321,3
12,RSVP_first,16,12_2_50,CD,1,0.1482328792082543,0.8517671207917458,4
12,RSVP_first,17,12_2_51,CD,1,0.1622605831937221,0.837739416806278,4
12,RSVP_first,18,12_2_52,CD,1,0.1941494548172322,0.8058505451827678,4
12,RSVP_first,19,12_2_53,CD,1,0.22104112080487076,0.7789588791951292,4
12,RSVP_first,21,12_2_55,CD,1,0.20189576486327485,0.7981042351367252,4
12,RSVP_first,22,12_2_56,CD,1,0.1571565425583096,0.8428434574416903,4
12,RSVP_first,23,12_2_57,CD,1,0.36772541451224916,0.6322745854877508,3
12,RSVP_first,24,12_2_58,VD,1,0.39352512556842173,0.6064748744315782,3
12,RSVP_first,25,12_2_59,VD,1,0.5333939141720689,0.466606085827931,2
12,RSVP_first,26,12_2_60,VD,1,0.2946537828711105,0.7053462171288896,4
12,RSVP_first,28,12_2_62,VD,1,0.558524092331517,0.44147590766848294,3
12,RSVP_first,29,12_2_63,VD,1,0.5037318013112776,0.49626819868872246,5
12,RSVP_first,32,12_3_66,CD,2,0.19204324825382385,0.8079567517461761,4
12,RSVP_first,33,12_3_67,VD,2,0.5642876758345337,0.4357123241654664,3
12,RSVP_first,34,12_3_68,VD,2,0.4250819090986321,0.5749180909013679,3
12,RSVP_first,35,12_3_69,VD,2,0.4854088809509206,0.5145911190490794,6
12,RSVP_first,36,12_3_70,VD,2,0.430022569911521,0.569977430088479,3
12,RSVP_first,37,12_3_71,VD,2,0.619870352156819,0.3801296478431811,4
12,RSVP_first,38,12_3_72,VD,2,0.13192631031656252,0.8680736896834375,4
12,RSVP_first,39,12_3_73,CD,2,0.5151683223299425,0.4848316776700575,2
12,RSVP_first,40,12_3_74,CD,2,0.5033027854647084,0.4966972145352916,5
12,RSVP_first,41,12_3_75,CD,2,0.6949746404091556,0.3050253595908444,6
12,RSVP_first,42,12_3_76,VD,2,0.49266999728192395,0.507330002718076,5
12,RSVP_first,43,12_3_78,VD,2,0.15622266627604994,0.84377733372395,4
12,RSVP_first,44,12_3_79,CD,2,0.4085339593062745,0.5914660406937255,3
12,RSVP_first,45,12_3_80,CD,2,0.31307728977119115,0.6869227102288089,5
12,RSVP_first,46,12_3_81,CD,2,0.10991497291423497,0.890085027085765,4
12,RSVP_first,48,12_3_83,CD,2,0.3902726977449462,0.6097273022550538,3
12,RSVP_first,49,12_3_84,CD,2,0.15672350414452163,0.8432764958554784,4
12,RSVP_first,50,12_3_85,VD,2,0.10806007787912975,0.8919399221208703,4
12,RSVP_first,51,12_3_86,CD,2,0.2600815989312822,0.7399184010687179,4
12,RSVP_first,52,12_3_87,VD,2,0.2870638443706537,0.7129361556293463,4
12,RSVP_first,53,12_3_88,CD,2,0.5139633134735144,0.4860366865264855,2
12,RSVP_first,54,12_3_89,CD,2,0.25780793476662506,0.742192065233375,4
12,RSVP_first,56,12_3_91,VD,2,0.10941027205983883,0.8905897279401612,4
12,RSVP_first,57,12_3_92,VD,2,0.5194443501862793,0.4805556498137206,2
12,RSVP_first,58,12_3_93,VD,2,0.33010506047596166,0.6698949395240383,4
12,RSVP_first,60,12_3_95,CD,2,0.37766548227069824,0.6223345177293018,5
12,RSVP_first,61,12_3_96,VD,2,0.4426432800757698,0.5573567199242302,5
12,RSVP_first,62,12_4_97,VD,3,0.2126562914163917,0.7873437085836082,4
12,RSVP_first,63,12_4_98,CD,3,0.5170487871151875,0.4829512128848125,2
12,RSVP_first,64,12_4_99,CD,3,0.22042408677962375,0.7795759132203762,4
12,RSVP_first,65,12_4_100,VD,3,0.42334373540462794,0.576656264595372,3
12,RSVP_first,66,12_4_102,CD,3,0.3473193982948348,0.6526806017051652,4
12,RSVP_first,67,12_4_103,CD,3,0.12576685327816317,0.8742331467218368,4
12,RSVP_first,69,12_4_105,VD,3,0.5151798071594968,0.4848201928405031,2
12,RSVP_first,70,12_4_106,CD,3,0.0984567967028645,0.9015432032971356,4
12,RSVP_first,71,12_4_107,CD,3,0.6761484032172792,0.3238515967827208,4
12,RSVP_first,72,12_4_108,VD,3,0.12555566925003547,0.8744443307499645,4
12,RSVP_first,73,12_4_109,VD,3,0.1521623852545714,0.8478376147454286,4
12,RSVP_first,74,12_4_110,VD,3,0.1061074350704657,0.8938925649295343,4
12,RSVP_first,75,12_4_111,CD,3,0.2872770351594227,0.7127229648405773,5
12,RSVP_first,76,12_4_112,CD,3,0.13893949450239013,0.8610605054976099,4
12,RSVP_first,77,12_4_113,CD,3,0.5772034226709787,0.4227965773290213,5
12,RSVP_first,78,12_4_114,VD,3,0.19074729282054012,0.8092527071794599,4
12,RSVP_first,79,12_4_115,CD,3,0.11856617614083337,0.8814338238591666,4
12,RSVP_first,80,12_4_116,VD,3,0.11861881621835904,0.881381183781641,4
12,RSVP_first,81,12_4_117,VD,3,0.5230253943414087,0.4769746056585913,4
12,RSVP_first,82,12_4_118,VD,3,0.32017932819016687,0.6798206718098332,3
12,RSVP_first,83,12_4_119,CD,3,0.7373453914584102,0.26265460854158984,3
12,RSVP_first,86,12_4_122,VD,3,0.5265556657346453,0.47344433426535465,5
12,RSVP_first,87,12_4_123,CD,3,0.13173032239385685,0.8682696776061432,4
12,RSVP_first,88,12_4_124,CD,3,0.3848991089270094,0.6151008910729906,3
12,RSVP_first,89,12_4_125,VD,3,0.13590131084359758,0.8640986891564024,4
12,RSVP_first,90,12_4_126,CD,3,0.5141109604134417,0.48588903958655827,2
12,RSVP_first,91,12_4_127,VD,3,0.13600182170818792,0.8639981782918121,3
12,RSVP_first,92,12_4_128,VD,3,0.11445910160889386,0.8855408983911062,4
12,RSVP_first,94,12_5_131,CD,4,0.40821967052188646,0.5917803294781135,3
12,RSVP_first,95,12_5_132,CD,4,0.15743696598274926,0.8425630340172507,4
12,RSVP_first,96,12_5_133,VD,4,0.3647975549182615,0.6352024450817384,4
12,RSVP_first,98,12_5_135,VD,4,0.13118456924458163,0.8688154307554183,4
12,RSVP_first,99,12_5_136,VD,4,0.2390416122416495,0.7609583877583505,4
12,RSVP_first,100,12_5_137,VD,4,0.3755675891016857,0.6244324108983144,5
12,RSVP_first,101,12_5_138,VD,4,0.13702446167179733,0.8629755383282026,4
12,RSVP_first,102,12_5_139,CD,4,0.5157885617582725,0.48421143824172763,2
12,RSVP_first,103,12_5_140,CD,4,0.34306041134174825,0.6569395886582517,4
12,RSVP_first,104,12_5_141,VD,4,0.5146213042955881,0.48537869570441194,2
12,RSVP_first,105,12_5_142,CD,4,0.5139633134735144,0.4860366865264855,2
12,RSVP_first,106,12_5_143,VD,4,0.5246284160529965,0.4753715839470035,5
12,RSVP_first,107,12_5_144,CD,4,0.13573756483331034,0.8642624351666897,4
12,RSVP_first,109,12_5_146,CD,4,0.1303642989240737,0.8696357010759264,4
12,RSVP_first,111,12_5_148,VD,4,0.14998612191052058,0.8500138780894794,4
12,RSVP_first,112,12_5_149,VD,4,0.3126565868177238,0.6873434131822762,5
12,RSVP_first,113,12_5_150,CD,4,0.30071400762863,0.69928599237137,5
12,RSVP_first,114,12_5_151,CD,4,0.14903550071205598,0.8509644992879439,4
12,RSVP_first,115,12_5_152,CD,4,0.47128879204983787,0.5287112079501621,4
12,RSVP_first,116,12_5_154,VD,4,0.38638057341844967,0.6136194265815503,3
12,RSVP_first,117,12_5_155,VD,4,0.5144335918498427,0.4855664081501573,2
12,RSVP_first,118,12_5_156,CD,4,0.4452677644545182,0.5547322355454818,4
12,RSVP_first,119,12_5_157,VD,4,0.12486783212562846,0.8751321678743715,3
12,RSVP_first,120,12_5_158,VD,4,0.5018640774047459,0.4981359225952541,5
12,RSVP_first,121,12_5_159,VD,4,0.10664109113133513,0.8933589088686649,4
12,RSVP_first,122,12_5_160,CD,4,0.5358424041918325,0.4641575958081675,4
12,RSVP_first,123,12_6_161,CD,5,0.2695878475888865,0.7304121524111135,4
12,RSVP_first,124,12_6_162,VD,5,0.1618157956015163,0.8381842043984837,4
12,RSVP_first,125,12_6_163,CD,5,0.433119692896008,0.566880307103992,3
12,RSVP_first,127,12_6_165,CD,5,0.11300602906125247,0.8869939709387475,4
12,RSVP_first,129,12_6_167,VD,5,0.5138655157107779,0.4861344842892221,2
12,RSVP_first,130,12_6_168,VD,5,0.113970449021989,0.8860295509780111,4
12,RSVP_first,131,12_6_169,VD,5,0.17979371428688334,0.8202062857131166,4
12,RSVP_first,132,12_6_170,VD,5,0.12196676810065088,0.8780332318993491,3
12,RSVP_first,133,12_6_171,VD,5,0.12673863410418382,0.8732613658958162,4
12,RSVP_first,134,12_6_172,CD,5,0.4574301348915366,0.5425698651084634,5
12,RSVP_first,135,12_6_173,VD,5,0.3219825657883039,0.6780174342116961,5
12,RSVP_first,136,12_6_174,VD,5,0.43043833446282986,0.5695616655371701,5
12,RSVP_first,137,12_6_175,VD,5,0.11322723568088681,0.8867727643191132,3
12,RSVP_first,138,12_6_176,VD,5,0.11358726124716009,0.8864127387528399,4
12,RSVP_first,139,12_6_177,CD,5,0.14380858627332785,0.8561914137266722,4
12,RSVP_first,140,12_6_178,CD,5,0.15860352679716405,0.841396473202836,4
12,RSVP_first,141,12_6_179,CD,5,0.23912375343464445,0.7608762465653556,4
12,RSVP_first,142,12_6_180,CD,5,0.21228180886139758,0.7877181911386024,4
12,RSVP_first,144,12_6_182,CD,5,0.4058906951849034,0.5941093048150966,3
12,RSVP_first,146,12_6_184,VD,5,0.33542469868495683,0.6645753013150432,4
12,RSVP_first,147,12_6_185,CD,5,0.272867817961749,0.727132182038251,4
12,RSVP_first,148,12_6_187,CD,5,0.5170487871151875,0.4829512128848125,2
12,RSVP_first,149,12_6_188,VD,5,0.19105503817080133,0.8089449618291986,4
12,RSVP_first,150,12_6_189,CD,5,0.5542376873243622,0.4457623126756378,2
12,RSVP_first,151,12_6_190,CD,5,0.09827475872111634,0.9017252412788836,4
12,RSVP_first,152,12_6_191,VD,5,0.10430966711886272,0.8956903328811373,4
12,RSVP_first,153,12_6_192,CD,5,0.32005483120972333,0.6799451687902767,4
12,RSVP_first,154,12_7_193,CD,6,0.32486479753392816,0.6751352024660718,4
12,RSVP_first,155,12_7_194,VD,6,0.5347199911272049,0.465280008872795,2
12,RSVP_first,156,12_7_195,VD,6,0.13624884055230616,0.8637511594476939,4
12,RSVP_first,157,12_7_196,CD,6,0.12484915232236987,0.8751508476776302,4
12,RSVP_first,158,12_7_197,VD,6,0.5188123160338092,0.4811876839661909,2
12,RSVP_first,159,12_7_198,VD,6,0.3257455694236627,0.6742544305763374,4
12,RSVP_first,160,12_7_199,CD,6,0.09058518707763252,0.9094148129223675,3
12,RSVP_first,161,12_7_200,VD,6,0.6846374896311304,0.31536251036886964,3
12,RSVP_first,162,12_7_201,VD,6,0.13442465513983198,0.865575344860168,4
12,RSVP_first,164,12_7_203,VD,6,0.3343869225600867,0.6656130774399133,4
12,RSVP_first,165,12_7_204,VD,6,0.17493651559875129,0.8250634844012488,4
12,RSVP_first,166,12_7_205,CD,6,0.10693632616225238,0.8930636738377475,4
12,RSVP_first,167,12_7_206,CD,6,0.6083773547195419,0.3916226452804581,3
12,RSVP_first,168,12_7_207,VD,6,0.40495084650667645,0.5950491534933235,3
12,RSVP_first,169,12_7_208,CD,6,0.5361782815120857,0.46382171848791426,5
12,RSVP_first,170,12_7_209,VD,6,0.5243011027759539,0.47569889722404607,4
12,RSVP_first,171,12_7_210,VD,6,0.20225601613421804,0.7977439838657819,4
12,RSVP_first,172,12_7_211,CD,6,0.5157885617582725,0.48421143824172763,2
12,RSVP_first,173,12_7_212,CD,6,0.1266279058800815,0.8733720941199186,4
12,RSVP_first,174,12_7_213,CD,6,0.14609791879362538,0.8539020812063747,4
12,RSVP_first,175,12_7_214,CD,6,0.3456067000994881,0.654393299900512,4
12,RSVP_first,176,12_7_215,CD,6,0.5141301019086996,0.48586989809130043,2
12,RSVP_first,177,12_7_216,VD,6,0.3196329288622662,0.6803670711377339,4
12,RSVP_first,179,12_7_218,VD,6,0.41221003076464335,0.5877899692353566,3
12,RSVP_first,180,12_7_219,CD,6,0.1886059427083883,0.8113940572916116,4
12,RSVP_first,181,12_7_220,VD,6,0.42619826696401564,0.5738017330359844,4
12,RSVP_first,184,12_7_223,CD,6,0.3822457396833221,0.6177542603166779,3
12,RSVP_first,185,12_7_224,CD,6,0.3837012094245542,0.6162987905754459,3
12,RSVP_first,186,12_8_225,CD,7,0.1726739315390913,0.8273260684609087,4
12,RSVP_first,187,12_8_226,CD,7,0.16701952174550475,0.8329804782544952,4
12,RSVP_first,188,12_8_227,VD,7,0.12718344125302944,0.8728165587469705,4
12,RSVP_first,189,12_8_228,VD,7,0.10397051026284,0.89602948973716,4
12,RSVP_first,190,12_8_229,CD,7,0.5194443501862793,0.4805556498137206,2
12,RSVP_first,191,12_8_230,VD,7,0.2309903228419006,0.7690096771580994,4
12,RSVP_first,192,12_8_231,CD,7,0.16039165760520563,0.8396083423947944,4
12,RSVP_first,193,12_8_232,CD,7,0.5181592197741133,0.4818407802258867,2
12,RSVP_first,194,12_8_233,VD,7,0.22106525097411367,0.7789347490258863,4
12,RSVP_first,195,12_8_234,VD,7,0.3389308719957037,0.6610691280042963,4
12,RSVP_first,196,12_8_235,VD,7,0.5149142303259509,0.4850857696740492,2
12,RSVP_first,198,12_8_237,CD,7,0.5821112784231725,0.4178887215768276,5
12,RSVP_first,199,12_8_238,CD,7,0.38482582914399766,0.6151741708560023,3
12,RSVP_first,200,12_8_239,CD,7,0.5160811924177182,0.48391880758228184,2
12,RSVP_first,201,12_8_240,VD,7,0.33025860974195986,0.6697413902580401,4
12,RSVP_first,202,12_8_241,CD,7,0.10153514936935312,0.8984648506306468,4
12,RSVP_first,203,12_8_242,CD,7,0.2804323387756373,0.7195676612243627,4
12,RSVP_first,204,12_8_243,CD,7,0.1702114920872732,0.8297885079127267,4
12,RSVP_first,205,12_8_244,VD,7,0.32289494527849427,0.6771050547215057,4
12,RSVP_first,207,12_8_246,VD,7,0.11114113147438733,0.8888588685256127,4
12,RSVP_first,208,12_8_247,CD,7,0.14525666168032528,0.8547433383196748,4
12,RSVP_first,209,12_8_248,VD,7,0.08733444077815057,0.9126655592218494,2
12,RSVP_first,210,12_8_250,VD,7,0.10582897010911188,0.894171029890888,4
12,RSVP_first,211,12_8_251,CD,7,0.3042016672395329,0.6957983327604671,5
12,RSVP_first,212,12_8_252,VD,7,0.6073139948499889,0.39268600515001106,4
12,RSVP_first,213,12_8_253,VD,7,0.6536896631418673,0.3463103368581328,3
12,RSVP_first,215,12_8_255,CD,7,0.3853852584261047,0.6146147415738953,3
12,RSVP_first,217,12_9_257,CD,8,0.15698122201329734,0.8430187779867027,4
12,RSVP_first,218,12_9_258,VD,8,0.10997461701194913,0.8900253829880509,4
12,RSVP_first,219,12_9_259,CD,8,0.1135859746046306,0.8864140253953694,4
12,RSVP_first,220,12_9_260,VD,8,0.1262610046713371,0.8737389953286628,4
12,RSVP_first,221,12_9_261,CD,8,0.202305108292222,0.7976948917077781,4
12,RSVP_first,222,12_9_262,VD,8,0.32750963057023874,0.6724903694297613,4
12,RSVP_first,223,12_9_263,CD,8,0.5157885617582725,0.48421143824172763,2
12,RSVP_first,224,12_9_264,CD,8,0.29744384921257655,0.7025561507874234,4
12,RSVP_first,226,12_9_266,VD,8,0.5147005926764545,0.4852994073235455,2
12,RSVP_first,227,12_9_267,VD,8,0.48514421809730957,0.5148557819026904,5
12,RSVP_first,228,12_9_268,CD,8,0.3879305108624879,0.612069489137512,3
12,RSVP_first,229,12_9_269,CD,8,0.5141109604134417,0.48588903958655827,2
12,RSVP_first,230,12_9_270,VD,8,0.13058400275019494,0.8694159972498051,4
12,RSVP_first,231,12_9_271,VD,8,0.5252670562431302,0.47473294375686975,5
12,RSVP_first,232,12_9_272,CD,8,0.5144474797559201,0.48555252024407997,2
12,RSVP_first,233,12_9_273,VD,8,0.3870256884369036,0.6129743115630965,4
12,RSVP_first,234,12_9_274,CD,8,0.3994268195774777,0.6005731804225223,5
12,RSVP_first,235,12_9_275,CD,8,0.5169029994153532,0.4830970005846468,2
12,RSVP_first,236,12_9_276,VD,8,0.22849361748495195,0.7715063825150481,4
12,RSVP_first,237,12_9_278,VD,8,0.4184825443738108,0.5815174556261893,3
12,RSVP_first,238,12_9_279,VD,8,0.12691681447303305,0.873083185526967,4
12,RSVP_first,239,12_9_280,CD,8,0.2799842637268949,0.7200157362731051,3
12,RSVP_first,240,12_9_281,VD,8,0.10690146101881873,0.8930985389811813,3
12,RSVP_first,241,12_9_282,CD,8,0.3845456855846275,0.6154543144153725,3
12,RSVP_first,242,12_9_283,VD,8,0.3398390005003626,0.6601609994996375,4
12,RSVP_first,245,12_9_286,CD,8,0.3834436681365472,0.6165563318634528,3
12,RSVP_first,247,12_9_288,VD,8,0.6342376615509285,0.3657623384490714,3
13,VST_first,1,13_2_33,CD,1,0.3804615745700386,0.6195384254299614,4
13,VST_first,2,13_2_34,CD,1,0.14001358857386018,0.8599864114261397,3
13,VST_first,3,13_2_35,CD,1,0.32036296914715473,0.6796370308528452,4
13,VST_first,5,13_2_38,CD,1,0.1300370846681809,0.8699629153318191,4
13,VST_first,6,13_2_39,CD,1,0.3245445037970615,0.6754554962029385,4
13,VST_first,7,13_2_40,CD,1,0.29216903685327444,0.7078309631467254,4
13,VST_first,8,13_2_41,VD,1,0.10294828536584257,0.8970517146341574,3
13,VST_first,9,13_2_43,VD,1,0.3795847017098074,0.6204152982901926,3
13,VST_first,10,13_2_44,VD,1,0.11429295480776837,0.8857070451922316,3
13,VST_first,11,13_2_46,VD,1,0.2109625039001142,0.7890374960998858,4
13,VST_first,12,13_2_47,VD,1,0.12455453451537134,0.8754454654846286,4
13,VST_first,13,13_2_48,CD,1,0.2918245687714961,0.7081754312285039,4
13,VST_first,14,13_2_50,VD,1,0.3907174447844846,0.6092825552155154,4
13,VST_first,15,13_2_52,VD,1,0.3787945139887586,0.6212054860112415,3
13,VST_first,16,13_2_54,VD,1,0.32287263298609326,0.6771273670139067,3
13,VST_first,18,13_2_56,VD,1,0.34313968390727156,0.6568603160927284,4
13,VST_first,20,13_2_58,CD,1,0.33369671047657484,0.6663032895234251,4
13,VST_first,22,13_2_60,VD,1,0.33261598056195685,0.6673840194380432,4
13,VST_first,23,13_2_61,VD,1,0.2783436063222942,0.7216563936777058,5
13,VST_first,24,13_2_62,CD,1,0.3590630303613771,0.6409369696386229,4
13,VST_first,25,13_2_63,CD,1,0.581848504349392,0.41815149565060805,2
13,VST_first,26,13_2_64,CD,1,0.48747318394038297,0.512526816059617,4
13,VST_first,28,13_3_66,VD,2,0.488045959984887,0.511954040015113,5
13,VST_first,29,13_3_67,VD,2,0.32696579904970735,0.6730342009502926,4
13,VST_first,30,13_3_68,CD,2,0.31320386960196145,0.6867961303980386,4
13,VST_first,31,13_3_69,VD,2,0.3915560919732577,0.6084439080267423,3
13,VST_first,32,13_3_70,VD,2,0.3969849451864446,0.6030150548135553,3
13,VST_first,33,13_3_71,CD,2,0.17985622808985613,0.8201437719101439,3
13,VST_first,34,13_3_72,CD,2,0.10630040766612302,0.893699592333877,3
13,VST_first,35,13_3_73,CD,2,0.3383513322635278,0.6616486677364722,5
13,VST_first,36,13_3_74,VD,2,0.3373790811589195,0.6626209188410805,3
13,VST_first,38,13_3_77,CD,2,0.642846565557274,0.3571534344427259,3
13,VST_first,39,13_3_78,VD,2,0.3006121379334481,0.6993878620665519,4
13,VST_first,40,13_3_79,CD,2,0.36180297716574195,0.638197022834258,3
13,VST_first,41,13_3_80,CD,2,0.17888419009676026,0.8211158099032396,4
13,VST_first,42,13_3_81,CD,2,0.3183555751879859,0.6816444248120141,4
13,VST_first,43,13_3_82,CD,2,0.10649893290483138,0.8935010670951686,4
13,VST_first,44,13_3_83,CD,2,0.272130372835214,0.7278696271647861,4
13,VST_first,45,13_3_84,VD,2,0.600636780192613,0.3993632198073869,3
13,VST_first,46,13_3_85,VD,2,0.5334694255015485,0.4665305744984515,2
13,VST_first,47,13_3_86,CD,2,0.3317697521756804,0.6682302478243196,4
13,VST_first,48,13_3_87,VD,2,0.109746189420864,0.890253810579136,4
13,VST_first,49,13_3_88,CD,2,0.28265189712087985,0.7173481028791201,5
13,VST_first,50,13_3_89,VD,2,0.3666354748223053,0.6333645251776947,4
13,VST_first,51,13_3_90,CD,2,0.14220354064626942,0.8577964593537306,3
13,VST_first,52,13_3_91,VD,2,0.31178724597519625,0.6882127540248038,4
13,VST_first,54,13_3_93,CD,2,0.6770514196541512,0.32294858034584883,3
13,VST_first,55,13_3_94,VD,2,0.42924751349801665,0.5707524865019834,5
13,VST_first,56,13_3_95,VD,2,0.5177764558230681,0.48222354417693186,3
13,VST_first,57,13_3_96,VD,2,0.09774999751089519,0.9022500024891048,4
13,VST_first,58,13_4_97,VD,3,0.4302520156377404,0.5697479843622596,4
13,VST_first,59,13_4_98,CD,3,0.10263839658571546,0.8973616034142846,4
13,VST_first,60,13_4_99,VD,3,0.5140328213632861,0.48596717863671385,2
13,VST_first,61,13_4_100,CD,3,0.5494823556076777,0.4505176443923223,4
13,VST_first,63,13_4_104,CD,3,0.5151798071594968,0.4848201928405031,2
13,VST_first,64,13_4_105,CD,3,0.3225091499403514,0.6774908500596486,4
13,VST_first,65,13_4_106,VD,3,0.2860351933352734,0.7139648066647266,4
13,VST_first,66,13_4_107,VD,3,0.6132783176788209,0.38672168232117904,4
13,VST_first,67,13_4_108,VD,3,0.39185279613216006,0.6081472038678399,3
13,VST_first,68,13_4_109,VD,3,0.3151634635376479,0.6848365364623521,4
13,VST_first,69,13_4_110,VD,3,0.16741001588445592,0.8325899841155441,3
13,VST_first,70,13_4_111,CD,3,0.18490262559592252,0.8150973744040775,4
13,VST_first,71,13_4_112,VD,3,0.09918570755969411,0.9008142924403059,4
13,VST_first,72,13_4_113,VD,3,0.40100267493439756,0.5989973250656024,4
13,VST_first,73,13_4_114,VD,3,0.09870057464517336,0.9012994253548267,4
13,VST_first,74,13_4_115,CD,3,0.11010236246535157,0.8898976375346485,4
13,VST_first,76,13_4_117,CD,3,0.10856801058452696,0.8914319894154731,3
13,VST_first,77,13_4_118,VD,3,0.10097145853526152,0.8990285414647385,3
13,VST_first,79,13_4_121,CD,3,0.5007702705524112,0.4992297294475888,4
13,VST_first,80,13_4_122,CD,3,0.1969033954768598,0.8030966045231402,4
13,VST_first,81,13_4_123,CD,3,0.33993045131935795,0.660069548680642,3
13,VST_first,82,13_4_124,CD,3,0.14066986185101824,0.8593301381489817,4
13,VST_first,83,13_4_125,CD,3,0.31685488560139985,0.6831451143986003,4
13,VST_first,84,13_4_126,CD,3,0.5143140658479859,0.4856859341520141,2
13,VST_first,86,13_4_128,VD,3,0.18450496018980697,0.815495039810193,4
13,VST_first,87,13_5_129,VD,4,0.4245801790176273,0.5754198209823727,4
13,VST_first,88,13_5_130,VD,4,0.49763812620711784,0.5023618737928821,5
13,VST_first,89,13_5_131,VD,4,0.31991969883871063,0.6800803011612894,4
13,VST_first,90,13_5_132,VD,4,0.1033741677140929,0.8966258322859071,4
13,VST_first,91,13_5_133,VD,4,0.10744197275372779,0.8925580272462722,3
13,VST_first,93,13_5_135,VD,4,0.5159435673658215,0.48405643263417847,2
13,VST_first,94,13_5_136,CD,4,0.48806610699302844,0.5119338930069715,4
13,VST_first,95,13_5_137,CD,4,0.2598667674137739,0.7401332325862261,5
13,VST_first,96,13_5_138,CD,4,0.4315859711071275,0.5684140288928725,3
13,VST_first,97,13_5_139,CD,4,0.14972594234142428,0.8502740576585757,3
13,VST_first,98,13_5_140,VD,4,0.10688434160027224,0.8931156583997277,3
13,VST_first,99,13_5_141,CD,4,0.5154134429736363,0.4845865570263636,2
13,VST_first,100,13_5_142,VD,4,0.2980071021949904,0.7019928978050096,4
13,VST_first,101,13_5_143,CD,4,0.5361191562107455,0.4638808437892544,4
13,VST_first,102,13_5_145,VD,4,0.5438461106296418,0.45615388937035817,5
13,VST_first,103,13_5_146,CD,4,0.3186903745476479,0.6813096254523521,4
13,VST_first,104,13_5_147,VD,4,0.17440602962311583,0.8255939703768842,3
13,VST_first,105,13_5_148,VD,4,0.10443461220448552,0.8955653877955144,4
13,VST_first,107,13_5_150,CD,4,0.10813080495295738,0.8918691950470427,3
13,VST_first,108,13_5_151,CD,4,0.3296443797232613,0.6703556202767387,4
13,VST_first,109,13_5_152,VD,4,0.38551991320444434,0.6144800867955557,3
13,VST_first,110,13_5_153,VD,4,0.126821248851858,0.8731787511481419,4
13,VST_first,111,13_5_154,VD,4,0.15594480475207104,0.8440551952479289,4
13,VST_first,112,13_5_155,CD,4,0.13453445142313106,0.865465548576869,4
13,VST_first,113,13_5_156,CD,4,0.4850290050455471,0.5149709949544529,3
13,VST_first,114,13_5_157,CD,4,0.44065644193972286,0.5593435580602771,4
13,VST_first,117,13_6_161,VD,5,0.3232847032535091,0.6767152967464909,4
13,VST_first,118,13_6_162,VD,5,0.41063516942779454,0.5893648305722055,5
13,VST_first,119,13_6_163,CD,5,0.27591698002955634,0.7240830199704437,3
13,VST_first,120,13_6_164,VD,5,0.3271449540195873,0.6728550459804126,4
13,VST_first,121,13_6_165,CD,5,0.36769360480929764,0.6323063951907024,4
13,VST_first,122,13_6_166,VD,5,0.5362613983653961,0.4637386016346039,4
13,VST_first,123,13_6_167,VD,5,0.3096769947201332,0.6903230052798668,4
13,VST_first,124,13_6_168,CD,5,0.11991022539701494,0.880089774602985,4
13,VST_first,126,13_6_170,VD,5,0.4537597151582805,0.5462402848417195,5
13,VST_first,127,13_6_171,VD,5,0.5538442494933922,0.44615575050660783,4
13,VST_first,128,13_6_172,CD,5,0.5145053708702474,0.48549462912975266,2
13,VST_first,129,13_6_173,VD,5,0.27983873990731895,0.720161260092681,5
13,VST_first,130,13_6_174,VD,5,0.28928075726609004,0.71071924273391,5
13,VST_first,132,13_6_176,CD,5,0.09846129026925704,0.9015387097307429,3
13,VST_first,133,13_6_177,VD,5,0.11239434391842607,0.8876056560815739,4
13,VST_first,134,13_6_179,VD,5,0.10710013516658799,0.892899864833412,3
13,VST_first,135,13_6_180,VD,5,0.319738169323557,0.680261830676443,4
13,VST_first,136,13_6_181,CD,5,0.1264034145369847,0.8735965854630154,3
13,VST_first,137,13_6_182,CD,5,0.14787003766202314,0.8521299623379769,4
13,VST_first,139,13_6_184,CD,5,0.1351527185062053,0.8648472814937946,4
13,VST_first,140,13_6_185,CD,5,0.39182531229257644,0.6081746877074236,3
13,VST_first,142,13_6_187,CD,5,0.44239034653288556,0.5576096534671144,5
13,VST_first,143,13_6_188,CD,5,0.6719552697306498,0.3280447302693502,3
13,VST_first,144,13_6_189,CD,5,0.19020748797449782,0.8097925120255022,4
13,VST_first,145,13_6_190,VD,5,0.3975796828461084,0.6024203171538915,4
13,VST_first,146,13_6_191,CD,5,0.32270008925713967,0.6772999107428603,4
13,VST_first,147,13_7_193,CD,6,0.17703927916108952,0.8229607208389105,3
13,VST_first,149,13_7_195,CD,6,0.14473824285076103,0.8552617571492389,4
13,VST_first,150,13_7_196,VD,6,0.5194789216827469,0.48052107831725305,2
13,VST_first,151,13_7_197,CD,6,0.555383457467003,0.44461654253299693,2
13,VST_first,152,13_7_199,CD,6,0.33051209894920724,0.6694879010507928,4
13,VST_first,154,13_7_201,VD,6,0.26672090581631724,0.7332790941836828,5
13,VST_first,155,13_7_202,VD,6,0.32422498241449826,0.6757750175855017,4
13,VST_first,156,13_7_203,CD,6,0.21832110723267573,0.7816788927673243,3
13,VST_first,158,13_7_205,VD,6,0.11552845635199357,0.8844715436480064,4
13,VST_first,159,13_7_206,CD,6,0.6249418237322794,0.3750581762677207,5
13,VST_first,160,13_7_207,CD,6,0.6830043117875062,0.31699568821249385,3
13,VST_first,161,13_7_208,VD,6,0.18302320692842491,0.816976793071575,4
13,VST_first,162,13_7_209,CD,6,0.4019007205492331,0.5980992794507669,3
13,VST_first,163,13_7_210,CD,6,0.44926441761278396,0.5507355823872161,3
13,VST_first,164,13_7_211,VD,6,0.38653359569517914,0.6134664043048208,3
13,VST_first,165,13_7_212,VD,6,0.11597208834413185,0.8840279116558681,4
13,VST_first,167,13_7_215,CD,6,0.3196220300102816,0.6803779699897183,4
13,VST_first,168,13_7_216,CD,6,0.09780799107797922,0.9021920089220208,3
13,VST_first,169,13_7_217,VD,6,0.37290274963722053,0.6270972503627795,3
13,VST_first,170,13_7_218,VD,6,0.28065392753576723,0.7193460724642328,5
13,VST_first,171,13_7_219,CD,6,0.10563180889492914,0.8943681911050709,4
13,VST_first,172,13_7_220,CD,6,0.3322022569512487,0.6677977430487513,4
13,VST_first,173,13_7_221,VD,6,0.4888136884908371,0.5111863115091629,4
13,VST_first,174,13_7_222,VD,6,0.4458393683203908,0.5541606316796092,5
13,VST_first,175,13_7_223,VD,6,0.3165372885221873,0.6834627114778127,4
13,VST_first,176,13_7_224,VD,6,0.10361309526122289,0.8963869047387771,4
13,VST_first,177,13_8_225,VD,7,0.42970439432605434,0.5702956056739457,5
13,VST_first,178,13_8_226,CD,7,0.1969545324851553,0.8030454675148447,4
13,VST_first,179,13_8_227,CD,7,0.12037720419313137,0.8796227958068685,4
13,VST_first,180,13_8_228,VD,7,0.15840420584630616,0.8415957941536938,4
13,VST_first,182,13_8_231,VD,7,0.42483423984831953,0.5751657601516804,5
13,VST_first,183,13_8_232,CD,7,0.12628606156938288,0.8737139384306171,4
13,VST_first,184,13_8_233,CD,7,0.3168451497878967,0.6831548502121034,4
13,VST_first,185,13_8_234,VD,7,0.5143759787237827,0.4856240212762173,2
13,VST_first,186,13_8_235,VD,7,0.38558207076034584,0.6144179292396542,4
13,VST_first,187,13_8_236,VD,7,0.33319456517878,0.66680543482122,4
13,VST_first,188,13_8_237,VD,7,0.3267404254113247,0.6732595745886754,5
13,VST_first,189,13_8_238,VD,7,0.263524801483894,0.736475198516106,4
13,VST_first,191,13_8_240,CD,7,0.3804894803731653,0.6195105196268347,3
13,VST_first,192,13_8_241,VD,7,0.2215670667493233,0.7784329332506768,4
13,VST_first,193,13_8_242,VD,7,0.4536970294889252,0.5463029705110748,5
13,VST_first,194,13_8_243,CD,7,0.5353089724997161,0.4646910275002839,4
13,VST_first,195,13_8_244,CD,7,0.1185008283849327,0.8814991716150673,4
13,VST_first,197,13_8_246,CD,7,0.09753480230663131,0.9024651976933687,4
13,VST_first,198,13_8_247,CD,7,0.32516086620656187,0.6748391337934381,4
13,VST_first,199,13_8_248,VD,7,0.2508440387021481,0.7491559612978519,3
13,VST_first,200,13_8_249,CD,7,0.10843624755184793,0.8915637524481521,4
13,VST_first,201,13_8_251,VD,7,0.27708354327532175,0.7229164567246783,5
13,VST_first,202,13_8_252,CD,7,0.10391363000044036,0.8960863699995596,4
13,VST_first,203,13_8_253,CD,7,0.5232052077688928,0.4767947922311073,3
13,VST_first,205,13_8_255,CD,7,0.5347199911272049,0.465280008872795,2
13,VST_first,206,13_8_256,CD,7,0.5151798071594968,0.4848201928405031,2
13,VST_first,207,13_9_257,VD,8,0.5807734639676938,0.41922653603230625,5
13,VST_first,208,13_9_258,VD,8,0.35591221860556377,0.6440877813944362,4
13,VST_first,209,13_9_259,CD,8,0.10777967713831997,0.8922203228616801,3
13,VST_first,210,13_9_260,VD,8,0.1603049079126244,0.8396950920873756,4
13,VST_first,211,13_9_261,CD,8,0.1572509556944901,0.8427490443055099,4
13,VST_first,212,13_9_262,CD,8,0.1607934187650355,0.8392065812349645,4
13,VST_first,213,13_9_263,CD,8,0.10701170436875673,0.8929882956312433,4
13,VST_first,214,13_9_264,VD,8,0.46280038523456835,0.5371996147654317,5
13,VST_first,215,13_9_265,VD,8,0.40197897135008037,0.5980210286499197,3
13,VST_first,217,13_9_267,CD,8,0.18309050978083366,0.8169094902191664,4
13,VST_first,218,13_9_268,CD,8,0.11505340424508824,0.8849465957549117,4
13,VST_first,219,13_9_269,CD,8,0.11687729858051933,0.8831227014194807,4
13,VST_first,220,13_9_270,VD,8,0.12524361134754555,0.8747563886524545,4
13,VST_first,221,13_9_271,VD,8,0.3511031824142082,0.6488968175857919,3
13,VST_first,222,13_9_272,VD,8,0.16559667867578845,0.8344033213242116,4
13,VST_first,223,13_9_273,VD,8,0.11044874714119086,0.8895512528588091,4
13,VST_first,224,13_9_275,VD,8,0.21368782827872507,0.7863121717212749,3
13,VST_first,226,13_9_277,CD,8,0.18083732809532663,0.8191626719046734,3
13,VST_first,227,13_9_278,CD,8,0.5887759901755438,0.4112240098244561,3
13,VST_first,228,13_9_279,CD,8,0.5208787642782777,0.47912123572172227,5
13,VST_first,229,13_9_280,CD,8,0.5141066122915907,0.48589338770840934,2
13,VST_first,230,13_9_281,VD,8,0.09919130491659896,0.900808695083401,3
13,VST_first,231,13_9_282,CD,8,0.355158364581058,0.644841635418942,4
13,VST_first,233,13_9_284,VD,8,0.19825109227224472,0.8017489077277553,4
13,VST_first,234,13_9_285,CD,8,0.3286383782729888,0.6713616217270112,5
13,VST_first,236,13_9_287,CD,8,0.5743640524744611,0.4256359475255389,3
13,VST_first,237,13_9_288,VD,8,0.3765303908912452,0.6234696091087548,4
14,RSVP_first,2,14_2_35,CD,1,0.12137259186693401,0.878627408133066,3
14,RSVP_first,3,14_2_37,VD,1,0.09473656959874883,0.9052634304012512,3
14,RSVP_first,4,14_2_38,CD,1,0.32241375681954465,0.6775862431804553,4
14,RSVP_first,5,14_2_39,CD,1,0.17852361634595212,0.8214763836540478,3
14,RSVP_first,7,14_2_41,CD,1,0.9195443445609974,0.08045565543900265,2
14,RSVP_first,8,14_2_42,VD,1,0.10365952492102738,0.8963404750789726,3
14,RSVP_first,9,14_2_43,CD,1,0.5731462508088153,0.42685374919118463,3
14,RSVP_first,10,14_2_44,CD,1,0.38869970745670573,0.6113002925432943,3
14,RSVP_first,11,14_2_45,VD,1,0.11043589619297313,0.8895641038070269,4
14,RSVP_first,12,14_2_46,VD,1,0.10569781556878749,0.8943021844312126,3
14,RSVP_first,13,14_2_47,VD,1,0.5357508711297905,0.4642491288702095,4
14,RSVP_first,14,14_2_48,VD,1,0.5727532028652579,0.4272467971347421,2
14,RSVP_first,15,14_2_49,VD,1,0.31874865443501516,0.6812513455649849,4
14,RSVP_first,16,14_2_50,VD,1,0.3405858348989501,0.6594141651010499,4
14,RSVP_first,17,14_2_52,VD,1,0.3616991302821973,0.6383008697178026,3
14,RSVP_first,18,14_2_53,CD,1,0.3963896459040226,0.6036103540959774,3
14,RSVP_first,19,14_2_54,CD,1,0.35488520322122963,0.6451147967787704,3
14,RSVP_first,20,14_2_55,VD,1,0.6276666278406923,0.37233337215930773,4
14,RSVP_first,21,14_2_56,VD,1,0.21217841923935366,0.7878215807606463,4
14,RSVP_first,22,14_2_57,CD,1,0.09380101589039502,0.906198984109605,3
14,RSVP_first,23,14_2_58,CD,1,0.3175720962267613,0.6824279037732387,4
14,RSVP_first,24,14_2_59,CD,1,0.10164813075676399,0.898351869243236,4
14,RSVP_first,25,14_2_60,CD,1,0.3198518590342898,0.6801481409657102,4
14,RSVP_first,26,14_2_61,VD,1,0.31956999392476737,0.6804300060752326,4
14,RSVP_first,28,14_2_63,CD,1,0.11467054134534556,0.8853294586546544,3
14,RSVP_first,29,14_2_64,VD,1,0.27397399313659493,0.7260260068634051,4
14,RSVP_first,30,14_3_65,VD,2,0.10421444450912606,0.8957855554908739,3
14,RSVP_first,31,14_3_66,CD,2,0.3628255653928493,0.6371744346071506,3
14,RSVP_first,32,14_3_67,CD,2,0.8955973748030717,0.10440262519692829,2
14,RSVP_first,33,14_3_68,VD,2,0.09033406342796635,0.9096659365720337,3
14,RSVP_first,34,14_3_69,VD,2,0.16136775088372463,0.8386322491162754,4
14,RSVP_first,35,14_3_70,CD,2,0.385210128796042,0.6147898712039581,3
14,RSVP_first,36,14_3_71,CD,2,0.28282220402071967,0.7171777959792802,3
14,RSVP_first,37,14_3_72,CD,2,0.1029366732704936,0.8970633267295064,3
14,RSVP_first,38,14_3_73,CD,2,0.09580914076827254,0.9041908592317275,3
14,RSVP_first,39,14_3_74,VD,2,0.5180743235472342,0.4819256764527659,2
14,RSVP_first,40,14_3_75,VD,2,0.3133272997281547,0.6866727002718453,4
14,RSVP_first,42,14_3_77,CD,2,0.5205578842140702,0.47944211578592977,2
14,RSVP_first,43,14_3_79,VD,2,0.10103440520396262,0.8989655947960374,3
14,RSVP_first,44,14_3_80,CD,2,0.5288654452574935,0.47113455474250654,4
14,RSVP_first,45,14_3_81,CD,2,0.11057520871267405,0.889424791287326,3
14,RSVP_first,46,14_3_82,VD,2,0.37409694238734176,0.6259030576126583,4
14,RSVP_first,47,14_3_83,VD,2,0.45897497019394146,0.5410250298060586,3
14,RSVP_first,48,14_3_84,CD,2,0.11103561501080791,0.8889643849891921,3
14,RSVP_first,49,14_3_85,CD,2,0.14805959065116686,0.8519404093488331,3
14,RSVP_first,50,14_3_86,VD,2,0.10593874598971303,0.894061254010287,3
14,RSVP_first,51,14_3_87,CD,2,0.37672955131828634,0.6232704486817136,4
14,RSVP_first,52,14_3_88,VD,2,0.22421147932629157,0.7757885206737084,4
14,RSVP_first,53,14_3_89,VD,2,0.3205288744067324,0.6794711255932675,4
14,RSVP_first,54,14_3_90,CD,2,0.09830280758116239,0.9016971924188376,3
14,RSVP_first,56,14_3_92,VD,2,0.3115038016990073,0.6884961983009927,4
14,RSVP_first,57,14_3_93,VD,2,0.09816050448823513,0.9018394955117649,4
14,RSVP_first,58,14_3_94,VD,2,0.12298121786694528,0.8770187821330547,3
14,RSVP_first,59,14_3_95,VD,2,0.10218658992782464,0.8978134100721754,4
14,RSVP_first,60,14_3_96,CD,2,0.5144335918498427,0.4855664081501573,2
14,RSVP_first,61,14_4_97,CD,3,0.09602035264278111,0.9039796473572189,3
14,RSVP_first,62,14_4_98,VD,3,0.2778997991099369,0.7221002008900631,4
14,RSVP_first,64,14_4_101,VD,3,0.09371997763695641,0.9062800223630436,3
14,RSVP_first,65,14_4_102,VD,3,0.09769318990394835,0.9023068100960516,4
14,RSVP_first,66,14_4_103,CD,3,0.3106571563348907,0.6893428436651093,4
14,RSVP_first,67,14_4_104,VD,3,0.6287819779382516,0.3712180220617484,2
14,RSVP_first,68,14_4_105,VD,3,0.3210825801660411,0.6789174198339589,4
14,RSVP_first,69,14_4_106,VD,3,0.21187988826420406,0.788120111735796,3
14,RSVP_first,70,14_4_107,CD,3,0.39416064762637565,0.6058393523736244,4
14,RSVP_first,71,14_4_108,CD,3,0.09433190768557244,0.9056680923144276,3
14,RSVP_first,72,14_4_109,CD,3,0.48063047835697004,0.51936952164303,5
14,RSVP_first,73,14_4_110,CD,3,0.10639756363311978,0.8936024363668802,3
14,RSVP_first,74,14_4_111,VD,3,0.5139764394798829,0.486023560520117,2
14,RSVP_first,75,14_4_112,CD,3,0.10779980540215792,0.8922001945978421,4
14,RSVP_first,76,14_4_113,VD,3,0.10435012125148928,0.8956498787485108,4
14,RSVP_first,77,14_4_114,CD,3,0.17584408833837842,0.8241559116616216,3
14,RSVP_first,78,14_4_115,CD,3,0.6771844088750069,0.3228155911249932,3
14,RSVP_first,80,14_4_117,VD,3,0.09791956036809853,0.9020804396319015,4
14,RSVP_first,83,14_4_120,VD,3,0.10731240001100276,0.8926875999889973,4
14,RSVP_first,84,14_4_121,CD,3,0.09264729810520918,0.9073527018947908,3
14,RSVP_first,85,14_4_122,VD,3,0.32009735392134037,0.6799026460786597,4
14,RSVP_first,86,14_4_123,VD,3,0.0998874619406777,0.9001125380593223,3
14,RSVP_first,87,14_4_124,CD,3,0.1018220724317677,0.8981779275682323,4
14,RSVP_first,88,14_4_125,VD,3,0.32072569769543274,0.6792743023045672,4
14,RSVP_first,89,14_4_126,CD,3,0.1094275789035843,0.8905724210964157,4
14,RSVP_first,90,14_4_127,CD,3,0.09387989825051372,0.9061201017494863,3
14,RSVP_first,91,14_4_128,CD,3,0.1016722582594114,0.8983277417405886,4
14,RSVP_first,92,14_5_129,VD,4,0.12307359339802475,0.8769264066019752,2
14,RSVP_first,93,14_5_130,CD,4,0.30579067036883895,0.694209329631161,4
14,RSVP_first,95,14_5_132,VD,4,0.5150933647198388,0.48490663528016115,2
14,RSVP_first,97,14_5_134,VD,4,0.10315401339746938,0.8968459866025307,4
14,RSVP_first,99,14_5_136,VD,4,0.283609539389749,0.716390460610251,5
14,RSVP_first,100,14_5_137,CD,4,0.5691164242427824,0.4308835757572176,4
14,RSVP_first,101,14_5_138,CD,4,0.3831450065540116,0.6168549934459884,3
14,RSVP_first,102,14_5_139,CD,4,0.46175345661679945,0.5382465433832005,5
14,RSVP_first,103,14_5_140,CD,4,0.5348019165025779,0.4651980834974221,4
14,RSVP_first,104,14_5_141,CD,4,0.39400320130922195,0.605996798690778,4
14,RSVP_first,106,14_5_143,CD,4,0.3201434730245941,0.6798565269754059,4
14,RSVP_first,107,14_5_144,VD,4,0.3338202349863002,0.6661797650136998,4
14,RSVP_first,108,14_5_145,VD,4,0.19716014318510183,0.8028398568148982,4
14,RSVP_first,109,14_5_146,CD,4,0.12786597833461777,0.8721340216653822,3
14,RSVP_first,110,14_5_147,CD,4,0.11974155483933431,0.8802584451606656,4
14,RSVP_first,111,14_5_148,VD,4,0.10895755372056512,0.8910424462794349,4
14,RSVP_first,112,14_5_149,CD,4,0.10561782476603049,0.8943821752339696,4
14,RSVP_first,114,14_5_151,CD,4,0.5156678928186312,0.48433210718136877,2
14,RSVP_first,115,14_5_152,VD,4,0.6424037165671251,0.35759628343287486,2
14,RSVP_first,117,14_5_154,CD,4,0.30335687683895934,0.6966431231610407,4
14,RSVP_first,118,14_5_155,CD,4,0.11320581874144804,0.886794181258552,3
14,RSVP_first,119,14_5_156,VD,4,0.5158649040727399,0.4841350959272601,2
14,RSVP_first,120,14_5_158,VD,4,0.3861684900523902,0.6138315099476098,3
14,RSVP_first,122,14_6_161,VD,5,0.23857448825192418,0.7614255117480758,4
14,RSVP_first,123,14_6_162,VD,5,0.09584266539297068,0.9041573346070293,3
14,RSVP_first,124,14_6_163,CD,5,0.10595973160912332,0.8940402683908767,3
14,RSVP_first,125,14_6_164,VD,5,0.09339858616450512,0.906601413835495,3
14,RSVP_first,126,14_6_165,VD,5,0.1285586265925826,0.8714413734074173,3
14,RSVP_first,127,14_6_167,CD,5,0.3818264024342432,0.6181735975657567,3
14,RSVP_first,128,14_6_168,VD,5,0.5143140658479859,0.4856859341520141,2
14,RSVP_first,129,14_6_169,CD,5,0.0990947720861268,0.9009052279138732,4
14,RSVP_first,131,14_6_171,CD,5,0.5579131030432988,0.4420868969567012,2
14,RSVP_first,132,14_6_172,CD,5,0.09183865264751075,0.9081613473524892,3
14,RSVP_first,133,14_6_173,CD,5,0.09941938318391672,0.9005806168160833,4
14,RSVP_first,134,14_6_174,CD,5,0.5139792976138002,0.4860207023861998,2
14,RSVP_first,136,14_6_176,CD,5,0.38328852714276096,0.616711472857239,5
14,RSVP_first,137,14_6_178,CD,5,0.30886479309150544,0.6911352069084946,4
14,RSVP_first,138,14_6_179,VD,5,0.09409732083164914,0.9059026791683509,3
14,RSVP_first,139,14_6_180,CD,5,0.3448773250715301,0.6551226749284699,4
14,RSVP_first,140,14_6_181,VD,5,0.5146939885707045,0.48530601142929547,2
14,RSVP_first,141,14_6_182,VD,5,0.22498077966860727,0.7750192203313927,3
14,RSVP_first,142,14_6_183,VD,5,0.2955461182503963,0.7044538817496037,4
14,RSVP_first,143,14_6_184,CD,5,0.11427461058375359,0.8857253894162463,3
14,RSVP_first,144,14_6_185,VD,5,0.09830152627193191,0.9016984737280681,4
14,RSVP_first,145,14_6_186,VD,5,0.38589026801438997,0.61410973198561,3
14,RSVP_first,146,14_6_187,CD,5,0.209079468172642,0.790920531827358,3
14,RSVP_first,147,14_6_188,VD,5,0.20213349780150217,0.7978665021984979,3
14,RSVP_first,148,14_6_189,CD,5,0.12214271262140647,0.8778572873785936,3
14,RSVP_first,149,14_6_190,VD,5,0.5262503545619117,0.4737496454380883,3
14,RSVP_first,150,14_6_191,CD,5,0.5205578842140702,0.47944211578592977,2
14,RSVP_first,151,14_6_192,CD,5,0.10621961496539298,0.8937803850346071,3
14,RSVP_first,152,14_7_193,CD,6,0.27187843346430696,0.728121566535693,4
14,RSVP_first,153,14_7_194,CD,6,0.19138147124516014,0.8086185287548399,3
14,RSVP_first,154,14_7_195,CD,6,0.516478947716138,0.48352105228386194,2
14,RSVP_first,155,14_7_196,CD,6,0.5156678928186312,0.48433210718136877,2
14,RSVP_first,156,14_7_197,CD,6,0.320828046980842,0.679171953019158,4
14,RSVP_first,157,14_7_198,VD,6,0.46521705988207535,0.5347829401179246,3
14,RSVP_first,158,14_7_199,VD,6,0.10290187374464864,0.8970981262553513,3
14,RSVP_first,159,14_7_200,CD,6,0.7094484880104123,0.29055151198958773,2
14,RSVP_first,160,14_7_201,VD,6,0.2596656081801135,0.7403343918198865,3
14,RSVP_first,162,14_7_203,VD,6,0.10152928728609059,0.8984707127139093,3
14,RSVP_first,163,14_7_204,CD,6,0.23425051612993197,0.765749483870068,3
14,RSVP_first,164,14_7_205,CD,6,0.3284908680567917,0.6715091319432083,5
14,RSVP_first,165,14_7_206,CD,6,0.09431899136889595,0.905681008631104,3
14,RSVP_first,166,14_7_207,CD,6,0.4072572740755582,0.5927427259244418,3
14,RSVP_first,167,14_7_208,VD,6,0.11622977739350106,0.8837702226064988,3
14,RSVP_first,168,14_7_209,CD,6,0.09574157386203325,0.9042584261379668,3
14,RSVP_first,170,14_7_211,VD,6,0.3944919498332226,0.6055080501667773,3
14,RSVP_first,171,14_7_212,CD,6,0.5630278352002497,0.4369721647997503,2
14,RSVP_first,172,14_7_213,VD,6,0.2201374925206643,0.7798625074793357,4
14,RSVP_first,173,14_7_214,VD,6,0.11640303100141323,0.8835969689985868,3
14,RSVP_first,174,14_7_215,VD,6,0.1493101403982517,0.8506898596017483,4
14,RSVP_first,175,14_7_216,VD,6,0.1055632822488709,0.894436717751129,3
14,RSVP_first,176,14_7_217,VD,6,0.3222280699572293,0.6777719300427707,4
14,RSVP_first,177,14_7_218,VD,6,0.0986992434690875,0.9013007565309126,3
14,RSVP_first,179,14_7_220,VD,6,0.23919906018330778,0.7608009398166923,5
14,RSVP_first,180,14_7_222,CD,6,0.3202306826002431,0.6797693173997569,4
14,RSVP_first,182,14_7_224,VD,6,0.5159435673658215,0.48405643263417847,2
14,RSVP_first,183,14_8_225,VD,7,0.10650671060218525,0.8934932893978147,4
14,RSVP_first,184,14_8_226,CD,7,0.5145053708702474,0.48549462912975266,2
14,RSVP_first,185,14_8_227,VD,7,0.10257515903291659,0.8974248409670834,4
14,RSVP_first,186,14_8_228,VD,7,0.11623981234911035,0.8837601876508896,3
14,RSVP_first,187,14_8_229,VD,7,0.32888011694281444,0.6711198830571856,4
14,RSVP_first,188,14_8_230,VD,7,0.3860923186491935,0.6139076813508065,3
14,RSVP_first,189,14_8_231,CD,7,0.3853565281424441,0.614643471857556,3
14,RSVP_first,190,14_8_232,CD,7,0.1082903208983902,0.8917096791016098,4
14,RSVP_first,191,14_8_233,CD,7,0.5573699721347221,0.4426300278652779,2
14,RSVP_first,192,14_8_234,CD,7,0.15273265221037097,0.847267347789629,3
14,RSVP_first,193,14_8_235,CD,7,0.12250057839040207,0.8774994216095978,3
14,RSVP_first,195,14_8_237,VD,7,0.33596186493655955,0.6640381350634404,4
14,RSVP_first,196,14_8_238,VD,7,0.09740566127409012,0.9025943387259099,3
14,RSVP_first,197,14_8_239,CD,7,0.10388039934135467,0.8961196006586453,3
14,RSVP_first,199,14_8_241,CD,7,0.5253881808845919,0.474611819115408,2
14,RSVP_first,201,14_8_243,VD,7,0.11668312805036862,0.8833168719496314,3
14,RSVP_first,202,14_8_244,CD,7,0.19622359830868769,0.8037764016913123,3
14,RSVP_first,203,14_8_245,VD,7,0.08971269644037536,0.9102873035596247,3
14,RSVP_first,204,14_8_246,CD,7,0.3580752302246421,0.641924769775358,3
14,RSVP_first,205,14_8_247,CD,7,0.18372397499152315,0.8162760250084768,4
14,RSVP_first,206,14_8_248,VD,7,0.3422046492854185,0.6577953507145815,4
14,RSVP_first,208,14_8_250,VD,7,0.3987930038903219,0.6012069961096781,3
14,RSVP_first,209,14_8_251,CD,7,0.752527429718072,0.247472570281928,2
14,RSVP_first,210,14_8_252,CD,7,0.13594075426489521,0.8640592457351047,5
14,RSVP_first,211,14_8_253,VD,7,0.6435493988780876,0.35645060112191235,3
14,RSVP_first,213,14_8_255,CD,7,0.09910465003707913,0.9008953499629209,3
14,RSVP_first,214,14_8_256,VD,7,0.5364807171407281,0.463519282859272,4
14,RSVP_first,215,14_9_257,CD,8,0.15394118348501895,0.846058816514981,5
14,RSVP_first,217,14_9_259,VD,8,0.9999999997413521,2.5864785486944183e-10,2
14,RSVP_first,218,14_9_260,CD,8,0.38883884388622014,0.6111611561137797,3
14,RSVP_first,219,14_9_261,CD,8,0.10222871866660685,0.8977712813333932,4
14,RSVP_first,220,14_9_262,VD,8,0.11325854890098506,0.8867414510990149,4
14,RSVP_first,221,14_9_263,VD,8,0.2956231787525701,0.70437682124743,5
14,RSVP_first,222,14_9_264,CD,8,0.32204929259093684,0.6779507074090632,4
14,RSVP_first,223,14_9_265,CD,8,0.5470599251953518,0.4529400748046481,2
14,RSVP_first,224,14_9_266,CD,8,0.3148046830985014,0.6851953169014986,4
14,RSVP_first,226,14_9_268,CD,8,0.1126460580891589,0.8873539419108412,3
14,RSVP_first,228,14_9_270,CD,8,0.1020587246991568,0.8979412753008432,3
14,RSVP_first,229,14_9_271,VD,8,0.3094645767658558,0.6905354232341442,5
14,RSVP_first,231,14_9_273,VD,8,0.11392185782717638,0.8860781421728237,4
14,RSVP_first,232,14_9_274,CD,8,0.7096233765698171,0.29037662343018295,3
14,RSVP_first,233,14_9_275,VD,8,0.11000433806794792,0.889995661932052,3
14,RSVP_first,234,14_9_276,CD,8,0.5145284173108647,0.48547158268913526,2
14,RSVP_first,235,14_9_277,CD,8,0.0980364650372128,0.9019635349627871,4
14,RSVP_first,236,14_9_278,VD,8,0.3938908754801098,0.6061091245198901,3
14,RSVP_first,237,14_9_279,VD,8,0.10625438110003822,0.8937456188999617,3
14,RSVP_first,238,14_9_280,VD,8,0.10045418199284856,0.8995458180071515,4
14,RSVP_first,239,14_9_281,CD,8,0.1481536888075192,0.8518463111924808,3
14,RSVP_first,240,14_9_282,VD,8,0.11128755739912385,0.8887124426008761,3
14,RSVP_first,241,14_9_283,CD,8,0.40079792793613966,0.5992020720638603,3
14,RSVP_first,242,14_9_284,VD,8,0.4502602384242401,0.5497397615757599,3
14,RSVP_first,243,14_9_285,VD,8,0.3252917525374701,0.6747082474625299,4
14,RSVP_first,244,14_9_286,VD,8,0.5233832945735377,0.4766167054264623,2
14,RSVP_first,245,14_9_287,CD,8,0.5506900112640419,0.44930998873595795,2
14,RSVP_first,246,14_9_288,VD,8,0.6897657175056046,0.3102342824943955,3
15,VST_first,1,15_2_33,VD,1,0.1080529629422796,0.8919470370577204,3
15,VST_first,2,15_2_34,CD,1,0.07877183521783249,0.9212281647821676,2
15,VST_first,3,15_2_35,VD,1,0.09834611041100502,0.901653889588995,4
15,VST_first,4,15_2_36,CD,1,0.12803559947968196,0.871964400520318,3
15,VST_first,5,15_2_37,VD,1,0.08305565560510891,0.916944344394891,2
15,VST_first,6,15_2_38,CD,1,0.17520708519368264,0.8247929148063173,3
15,VST_first,7,15_2_39,VD,1,0.32885960146867727,0.6711403985313227,3
15,VST_first,8,15_2_41,CD,1,0.11487493309628752,0.8851250669037125,4
15,VST_first,9,15_2_42,VD,1,0.261524429464124,0.738475570535876,3
15,VST_first,10,15_2_43,CD,1,0.11999820915555245,0.8800017908444475,3
15,VST_first,11,15_2_44,VD,1,0.1166983733418592,0.8833016266581408,3
15,VST_first,15,15_2_48,VD,1,0.43134803996221593,0.5686519600377841,4
15,VST_first,16,15_2_49,VD,1,0.09163137473891954,0.9083686252610805,3
15,VST_first,18,15_2_51,CD,1,0.09189323555197193,0.9081067644480281,3
15,VST_first,19,15_2_53,VD,1,0.1388021103862181,0.861197889613782,4
15,VST_first,20,15_2_54,VD,1,0.40183455051944245,0.5981654494805575,3
15,VST_first,21,15_2_55,VD,1,0.5141301019086996,0.48586989809130043,2
15,VST_first,22,15_2_56,CD,1,0.5144474797559201,0.48555252024407997,2
15,VST_first,23,15_2_57,CD,1,0.41585756949427644,0.5841424305057236,3
15,VST_first,24,15_2_58,VD,1,0.5174870786765591,0.48251292132344087,2
15,VST_first,25,15_2_59,VD,1,0.10368715885225963,0.8963128411477403,4
15,VST_first,26,15_2_61,CD,1,0.1043663585350085,0.8956336414649915,3
15,VST_first,28,15_2_63,CD,1,0.5169029994153532,0.4830970005846468,2
15,VST_first,29,15_2_64,CD,1,0.10395474079478034,0.8960452592052197,4
15,VST_first,30,15_3_65,CD,2,0.1046877679522842,0.8953122320477157,3
15,VST_first,31,15_3_66,CD,2,0.10158386197583959,0.8984161380241604,4
15,VST_first,32,15_3_67,VD,2,0.5508415788808503,0.4491584211191497,2
15,VST_first,34,15_3_69,CD,2,0.10495865448053049,0.8950413455194695,4
15,VST_first,35,15_3_70,VD,2,0.3220656956475025,0.6779343043524975,4
15,VST_first,38,15_3_73,VD,2,0.17412056432536369,0.8258794356746364,4
15,VST_first,39,15_3_74,VD,2,0.09927230227098922,0.9007276977290107,4
15,VST_first,40,15_3_76,CD,2,0.13558844047731233,0.8644115595226877,4
15,VST_first,41,15_3_77,VD,2,0.09161514561931039,0.9083848543806896,3
15,VST_first,43,15_3_79,VD,2,0.5165605514890546,0.48343944851094534,2
15,VST_first,44,15_3_82,VD,2,0.25254256698560806,0.7474574330143919,3
15,VST_first,46,15_3_84,CD,2,0.5288921924239013,0.47110780757609877,2
15,VST_first,47,15_3_88,VD,2,0.5151658810324791,0.4848341189675209,2
15,VST_first,48,15_3_91,CD,2,0.42913574674131183,0.5708642532586883,3
15,VST_first,49,15_3_92,VD,2,0.10032737712945865,0.8996726228705413,3
15,VST_first,50,15_3_93,CD,2,0.14803351963599046,0.8519664803640095,3
15,VST_first,51,15_3_94,CD,2,0.10945548978210792,0.890544510217892,4
15,VST_first,52,15_3_95,VD,2,0.10118780010488082,0.8988121998951192,4
15,VST_first,53,15_3_96,CD,2,0.2485288013120672,0.7514711986879328,3
15,VST_first,54,15_4_97,CD,3,0.20397005279653085,0.7960299472034692,3
15,VST_first,55,15_4_98,CD,3,0.37610357330373095,0.6238964266962691,3
15,VST_first,56,15_4_99,VD,3,0.42956598916521177,0.5704340108347882,3
15,VST_first,57,15_4_100,VD,3,0.5141109604134417,0.48588903958655827,2
15,VST_first,58,15_4_103,CD,3,0.10094680548513515,0.8990531945148648,3
15,VST_first,59,15_4_105,VD,3,0.3915518829103398,0.6084481170896602,3
15,VST_first,60,15_4_106,VD,3,0.10442788244410177,0.8955721175558983,4
15,VST_first,61,15_4_107,CD,3,0.11788065382056036,0.8821193461794397,4
15,VST_first,64,15_4_110,CD,3,0.3361950646215274,0.6638049353784726,4
15,VST_first,65,15_4_111,VD,3,0.22672944639259676,0.7732705536074033,3
15,VST_first,66,15_4_112,CD,3,0.38463686407661635,0.6153631359233837,3
15,VST_first,67,15_4_113,CD,3,0.5743339861634127,0.42566601383658725,2
15,VST_first,68,15_4_114,VD,3,0.10673488970605782,0.8932651102939422,4
15,VST_first,69,15_4_116,VD,3,0.31688864354670665,0.6831113564532934,4
15,VST_first,70,15_4_117,CD,3,0.101124402978219,0.898875597021781,4
15,VST_first,71,15_4_118,CD,3,0.09402765189413181,0.9059723481058682,3
15,VST_first,73,15_4_120,CD,3,0.5189832662897024,0.4810167337102976,2
15,VST_first,74,15_4_121,VD,3,0.41503006802942227,0.5849699319705777,5
15,VST_first,75,15_4_122,VD,3,0.3852992768057351,0.6147007231942649,3
15,VST_first,76,15_4_123,CD,3,0.10382999799269649,0.8961700020073035,3
15,VST_first,78,15_4_126,VD,3,0.10174890698543443,0.8982510930145655,4
15,VST_first,79,15_4_127,CD,3,0.09793964918110236,0.9020603508188977,4
15,VST_first,80,15_4_128,CD,3,0.3083417492663413,0.6916582507336587,4
15,VST_first,81,15_5_129,VD,4,0.32017707083659935,0.6798229291634006,4
15,VST_first,82,15_5_130,VD,4,0.38276717492507606,0.6172328250749239,3
15,VST_first,83,15_5_131,CD,4,0.5139463903499893,0.4860536096500106,2
15,VST_first,84,15_5_132,CD,4,0.09735418945058498,0.9026458105494151,4
15,VST_first,85,15_5_133,CD,4,0.10028287164072736,0.8997171283592726,4
15,VST_first,86,15_5_134,CD,4,0.5139072028708299,0.4860927971291701,2
15,VST_first,87,15_5_135,CD,4,0.31949912809714753,0.6805008719028525,4
15,VST_first,88,15_5_136,CD,4,0.3169097265213897,0.6830902734786103,4
15,VST_first,89,15_5_137,CD,4,0.10015470549155285,0.8998452945084472,4
15,VST_first,91,15_5_141,VD,4,0.3658184119472943,0.6341815880527056,3
15,VST_first,92,15_5_142,VD,4,0.31019881020707213,0.6898011897929278,4
15,VST_first,94,15_5_144,VD,4,0.5142432057171187,0.48575679428288143,2
15,VST_first,95,15_5_146,VD,4,0.1023553200625832,0.8976446799374168,4
15,VST_first,96,15_5_147,CD,4,0.10897380868437864,0.8910261913156214,4
15,VST_first,97,15_5_149,CD,4,0.10395287431003722,0.8960471256899628,3
15,VST_first,98,15_5_150,VD,4,0.3200452806112883,0.6799547193887117,4
15,VST_first,99,15_5_151,VD,4,0.09913442858879505,0.9008655714112049,4
15,VST_first,100,15_5_152,VD,4,0.09980562664644231,0.9001943733535577,4
15,VST_first,101,15_5_153,VD,4,0.09883873716797972,0.9011612628320202,4
15,VST_first,102,15_5_154,VD,4,0.5141109604134417,0.48588903958655827,2
15,VST_first,103,15_5_155,CD,4,0.13437008056794408,0.8656299194320559,4
15,VST_first,105,15_5_157,CD,4,0.38354773598097297,0.6164522640190271,3
15,VST_first,106,15_5_158,VD,4,0.5339006392966064,0.4660993607033937,2
15,VST_first,107,15_5_159,CD,4,0.386001642596815,0.613998357403185,3
15,VST_first,109,15_6_161,VD,5,0.09803935086425564,0.9019606491357444,4
15,VST_first,110,15_6_162,CD,5,0.09704957179106075,0.9029504282089392,4
15,VST_first,111,15_6_163,CD,5,0.09805470213567882,0.9019452978643212,4
15,VST_first,112,15_6_164,CD,5,0.09734135286395845,0.9026586471360416,4
15,VST_first,114,15_6_166,VD,5,0.1053095724719672,0.89469042752803285,4
15,VST_first,115,15_6_168,VD,5,0.11682421140200991,0.8831757885979901,4
15,VST_first,116,15_6_169,VD,5,0.09955412588737471,0.9004458741126253,4
15,VST_first,117,15_6_170,VD,5,0.11620974937639672,0.8837902506236033,3
15,VST_first,118,15_6_171,CD,5,0.5149666392968578,0.4850333607031422,2
15,VST_first,119,15_6_172,CD,5,0.1291014300495066,0.8708985699504934,4
15,VST_first,120,15_6_173,VD,5,0.5143759787237827,0.4856240212762173,2
15,VST_first,121,15_6_174,VD,5,0.10081329655834609,0.8991867034416539,4
15,VST_first,123,15_6_176,CD,5,0.10685721294740538,0.8931427870525946,4
15,VST_first,124,15_6_177,VD,5,0.5142432057171187,0.48575679428288143,2
15,VST_first,125,15_6_178,VD,5,0.4313247292957875,0.5686752707042124,3
15,VST_first,126,15_6_179,CD,5,0.11601948174961178,0.8839805182503881,4
15,VST_first,127,15_6_180,VD,5,0.10750055264812419,0.8924994473518758,4
15,VST_first,128,15_6_181,VD,5,0.09074072184693972,0.9092592781530603,3
15,VST_first,129,15_6_182,VD,5,0.38260504761723874,0.6173949523827613,3
15,VST_first,131,15_6_185,CD,5,0.103785889719763,0.896214110280237,4
15,VST_first,132,15_6_186,VD,5,0.3625208095294941,0.6374791904705058,3
15,VST_first,133,15_6_187,CD,5,0.3883806157595447,0.6116193842404554,3
15,VST_first,134,15_6_188,CD,5,0.3185724201645196,0.6814275798354803,4
15,VST_first,135,15_6_189,CD,5,0.5140328213632861,0.48596717863671385,2
15,VST_first,136,15_6_191,VD,5,0.3932541445292944,0.6067458554707056,3
15,VST_first,137,15_7_193,CD,6,0.14607822979252916,0.8539217702074708,2
15,VST_first,138,15_7_195,VD,6,0.3856198632092549,0.6143801367907451,3
15,VST_first,139,15_7_196,VD,6,0.10875985673506454,0.8912401432649355,4
15,VST_first,140,15_7_197,VD,6,0.39046760593064495,0.6095323940693551,3
15,VST_first,141,15_7_198,VD,6,0.10591914591895109,0.894080854081049,4
15,VST_first,142,15_7_199,VD,6,0.09960006032694875,0.9003999396730512,4
15,VST_first,143,15_7_202,VD,6,0.3183792253200588,0.6816207746799412,4
15,VST_first,144,15_7_203,VD,6,0.10222952129448334,0.8977704787055167,4
15,VST_first,145,15_7_204,VD,6,0.10457703241307346,0.8954229675869265,4
15,VST_first,147,15_7_206,CD,6,0.1166273367894235,0.8833726632105765,4
15,VST_first,148,15_7_207,CD,6,0.09815228645672378,0.9018477135432762,4
15,VST_first,150,15_7_210,CD,6,0.11332159257370435,0.8866784074262957,4
15,VST_first,152,15_7_213,CD,6,0.10015003245259449,0.8998499675474054,4
15,VST_first,153,15_7_215,CD,6,0.5143464270730403,0.4856535729269597,2
15,VST_first,155,15_7_218,VD,6,0.38474336150329475,0.6152566384967053,3
15,VST_first,156,15_7_219,VD,6,0.3858380856390126,0.6141619143609874,3
15,VST_first,157,15_7_220,CD,6,0.382469967080051,0.617530032919949,3
15,VST_first,158,15_7_222,CD,6,0.10714523411613994,0.89285476588386,4
15,VST_first,159,15_7_223,CD,6,0.1100080291764131,0.8899919708235869,4
15,VST_first,160,15_7_224,VD,6,0.3259602669735546,0.6740397330264453,4
15,VST_first,162,15_8_226,CD,7,0.5211435143424554,0.4788564856575446,2
15,VST_first,163,15_8_227,VD,7,0.31823305183763617,0.6817669481623638,4
15,VST_first,164,15_8_228,VD,7,0.09970378716797262,0.9002962128320273,4
15,VST_first,165,15_8_229,VD,7,0.10055574633113581,0.8994442536688643,4
15,VST_first,166,15_8_230,CD,7,0.11056186690971727,0.8894381330902827,4
15,VST_first,167,15_8_231,CD,7,0.27500086169973315,0.7249991383002669,4
15,VST_first,168,15_8_232,CD,7,0.09808544030129242,0.9019145596987076,4
15,VST_first,169,15_8_234,VD,7,0.5388510848289882,0.46114891517101175,2
15,VST_first,170,15_8_235,VD,7,0.5156678928186312,0.48433210718136877,2
15,VST_first,173,15_8_239,CD,7,0.10399111106180756,0.8960088889381925,4
15,VST_first,174,15_8_240,VD,7,0.09657022091363573,0.9034297790863642,4
15,VST_first,175,15_8_241,CD,7,0.31688788810955426,0.6831121118904457,4
15,VST_first,176,15_8_242,CD,7,0.3827594667021924,0.6172405332978076,3
15,VST_first,177,15_8_243,VD,7,0.3344513630058096,0.6655486369941904,4
15,VST_first,178,15_8_244,CD,7,0.6564397290151178,0.3435602709848822,3
15,VST_first,179,15_8_245,VD,7,0.5143464270730403,0.4856535729269597,2
15,VST_first,181,15_8_248,VD,7,0.3828494209277956,0.6171505790722044,3
15,VST_first,182,15_8_249,CD,7,0.09637907860649463,0.9036209213935054,4
15,VST_first,183,15_8_251,VD,7,0.10136634932739219,0.8986336506726078,4
15,VST_first,184,15_8_252,VD,7,0.12256810204886712,0.8774318979511329,4
15,VST_first,185,15_8_254,CD,7,0.5143759787237827,0.4856240212762173,2
15,VST_first,186,15_8_255,CD,7,0.10470406524113784,0.8952959347588622,4
15,VST_first,187,15_8_256,CD,7,0.10338289603423195,0.896617103965768,4
15,VST_first,189,15_9_258,CD,8,0.11698347536808835,0.8830165246319117,4
15,VST_first,190,15_9_260,VD,8,0.3199191911994681,0.6800808088005319,4
15,VST_first,191,15_9_261,CD,8,0.10347674812716948,0.8965232518728306,4
15,VST_first,192,15_9_262,VD,8,0.0970889702983311,0.9029110297016689,4
15,VST_first,193,15_9_263,CD,8,0.09907380229663076,0.9009261977033692,4
15,VST_first,195,15_9_265,VD,8,0.3204792339910386,0.6795207660089615,4
15,VST_first,196,15_9_266,CD,8,0.10291577276146824,0.8970842272385318,4
15,VST_first,197,15_9_267,CD,8,0.385575979230002,0.614424020769998,3
15,VST_first,198,15_9_268,CD,8,0.5154588024789278,0.4845411975210722,2
15,VST_first,199,15_9_270,CD,8,0.3173899985888643,0.6826100014111358,4
15,VST_first,200,15_9_271,VD,8,0.3831510488545771,0.6168489511454229,3
15,VST_first,201,15_9_272,VD,8,0.10300566364002736,0.8969943363599726,4
15,VST_first,202,15_9_273,VD,8,0.1069496250600582,0.8930503749399418,4
15,VST_first,203,15_9_274,VD,8,0.3177718404958564,0.6822281595041436,4
15,VST_first,204,15_9_275,VD,8,0.3835268605645621,0.6164731394354379,3
15,VST_first,205,15_9_276,CD,8,0.10411277954532858,0.8958872204546714,4
15,VST_first,206,15_9_277,CD,8,0.10314440423267564,0.8968555957673243,4
15,VST_first,207,15_9_278,VD,8,0.11362697349089657,0.8863730265091034,4
15,VST_first,208,15_9_279,CD,8,0.10031997205155094,0.8996800279484491,4
15,VST_first,210,15_9_281,CD,8,0.3856879413869613,0.6143120586130387,3
15,VST_first,211,15_9_282,CD,8,0.3201998713117709,0.6798001286882291,4
15,VST_first,212,15_9_283,VD,8,0.10009826758257256,0.8999017324174274,4
15,VST_first,213,15_9_284,VD,8,0.5139443400733589,0.4860556599266411,2
15,VST_first,214,15_9_285,VD,8,0.09807383442541734,0.9019261655745827,4
15,VST_first,215,15_9_286,CD,8,0.5139633134735144,0.4860366865264855,2
15,VST_first,217,15_9_288,VD,8,0.10687548267275895,0.8931245173272411,4
16,RSVP_first,1,16_2_33,CD,1,0.4085713109847501,0.5914286890152499,3
16,RSVP_first,2,16_2_34,CD,1,0.39290459235314745,0.6070954076468525,5
16,RSVP_first,3,16_2_35,VD,1,0.5246366790919409,0.4753633209080591,2
16,RSVP_first,4,16_2_36,VD,1,0.37426255432509375,0.6257374456749063,5
16,RSVP_first,5,16_2_37,CD,1,0.45187308868227305,0.548126911317727,5
16,RSVP_first,6,16_2_38,CD,1,0.11360138007591429,0.8863986199240856,4
16,RSVP_first,8,16_2_40,CD,1,0.11768135439702053,0.8823186456029795,4
16,RSVP_first,9,16_2_41,VD,1,0.39171759213949614,0.6082824078605039,3
16,RSVP_first,10,16_2_42,CD,1,0.5165795435516989,0.4834204564483012,2
16,RSVP_first,11,16_2_43,CD,1,0.40901664122509124,0.5909833587749088,3
16,RSVP_first,12,16_2_44,CD,1,0.09709315203360572,0.9029068479663943,3
16,RSVP_first,13,16_2_45,CD,1,0.22612957897193012,0.7738704210280699,4
16,RSVP_first,14,16_2_46,CD,1,0.387329886691583,0.6126701133084169,3
16,RSVP_first,15,16_2_47,VD,1,0.3256819601844413,0.6743180398155587,4
16,RSVP_first,16,16_2_48,VD,1,0.11721829972258782,0.8827817002774122,4
16,RSVP_first,17,16_2_49,VD,1,0.5146213042955881,0.48537869570441194,2
16,RSVP_first,18,16_2_50,VD,1,0.25878267784452347,0.7412173221554765,4
16,RSVP_first,20,16_2_52,VD,1,0.2833118446603262,0.7166881553396738,4
16,RSVP_first,22,16_2_54,VD,1,0.125092379016569,0.874907620983431,4
16,RSVP_first,23,16_2_55,VD,1,0.5531037494612718,0.44689625053872817,4
16,RSVP_first,24,16_2_56,VD,1,0.22236916326014405,0.7776308367398559,5
16,RSVP_first,25,16_2_57,VD,1,0.12760044732603051,0.8723995526739695,4
16,RSVP_first,26,16_2_58,VD,1,0.07617310874585179,0.9238268912541481,2
16,RSVP_first,27,16_2_59,CD,1,0.14145636155235716,0.8585436384476428,4
16,RSVP_first,28,16_2_60,CD,1,0.11093385167582678,0.8890661483241732,4
16,RSVP_first,29,16_2_61,CD,1,0.517573493272362,0.4824265067276379,2
16,RSVP_first,30,16_2_62,VD,1,0.150932424854852,0.8490675751451481,4
16,RSVP_first,32,16_2_64,CD,1,0.518720046124346,0.4812799538756541,2
16,RSVP_first,33,16_3_65,VD,2,0.5165795435516989,0.4834204564483012,2
16,RSVP_first,34,16_3_66,VD,2,0.5838142021382235,0.41618579786177645,5
16,RSVP_first,35,16_3_67,CD,2,0.12426116454857303,0.8757388354514271,4
16,RSVP_first,36,16_3_68,CD,2,0.12513681464783646,0.8748631853521636,4
16,RSVP_first,37,16_3_69,VD,2,0.39714549558726175,0.6028545044127382,3
16,RSVP_first,38,16_3_70,VD,2,0.11698742343984542,0.8830125765601545,4
16,RSVP_first,39,16_3_71,CD,2,0.10610745784773055,0.8938925421522694,4
16,RSVP_first,40,16_3_72,VD,2,0.10552100370210048,0.8944789962978995,4
16,RSVP_first,41,16_3_73,CD,2,0.12221044440464983,0.8777895555953502,4
16,RSVP_first,42,16_3_74,VD,2,0.13643731476029908,0.8635626852397009,4
16,RSVP_first,43,16_3_75,VD,2,0.3289632243487886,0.6710367756512114,4
16,RSVP_first,44,16_3_76,CD,2,0.5139792976138002,0.4860207023861998,2
16,RSVP_first,45,16_3_77,VD,2,0.10500598355988043,0.8949940164401196,4
16,RSVP_first,46,16_3_78,VD,2,0.3091247833212834,0.6908752166787167,5
16,RSVP_first,48,16_3_80,VD,2,0.11011020043975121,0.8898897995602488,4
16,RSVP_first,49,16_3_81,VD,2,0.3189690519547043,0.6810309480452956,4
16,RSVP_first,50,16_3_82,VD,2,0.5140316609805153,0.48596833901948466,2
16,RSVP_first,51,16_3_83,CD,2,0.39956202537763075,0.6004379746223693,3
16,RSVP_first,52,16_3_84,CD,2,0.5567982406092147,0.4432017593907853,3
16,RSVP_first,53,16_3_85,CD,2,0.15117749891185267,0.8488225010881474,4
16,RSVP_first,54,16_3_86,CD,2,0.5154588024789278,0.4845411975210722,2
16,RSVP_first,56,16_3_89,VD,2,0.11101248455009392,0.8889875154499061,4
16,RSVP_first,57,16_3_90,CD,2,0.33025253514675557,0.6697474648532444,4
16,RSVP_first,58,16_3_91,CD,2,0.15407997732281237,0.8459200226771877,4
16,RSVP_first,59,16_3_92,CD,2,0.11250657406476988,0.8874934259352301,4
16,RSVP_first,61,16_3_94,CD,2,0.3186413044145767,0.6813586955854233,4
16,RSVP_first,62,16_3_95,CD,2,0.2910972902309964,0.7089027097690036,5
16,RSVP_first,64,16_4_98,CD,3,0.32595286999828643,0.6740471300017136,4
16,RSVP_first,65,16_4_99,VD,3,0.3561179325552355,0.6438820674447645,4
16,RSVP_first,66,16_4_100,VD,3,0.3288149706945128,0.6711850293054872,4
16,RSVP_first,67,16_4_101,CD,3,0.3118417927633819,0.688158207236618,3
16,RSVP_first,68,16_4_102,CD,3,0.3859060862725905,0.6140939137274095,3
16,RSVP_first,69,16_4_103,CD,3,0.3229794801760874,0.6770205198239125,4
16,RSVP_first,71,16_4_106,VD,3,0.5139345507308902,0.4860654492691097,2
16,RSVP_first,72,16_4_107,VD,3,0.14934119360534875,0.8506588063946512,4
16,RSVP_first,73,16_4_108,VD,3,0.234853925412119,0.765146074587881,4
16,RSVP_first,74,16_4_109,VD,3,0.49518430003567454,0.5048156999643254,5
16,RSVP_first,75,16_4_111,CD,3,0.5103936376407071,0.48960636235929283,5
16,RSVP_first,76,16_4_112,VD,3,0.18714098686161293,0.812859013138387,4
16,RSVP_first,77,16_4_113,CD,3,0.15378629007566116,0.8462137099243388,4
16,RSVP_first,78,16_4_114,CD,3,0.24698630806361088,0.7530136919363891,5
16,RSVP_first,79,16_4_115,CD,3,0.3329718944188965,0.6670281055811035,4
16,RSVP_first,80,16_4_116,VD,3,0.31954584687105336,0.6804541531289466,4
16,RSVP_first,81,16_4_117,CD,3,0.38362196358709466,0.6163780364129053,3
16,RSVP_first,83,16_4_119,CD,3,0.24275755694552265,0.7572424430544773,5
16,RSVP_first,84,16_4_121,VD,3,0.3279986719639648,0.6720013280360352,5
16,RSVP_first,85,16_4_122,VD,3,0.3836492605317631,0.6163507394682368,3
16,RSVP_first,86,16_4_123,VD,3,0.5169648619378224,0.4830351380621775,2
16,RSVP_first,87,16_4_124,VD,3,0.12097243184172908,0.8790275681582709,4
16,RSVP_first,89,16_4_126,CD,3,0.5153824549409081,0.48461754505909194,2
16,RSVP_first,90,16_4_127,CD,3,0.21990408440837378,0.7800959155916262,4
16,RSVP_first,91,16_4_128,VD,3,0.5161608923392826,0.48383910766071736,2
16,RSVP_first,92,16_5_129,CD,4,0.379114075624035,0.6208859243759651,3
16,RSVP_first,93,16_5_130,CD,4,0.39939808028690216,0.6006019197130978,3
16,RSVP_first,95,16_5_132,VD,4,0.38994115469708884,0.6100588453029112,3
16,RSVP_first,96,16_5_133,VD,4,0.5335534682365446,0.4664465317634554,2
16,RSVP_first,97,16_5_134,VD,4,0.1258188782629698,0.8741811217370302,4
16,RSVP_first,98,16_5_135,CD,4,0.10389327085878897,0.896106729141211,4
16,RSVP_first,99,16_5_136,VD,4,0.11310290519709676,0.8868970948029031,4
16,RSVP_first,100,16_5_137,VD,4,0.12230941178312976,0.8776905882168702,4
16,RSVP_first,102,16_5_139,VD,4,0.3267771925131444,0.6732228074868556,4
16,RSVP_first,103,16_5_140,VD,4,0.11802412429574954,0.8819758757042504,4
16,RSVP_first,104,16_5_141,CD,4,0.4036781613457229,0.5963218386542771,5
16,RSVP_first,105,16_5_142,CD,4,0.37545554149256,0.62454445850744,5
16,RSVP_first,106,16_5_144,VD,4,0.4622585620508587,0.5377414379491413,6
16,RSVP_first,107,16_5_145,CD,4,0.5211501890756763,0.47884981092432366,2
16,RSVP_first,109,16_5_147,VD,4,0.44653279647008254,0.5534672035299174,4
16,RSVP_first,110,16_5_148,VD,4,0.4990931829708303,0.5009068170291697,6
16,RSVP_first,111,16_5_149,CD,4,0.15885283811923984,0.8411471618807602,5
16,RSVP_first,112,16_5_150,CD,4,0.5246366790919409,0.4753633209080591,2
16,RSVP_first,113,16_5_151,CD,4,0.12700183067103593,0.8729981693289641,4
16,RSVP_first,114,16_5_152,CD,4,0.151077688620762,0.848922311379238,5
16,RSVP_first,115,16_5_153,VD,4,0.13862517046702288,0.8613748295329772,4
16,RSVP_first,116,16_5_154,CD,4,0.8472502868028104,0.15274971319718944,2
16,RSVP_first,117,16_5_156,CD,4,0.39109962087339484,0.6089003791266052,4
16,RSVP_first,118,16_5_157,VD,4,0.520251229515042,0.479748770484958,2
16,RSVP_first,119,16_5_158,CD,4,0.1262222919711672,0.8737777080288328,4
16,RSVP_first,121,16_6_161,CD,5,0.14433980094499688,0.8556601990550032,4
16,RSVP_first,122,16_6_162,CD,5,0.14141658424152448,0.8585834157584755,5
16,RSVP_first,124,16_6_164,CD,5,0.4417680335676447,0.5582319664323553,3
16,RSVP_first,126,16_6_166,CD,5,0.367117240369135,0.6328827596308649,5
16,RSVP_first,127,16_6_167,VD,5,0.3171840246856452,0.6828159753143548,4
16,RSVP_first,128,16_6_168,VD,5,0.5212539080403535,0.47874609195964646,2
16,RSVP_first,129,16_6_169,VD,5,0.6297071693493275,0.3702928306506725,3
16,RSVP_first,130,16_6_171,VD,5,0.3490310551957353,0.6509689448042647,4
16,RSVP_first,131,16_6_172,CD,5,0.4178974105417142,0.5821025894582859,6
16,RSVP_first,132,16_6_173,CD,5,0.16896276433023738,0.8310372356697626,4
16,RSVP_first,133,16_6_174,VD,5,0.11607762563517081,0.8839223743648292,4
16,RSVP_first,134,16_6_175,VD,5,0.5161608595279391,0.48383914047206095,2
16,RSVP_first,135,16_6_176,CD,5,0.5151047945627555,0.4848952054372445,2
16,RSVP_first,136,16_6_177,CD,5,0.12030770670866991,0.87969229329133,4
16,RSVP_first,137,16_6_178,CD,5,0.38649730490084666,0.6135026950991533,4
16,RSVP_first,138,16_6_179,CD,5,0.428424831636586,0.571575168363414,3
16,RSVP_first,141,16_6_182,VD,5,0.10108211787163525,0.8989178821283648,4
16,RSVP_first,142,16_6_183,VD,5,0.4547434938699864,0.5452565061300135,5
16,RSVP_first,143,16_6_184,CD,5,0.5149142303259509,0.4850857696740492,2
16,RSVP_first,144,16_6_185,CD,5,0.13863677563715898,0.861363224362841,5
16,RSVP_first,145,16_6_186,VD,5,0.12280484674018975,0.8771951532598102,4
16,RSVP_first,146,16_6_187,VD,5,0.3481132513723346,0.6518867486276654,5
16,RSVP_first,147,16_6_188,CD,5,0.1455014447907784,0.8544985552092216,5
16,RSVP_first,148,16_6_189,VD,5,0.32981663793859484,0.6701833620614052,4
16,RSVP_first,149,16_6_190,CD,5,0.3266356152793038,0.6733643847206962,4
16,RSVP_first,150,16_6_191,VD,5,0.36527580251507613,0.6347241974849238,5
16,RSVP_first,151,16_6_192,VD,5,0.3916948549926459,0.6083051450073541,3
16,RSVP_first,152,16_7_193,VD,6,0.2945957028847554,0.7054042971152445,4
16,RSVP_first,153,16_7_194,CD,6,0.4763143373855768,0.5236856626144232,6
16,RSVP_first,154,16_7_195,CD,6,0.4189210077089577,0.5810789922910423,4
16,RSVP_first,155,16_7_196,VD,6,0.3002956426694259,0.6997043573305741,5
16,RSVP_first,156,16_7_197,VD,6,0.5150933647198388,0.48490663528016115,2
16,RSVP_first,157,16_7_198,VD,6,0.3886950802488335,0.6113049197511665,3
16,RSVP_first,159,16_7_200,VD,6,0.13016157653198085,0.8698384234680192,4
16,RSVP_first,160,16_7_201,VD,6,0.11009133294049232,0.8899086670595078,4
16,RSVP_first,161,16_7_202,CD,6,0.34134197433947755,0.6586580256605225,5
16,RSVP_first,163,16_7_204,CD,6,0.3854303204419759,0.6145696795580241,5
16,RSVP_first,164,16_7_205,VD,6,0.3007669957860941,0.6992330042139059,5
16,RSVP_first,165,16_7_206,VD,6,0.5181592197741133,0.4818407802258867,2
16,RSVP_first,166,16_7_207,VD,6,0.39133950478731616,0.6086604952126838,3
16,RSVP_first,167,16_7_208,CD,6,0.5211501890756763,0.47884981092432366,2
16,RSVP_first,168,16_7_209,CD,6,0.387976759918923,0.612023240081077,3
16,RSVP_first,169,16_7_210,VD,6,0.1221405207407726,0.8778594792592274,4
16,RSVP_first,170,16_7_211,CD,6,0.5139072028708299,0.4860927971291701,2
16,RSVP_first,172,16_7_213,VD,6,0.11953144631014413,0.8804685536898559,4
16,RSVP_first,173,16_7_214,CD,6,0.12214836732040145,0.8778516326795986,4
16,RSVP_first,174,16_7_215,VD,6,0.15967300945558646,0.8403269905444135,3
16,RSVP_first,175,16_7_216,VD,6,0.4188910485621219,0.5811089514378781,5
16,RSVP_first,177,16_7_219,CD,6,0.13827668784384314,0.8617233121561568,4
16,RSVP_first,178,16_7_220,CD,6,0.11290209317090315,0.887097906829097,4
16,RSVP_first,179,16_7_221,CD,6,0.13641854224459168,0.8635814577554083,4
16,RSVP_first,180,16_7_222,VD,6,0.12832893882437846,0.8716710611756215,4
16,RSVP_first,181,16_7_223,CD,6,0.13484280649493907,0.8651571935050609,4
16,RSVP_first,182,16_7_224,CD,6,0.3452188930195297,0.6547811069804703,4
16,RSVP_first,183,16_8_225,VD,7,0.3760966386490438,0.6239033613509561,4
16,RSVP_first,184,16_8_226,CD,7,0.47718156429907943,0.5228184357009206,3
16,RSVP_first,185,16_8_227,CD,7,0.6116899530338519,0.3883100469661481,2
16,RSVP_first,186,16_8_228,CD,7,0.29678175205603086,0.703218247943969,5
16,RSVP_first,188,16_8_230,CD,7,0.11327075904170483,0.8867292409582952,4
16,RSVP_first,189,16_8_231,CD,7,0.1688031144973638,0.8311968855026362,4
16,RSVP_first,191,16_8_233,VD,7,0.43070337013921045,0.5692966298607895,5
16,RSVP_first,192,16_8_234,VD,7,0.39555046664723637,0.6044495333527636,3
16,RSVP_first,193,16_8_235,CD,7,0.3194373890084676,0.6805626109915325,4
16,RSVP_first,194,16_8_236,CD,7,0.15193312739957338,0.8480668726004266,4
16,RSVP_first,195,16_8_238,VD,7,0.10385619889892678,0.8961438011010732,3
16,RSVP_first,196,16_8_239,CD,7,0.19048559763670592,0.8095144023632941,4
16,RSVP_first,197,16_8_240,VD,7,0.15078785104070608,0.8492121489592939,4
16,RSVP_first,198,16_8_241,CD,7,0.11866101908561323,0.8813389809143868,4
16,RSVP_first,199,16_8_242,CD,7,0.5203507274031904,0.4796492725968096,2
16,RSVP_first,201,16_8_244,CD,7,0.3318135409928763,0.6681864590071237,4
16,RSVP_first,202,16_8_245,VD,7,0.5169648619378224,0.4830351380621775,2
16,RSVP_first,204,16_8_247,VD,7,0.4548725672903662,0.5451274327096338,3
16,RSVP_first,205,16_8_248,VD,7,0.13335429290163278,0.8666457070983672,4
16,RSVP_first,206,16_8_249,VD,7,0.11279901520329638,0.8872009847967036,4
16,RSVP_first,207,16_8_250,CD,7,0.4213385189305506,0.5786614810694495,3
16,RSVP_first,208,16_8_251,VD,7,0.1948475325888464,0.8051524674111535,4
16,RSVP_first,209,16_8_252,VD,7,0.5149142303259509,0.4850857696740492,2
16,RSVP_first,210,16_8_253,VD,7,0.33341296707558976,0.6665870329244103,4
16,RSVP_first,211,16_8_254,VD,7,0.11428271131121528,0.8857172886887847,4
16,RSVP_first,212,16_8_255,VD,7,0.36094176020265767,0.6390582397973423,3
16,RSVP_first,213,16_8_256,CD,7,0.10341456383687953,0.8965854361631205,4
16,RSVP_first,214,16_9_257,VD,8,0.36866813741859306,0.6313318625814069,4
16,RSVP_first,215,16_9_258,VD,8,0.1059814668178639,0.8940185331821361,4
16,RSVP_first,216,16_9_259,VD,8,0.5194443501862793,0.4805556498137206,2
16,RSVP_first,217,16_9_260,VD,8,0.5232696892921496,0.4767303107078504,2
16,RSVP_first,218,16_9_261,CD,8,0.33154927965612085,0.6684507203438791,4
16,RSVP_first,219,16_9_262,VD,8,0.25739328662351085,0.7426067133764892,5
16,RSVP_first,220,16_9_263,CD,8,0.11900215058169727,0.8809978494183027,4
16,RSVP_first,221,16_9_265,CD,8,0.5188123160338092,0.4811876839661909,2
16,RSVP_first,222,16_9_266,CD,8,0.3874131797981772,0.6125868202018229,3
16,RSVP_first,223,16_9_267,VD,8,0.3702747766569093,0.6297252233430907,3
16,RSVP_first,224,16_9_268,CD,8,0.11309308770956283,0.8869069122904372,4
16,RSVP_first,225,16_9_269,CD,8,0.5157885617582725,0.48421143824172763,2
16,RSVP_first,226,16_9_270,VD,8,0.13512549552728323,0.8648745044727167,4
16,RSVP_first,227,16_9_271,CD,8,0.14720035010656146,0.8527996498934386,4
16,RSVP_first,228,16_9_272,CD,8,0.1588290318434752,0.8411709681565248,4
16,RSVP_first,231,16_9_275,CD,8,0.3370915217878814,0.6629084782121186,4
16,RSVP_first,232,16_9_276,VD,8,0.4730765374165151,0.5269234625834849,3
16,RSVP_first,234,16_9_278,CD,8,0.11530773480280204,0.8846922651971979,4
16,RSVP_first,235,16_9_279,CD,8,0.17601547861383354,0.8239845213861664,5
16,RSVP_first,236,16_9_280,VD,8,0.12961095052727406,0.870389049472726,4
16,RSVP_first,237,16_9_281,CD,8,0.3291911931712909,0.6708088068287091,4
16,RSVP_first,238,16_9_282,VD,8,0.251947116133267,0.7480528838667331,5
16,RSVP_first,239,16_9_283,VD,8,0.4587519583746909,0.5412480416253092,3
16,RSVP_first,240,16_9_284,CD,8,0.41340030040832276,0.5865996995916772,3
16,RSVP_first,241,16_9_285,CD,8,0.32360823923220294,0.6763917607677971,5
16,RSVP_first,242,16_9_286,VD,8,0.414938947101678,0.585061052898322,4
16,RSVP_first,243,16_9_287,VD,8,0.37094794893726024,0.6290520510627398,5
17,VST_first,1,17_2_33,VD,1,0.5408898920522105,0.45911010794778956,6
17,VST_first,2,17_2_34,VD,1,0.2945893719472041,0.705410628052796,4
17,VST_first,3,17_2_35,CD,1,0.266459568058513,0.733540431941487,5
17,VST_first,5,17_2_37,VD,1,0.48458618279177706,0.515413817208223,3
17,VST_first,6,17_2_38,CD,1,0.45411749573820126,0.5458825042617987,5
17,VST_first,7,17_2_39,CD,1,0.3233387560210973,0.6766612439789027,4
17,VST_first,8,17_2_40,CD,1,0.348658837615838,0.651341162384162,4
17,VST_first,9,17_2_41,CD,1,0.18416832792369023,0.8158316720763097,4
17,VST_first,10,17_2_42,CD,1,0.4705600243590644,0.5294399756409356,4
17,VST_first,11,17_2_43,CD,1,0.434230553714215,0.5657694462857851,3
17,VST_first,13,17_2_46,VD,1,0.644729172195712,0.3552708278042881,5
17,VST_first,14,17_2_49,CD,1,0.6474205936898585,0.35257940631014156,5
17,VST_first,15,17_2_50,VD,1,0.5242531118327014,0.4757468881672987,2
17,VST_first,16,17_2_54,VD,1,0.6800775311014678,0.3199224688985321,3
17,VST_first,17,17_2_55,CD,1,0.631805668520309,0.368194331479691,3
17,VST_first,19,17_2_58,CD,1,0.4996796508266083,0.5003203491733916,4
17,VST_first,20,17_2_59,VD,1,0.5536440331415893,0.4463559668584107,4
17,VST_first,21,17_2_60,VD,1,0.12431828863149201,0.875681711368508,4
17,VST_first,22,17_2_64,VD,1,0.16566524630065288,0.8343347536993472,4
17,VST_first,23,17_3_65,VD,2,0.4782222911721495,0.5217777088278506,6
17,VST_first,24,17_3_66,VD,2,0.3649973681004276,0.6350026318995724,4
17,VST_first,25,17_3_67,CD,2,0.5134503081456865,0.48654969185431357,5
17,VST_first,26,17_3_68,CD,2,0.3760527362795062,0.6239472637204938,5
17,VST_first,27,17_3_69,VD,2,0.240499019197657,0.759500980802343,3
17,VST_first,28,17_3_70,CD,2,0.194336116802356,0.8056638831976439,4
17,VST_first,29,17_3_71,VD,2,0.4323840718044803,0.5676159281955198,4
17,VST_first,30,17_3_74,CD,2,0.41577383164258025,0.5842261683574197,4
17,VST_first,32,17_3_76,VD,2,0.23252316251536678,0.7674768374846332,3
17,VST_first,33,17_3_77,CD,2,0.6249939599429681,0.3750060400570318,2
17,VST_first,34,17_3_78,CD,2,0.42194442924734077,0.5780555707526592,3
17,VST_first,35,17_3_81,CD,2,0.1475650487930309,0.8524349512069691,3
17,VST_first,36,17_3_82,CD,2,0.5532402832649415,0.44675971673505854,5
17,VST_first,38,17_3_85,VD,2,0.5176819094457459,0.48231809055425406,3
17,VST_first,39,17_3_86,VD,2,0.4013599813001504,0.5986400186998496,3
17,VST_first,40,17_3_87,VD,2,0.5629522086280393,0.4370477913719607,2
17,VST_first,41,17_3_88,VD,2,0.5139792976138002,0.4860207023861998,2
17,VST_first,42,17_3_89,CD,2,0.5159435673658215,0.48405643263417847,2
17,VST_first,43,17_3_90,VD,2,0.15566742315063714,0.8443325768493628,3
17,VST_first,44,17_3_91,CD,2,0.38615030149928753,0.6138496985007125,4
17,VST_first,46,17_3_94,VD,2,0.4333839004918118,0.5666160995081883,3
17,VST_first,47,17_3_96,CD,2,0.33929990686073985,0.6607000931392601,4
17,VST_first,48,17_4_99,VD,3,0.6793017463784333,0.3206982536215666,3
17,VST_first,50,17_4_104,CD,3,0.21709979370635213,0.7829002062936479,3
17,VST_first,51,17_4_105,CD,3,0.15478376876074795,0.845216231239252,3
17,VST_first,52,17_4_106,VD,3,0.6116899530338519,0.3883100469661481,2
17,VST_first,53,17_4_107,CD,3,0.41019081367092214,0.5898091863290779,3
17,VST_first,54,17_4_109,VD,3,0.40139130932918016,0.5986086906708199,3
17,VST_first,55,17_4_110,VD,3,0.16029231516769188,0.8397076848323082,4
17,VST_first,56,17_4_111,CD,3,0.282313830909501,0.717686169090499,5
17,VST_first,57,17_4_112,CD,3,0.56495589158235,0.43504410841764996,4
17,VST_first,58,17_4_113,CD,3,0.4973897044175876,0.5026102955824124,2
17,VST_first,59,17_4_114,CD,3,0.34388872248857355,0.6561112775114265,5
17,VST_first,61,17_4_117,CD,3,0.16179148586919395,0.838208514130806,4
17,VST_first,62,17_4_119,VD,3,0.34617488651038086,0.6538251134896191,5
17,VST_first,63,17_4_120,VD,3,0.3609105248428765,0.6390894751571236,4
17,VST_first,65,17_4_122,VD,3,0.45331901626226834,0.5466809837377317,3
17,VST_first,66,17_4_123,VD,3,0.5435346924250761,0.45646530757492393,2
17,VST_first,67,17_4_124,CD,3,0.23384026485519857,0.7661597351448014,3
17,VST_first,69,17_4_126,VD,3,0.3871138384017703,0.6128861615982297,4
17,VST_first,70,17_4_127,CD,3,0.15285093792364812,0.8471490620763519,4
17,VST_first,71,17_5_129,VD,4,0.26943787559852844,0.7305621244014715,5
17,VST_first,72,17_5_130,CD,4,0.45660162550507305,0.5433983744949269,3
17,VST_first,73,17_5_131,CD,4,0.41831510874644195,0.581684891253558,3
17,VST_first,74,17_5_133,CD,4,0.22272598250727177,0.7772740174927282,4
17,VST_first,75,17_5_134,VD,4,0.4067149205062188,0.5932850794937812,3
17,VST_first,76,17_5_136,VD,4,0.4236789370190318,0.5763210629809681,4
17,VST_first,77,17_5_138,VD,4,0.37805377275581176,0.6219462272441884,4
17,VST_first,78,17_5_139,CD,4,0.20364212474921742,0.7963578752507826,4
17,VST_first,79,17_5_140,VD,4,0.6373232276503591,0.36267677234964085,3
17,VST_first,80,17_5_141,CD,4,0.5350451145106686,0.4649548854893314,5
17,VST_first,81,17_5_142,CD,4,0.6781321656392559,0.32186783436074407,3
17,VST_first,82,17_5_143,VD,4,0.10130794974971234,0.8986920502502876,4
17,VST_first,84,17_5_145,CD,4,0.19861158735530898,0.8013884126446911,4
17,VST_first,85,17_5_147,CD,4,0.5260148752458843,0.47398512475411564,5
17,VST_first,87,17_5_149,VD,4,0.653101189184859,0.346898810815141,6
17,VST_first,88,17_5_150,CD,4,0.9333127217093028,0.06668727829069722,3
17,VST_first,89,17_5_151,VD,4,0.5959139213268405,0.4040860786731595,4
17,VST_first,90,17_5_153,CD,4,0.26269069377245974,0.7373093062275403,5
17,VST_first,91,17_5_154,VD,4,0.47467091389272126,0.5253290861072787,3
17,VST_first,92,17_5_155,CD,4,0.19322953529877251,0.8067704647012275,4
17,VST_first,93,17_5_157,CD,4,0.6112474590152036,0.38875254098479634,2
17,VST_first,95,17_6_161,VD,5,0.5497862792772201,0.4502137207227799,2
17,VST_first,96,17_6_163,CD,5,0.24953301795444155,0.7504669820455584,4
17,VST_first,97,17_6_165,CD,5,0.5335534682365446,0.4664465317634554,2
17,VST_first,98,17_6_166,VD,5,0.6259991238340105,0.37400087616598954,3
17,VST_first,99,17_6_167,VD,5,0.5360529750964017,0.4639470249035983,2
17,VST_first,100,17_6_170,VD,5,0.4662988635483256,0.5337011364516743,3
17,VST_first,101,17_6_171,VD,5,0.4327710283218041,0.5672289716781959,3
17,VST_first,102,17_6_172,VD,5,0.44375243046172086,0.5562475695382791,4
17,VST_first,103,17_6_173,CD,5,0.19299634018099446,0.8070036598190056,4
17,VST_first,104,17_6_174,VD,5,0.7267095706093967,0.2732904293906033,3
17,VST_first,105,17_6_177,CD,5,0.2048330997136712,0.7951669002863289,4
17,VST_first,106,17_6_178,VD,5,0.517354742090881,0.48264525790911905,4
17,VST_first,107,17_6_180,CD,5,0.1546000911055521,0.8453999088944479,3
17,VST_first,108,17_6_182,VD,5,0.2234565667429566,0.7765434332570433,4
17,VST_first,109,17_6_183,VD,5,0.5459262885437468,0.4540737114562533,4
17,VST_first,110,17_6_184,VD,5,0.4019206017421785,0.5980793982578216,3
17,VST_first,111,17_6_185,CD,5,0.5534228143770181,0.4465771856229819,3
17,VST_first,112,17_6_187,CD,5,0.19904561538045562,0.8009543846195444,4
17,VST_first,113,17_6_189,VD,5,0.23257310723823907,0.7674268927617609,5
17,VST_first,115,17_6_191,VD,5,0.1258202038339103,0.8741797961660898,4
17,VST_first,116,17_7_193,CD,6,0.48451235479937377,0.5154876452006263,3
17,VST_first,117,17_7_194,CD,6,0.4650876691336989,0.5349123308663011,5
17,VST_first,118,17_7_195,VD,6,0.12481829697177657,0.8751817030282234,4
17,VST_first,119,17_7_196,VD,6,0.2251363042275681,0.774863695772432,4
17,VST_first,120,17_7_197,VD,6,0.386667698971249,0.613332301028751,4
17,VST_first,121,17_7_198,VD,6,0.2447049093793868,0.7552950906206132,4
17,VST_first,122,17_7_199,CD,6,0.15414102701050147,0.8458589729894985,2
17,VST_first,123,17_7_200,VD,6,0.28485771329772597,0.715142286702274,5
17,VST_first,124,17_7_201,CD,6,0.41070562253204074,0.5892943774679593,5
17,VST_first,125,17_7_202,VD,6,0.3032903017487436,0.6967096982512564,5
17,VST_first,126,17_7_203,VD,6,0.3112739334274737,0.6887260665725263,6
17,VST_first,127,17_7_205,VD,6,0.2646448383530494,0.7353551616469506,4
17,VST_first,128,17_7_206,CD,6,0.45859085105728287,0.5414091489427171,3
17,VST_first,129,17_7_208,VD,6,0.19096206476094923,0.8090379352390508,4
17,VST_first,130,17_7_209,CD,6,0.36579153847759993,0.6342084615224001,4
17,VST_first,131,17_7_210,CD,6,0.29407460375055694,0.7059253962494431,4
17,VST_first,132,17_7_212,CD,6,0.4082053668297218,0.5917946331702783,3
17,VST_first,134,17_7_214,VD,6,0.5211435143424554,0.4788564856575446,2
17,VST_first,135,17_7_215,VD,6,0.5354932277794073,0.46450677222059267,3
17,VST_first,136,17_7_217,CD,6,0.25261495826689734,0.7473850417331026,5
17,VST_first,137,17_7_218,CD,6,0.4827512219208928,0.5172487780791072,6
17,VST_first,138,17_7_219,VD,6,0.43689648746266746,0.5631035125373326,3
17,VST_first,141,17_7_223,VD,6,0.3991489358801157,0.6008510641198843,3
17,VST_first,142,17_8_225,VD,7,0.30899863291040325,0.6910013670895968,4
17,VST_first,143,17_8_226,CD,7,0.34294320339674955,0.6570567966032504,5
17,VST_first,144,17_8_228,VD,7,0.3923491286526362,0.6076508713473637,3
17,VST_first,145,17_8_229,VD,7,0.367604047940271,0.632395952059729,5
17,VST_first,146,17_8_230,VD,7,0.3811169508234865,0.6188830491765135,5
17,VST_first,147,17_8_231,VD,7,0.5138365692253596,0.4861634307746404,3
17,VST_first,149,17_8_234,VD,7,0.411104806215059,0.5888951937849409,3
17,VST_first,150,17_8_235,VD,7,0.27543704368168453,0.7245629563183155,4
17,VST_first,151,17_8_236,VD,7,0.6793221773665564,0.32067782263344347,3
17,VST_first,152,17_8_237,CD,7,0.5491708148376474,0.4508291851623526,4
17,VST_first,153,17_8_238,CD,7,0.22126853892545886,0.7787314610745412,4
17,VST_first,154,17_8_239,VD,7,0.35087264703904003,0.64912735296096,4
17,VST_first,155,17_8_240,VD,7,0.38733923715512536,0.6126607628448746,3
17,VST_first,156,17_8_241,CD,7,0.3112666390564844,0.6887333609435156,4
17,VST_first,157,17_8_242,CD,7,0.254687310935546,0.745312689064454,5
17,VST_first,158,17_8_244,VD,7,0.3670786876746668,0.6329213123253332,3
17,VST_first,159,17_8_245,CD,7,0.4783416138818213,0.5216583861181787,4
17,VST_first,160,17_8_246,VD,7,0.2554361176669507,0.7445638823330494,5
17,VST_first,161,17_8_247,CD,7,0.6886440153260044,0.3113559846739956,3
17,VST_first,162,17_8_248,VD,7,0.23299581584080697,0.767004184159193,4
17,VST_first,163,17_8_249,VD,7,0.13103188553618778,0.8689681144638122,4
17,VST_first,164,17_8_250,CD,7,0.3406308604115535,0.6593691395884465,4
17,VST_first,165,17_8_252,CD,7,0.28732928656419643,0.7126707134358036,5
17,VST_first,166,17_8_253,CD,7,0.7137770401329193,0.2862229598670808,3
17,VST_first,167,17_8_254,VD,7,0.35014372370013436,0.6498562762998656,4
17,VST_first,168,17_8_255,CD,7,0.6362712200149617,0.36372877998503833,3
17,VST_first,169,17_8_256,CD,7,0.14479097202306954,0.8552090279769304,4
17,VST_first,170,17_9_258,VD,8,0.3483189310813128,0.6516810689186873,6
17,VST_first,172,17_9_260,VD,8,0.38030419755197853,0.6196958024480215,3
17,VST_first,173,17_9_261,CD,8,0.22116075648510491,0.7788392435148951,4
17,VST_first,174,17_9_262,VD,8,0.47494332271272593,0.5250566772872741,6
17,VST_first,175,17_9_263,CD,8,0.2344194891890379,0.7655805108109621,5
17,VST_first,176,17_9_264,VD,8,0.38854653197085565,0.6114534680291444,3
17,VST_first,177,17_9_265,CD,8,0.3538985340245353,0.6461014659754647,5
17,VST_first,178,17_9_266,CD,8,0.4799527966617839,0.5200472033382162,5
17,VST_first,179,17_9_267,VD,8,0.564709587275197,0.43529041272480296,4
17,VST_first,180,17_9_269,VD,8,0.9972360132204825,0.0027639867795174744,2
17,VST_first,181,17_9_271,VD,8,0.44608961222989457,0.5539103877701054,5
17,VST_first,182,17_9_272,CD,8,0.15485811871295777,0.8451418812870423,3
17,VST_first,184,17_9_274,VD,8,0.6231713610835619,0.37682863891643814,3
17,VST_first,185,17_9_275,VD,8,0.3327929566918408,0.6672070433081592,4
17,VST_first,186,17_9_276,VD,8,0.23419260379729984,0.7658073962027001,4
17,VST_first,187,17_9_277,VD,8,0.6473255864925225,0.35267441350747747,6
17,VST_first,188,17_9_278,VD,8,0.7191262695810704,0.2808737304189296,2
17,VST_first,189,17_9_279,CD,8,0.40703297169239366,0.5929670283076064,2
17,VST_first,190,17_9_281,CD,8,0.3406037679869822,0.6593962320130178,4
17,VST_first,192,17_9_283,CD,8,0.44818979428956773,0.5518102057104323,3
17,VST_first,193,17_9_284,VD,8,0.5005237253362363,0.49947627466376365,3
17,VST_first,194,17_9_285,CD,8,0.1595665016372071,0.8404334983627929,5
17,VST_first,195,17_9_287,CD,8,0.30231732622441115,0.6976826737755888,5
17,VST_first,196,17_9_288,CD,8,0.3538929198751341,0.6461070801248658,5
18,RSVP_first,2,18_2_34,VD,1,0.39627837468755533,0.6037216253124447,3
18,RSVP_first,4,18_2_36,VD,1,0.5597672138671863,0.4402327861328137,2
18,RSVP_first,5,18_2_37,VD,1,0.1390215416897903,0.8609784583102098,4
18,RSVP_first,7,18_2_39,CD,1,0.7046326145238816,0.2953673854761184,2
18,RSVP_first,8,18_2_40,CD,1,0.30974800352801557,0.6902519964719844,4
18,RSVP_first,9,18_2_42,CD,1,0.2072992971052938,0.7927007028947062,3
18,RSVP_first,10,18_2_43,CD,1,0.14670852727506115,0.8532914727249388,4
18,RSVP_first,11,18_2_45,VD,1,0.35972451332824523,0.6402754866717548,4
18,RSVP_first,12,18_2_46,VD,1,0.17137038468715052,0.8286296153128495,4
18,RSVP_first,13,18_2_47,VD,1,0.22437955986470096,0.7756204401352991,5
18,RSVP_first,14,18_2_48,CD,1,0.2342444053869581,0.7657555946130419,4
18,RSVP_first,15,18_2_49,VD,1,0.567882916660844,0.43211708333915605,4
18,RSVP_first,16,18_2_50,VD,1,0.10558969338618711,0.8944103066138129,2
18,RSVP_first,17,18_2_51,CD,1,0.30678766064887825,0.6932123393511217,4
18,RSVP_first,18,18_2_53,CD,1,0.18611912578123294,0.8138808742187671,4
18,RSVP_first,19,18_2_54,CD,1,0.12341157355598249,0.8765884264440175,3
18,RSVP_first,20,18_2_55,VD,1,0.1422263733102056,0.8577736266897944,4
18,RSVP_first,21,18_2_56,CD,1,0.10930166263421541,0.8906983373657846,3
18,RSVP_first,22,18_2_57,CD,1,0.3916029639394375,0.6083970360605625,4
18,RSVP_first,23,18_2_58,CD,1,0.5573426995679849,0.4426573004320151,2
18,RSVP_first,25,18_2_62,CD,1,0.6583903604124567,0.3416096395875432,3
18,RSVP_first,26,18_2_63,VD,1,0.38962465023183,0.61037534976817,5
18,RSVP_first,27,18_2_64,CD,1,0.6596300389000828,0.34036996109991713,3
18,RSVP_first,28,18_3_65,VD,2,0.5644721122272395,0.43552788777276064,2
18,RSVP_first,29,18_3_66,VD,2,0.3926480940201045,0.6073519059798955,5
18,RSVP_first,30,18_3_67,CD,2,0.5994764603628843,0.4005235396371157,5
18,RSVP_first,32,18_3_69,VD,2,0.17611704241819465,0.8238829575818053,4
18,RSVP_first,33,18_3_70,CD,2,0.5168197669054784,0.48318023309452157,2
18,RSVP_first,34,18_3_71,CD,2,0.43129639720281526,0.5687036027971848,4
18,RSVP_first,35,18_3_72,CD,2,0.09942311452751922,0.9005768854724807,3
18,RSVP_first,36,18_3_74,CD,2,0.4948446939559298,0.5051553060440702,3
18,RSVP_first,37,18_3_75,VD,2,0.58516452415546,0.41483547584453995,3
18,RSVP_first,38,18_3_79,VD,2,0.5139633134735144,0.4860366865264855,2
18,RSVP_first,39,18_3_80,VD,2,0.22648133952337748,0.7735186604766224,4
18,RSVP_first,40,18_3_81,CD,2,0.10478369613087679,0.8952163038691232,3
18,RSVP_first,43,18_3_84,VD,2,0.1397538168797163,0.8602461831202838,4
18,RSVP_first,44,18_3_85,VD,2,0.2098636958050073,0.7901363041949927,3
18,RSVP_first,45,18_3_86,VD,2,0.6114330430460857,0.3885669569539142,2
18,RSVP_first,47,18_3_89,CD,2,0.1160011274586849,0.883998872541315,3
18,RSVP_first,48,18_3_90,CD,2,0.4224755063143268,0.5775244936856732,3
18,RSVP_first,49,18_3_91,CD,2,0.30068828968697436,0.6993117103130256,3
18,RSVP_first,50,18_3_92,CD,2,0.1374538413005389,0.862546158699461,4
18,RSVP_first,51,18_3_93,VD,2,0.11607519023904966,0.8839248097609504,4
18,RSVP_first,52,18_3_94,VD,2,0.3264748360946138,0.6735251639053862,4
18,RSVP_first,53,18_3_95,CD,2,0.09577607537869454,0.9042239246213055,2
18,RSVP_first,54,18_3_96,VD,2,0.1276966418663803,0.8723033581336197,4
18,RSVP_first,55,18_4_97,CD,3,0.10182335363933612,0.8981766463606639,3
18,RSVP_first,56,18_4_98,VD,3,0.641987606476539,0.35801239352346104,5
18,RSVP_first,57,18_4_99,CD,3,0.5938248239991057,0.4061751760008943,3
18,RSVP_first,58,18_4_100,CD,3,0.1380368771496867,0.8619631228503133,3
18,RSVP_first,59,18_4_101,VD,3,0.5940438718087095,0.4059561281912905,2
18,RSVP_first,60,18_4_102,VD,3,0.30492005674311484,0.6950799432568852,4
18,RSVP_first,62,18_4_104,CD,3,0.10582930173843778,0.8941706982615623,3
18,RSVP_first,63,18_4_105,CD,3,0.48839958138835815,0.5116004186116418,4
18,RSVP_first,64,18_4_106,CD,3,0.38325662759345475,0.6167433724065453,3
18,RSVP_first,65,18_4_107,VD,3,0.19441620702387158,0.8055837929761284,4
18,RSVP_first,66,18_4_108,VD,3,0.5416438011295501,0.4583561988704498,4
18,RSVP_first,67,18_4_109,CD,3,0.11483860327972471,0.8851613967202753,4
18,RSVP_first,68,18_4_110,CD,3,0.2828739024495467,0.7171260975504533,5
18,RSVP_first,69,18_4_111,VD,3,0.7028228123153145,0.2971771876846855,3
18,RSVP_first,71,18_4_113,VD,3,0.2282602025228798,0.7717397974771202,4
18,RSVP_first,72,18_4_114,CD,3,0.14584198270282625,0.8541580172971738,4
18,RSVP_first,73,18_4_115,VD,3,0.3935405895140928,0.6064594104859072,3
18,RSVP_first,74,18_4_116,CD,3,0.20412099039683917,0.7958790096031608,3
18,RSVP_first,75,18_4_117,CD,3,0.28570634530935657,0.7142936546906434,4
18,RSVP_first,77,18_4_119,VD,3,0.1796001037989221,0.8203998962010779,4
18,RSVP_first,78,18_4_120,VD,3,0.5146212750826916,0.4853787249173084,2
18,RSVP_first,79,18_4_121,VD,3,0.422843673410147,0.577156326589853,3
18,RSVP_first,80,18_4_122,CD,3,0.12846195368636734,0.8715380463136326,4
18,RSVP_first,81,18_4_124,VD,3,0.16316553953170151,0.8368344604682985,4
18,RSVP_first,83,18_4_126,CD,3,0.5148926477333505,0.48510735226664947,2
18,RSVP_first,84,18_4_128,VD,3,0.3226713955719934,0.6773286044280066,4
18,RSVP_first,85,18_5_129,VD,4,0.49761282055246475,0.5023871794475352,4
18,RSVP_first,86,18_5_131,CD,4,0.16297101008798484,0.8370289899120151,4
18,RSVP_first,87,18_5_132,VD,4,0.21064615047863106,0.789353849521369,3
18,RSVP_first,88,18_5_133,CD,4,0.3954731094442073,0.6045268905557927,3
18,RSVP_first,90,18_5_135,CD,4,0.11893566257795526,0.8810643374220447,3
18,RSVP_first,91,18_5_136,VD,4,0.402629294441185,0.5973707055588151,3
18,RSVP_first,92,18_5_137,VD,4,0.26345358434988747,0.7365464156501125,4
18,RSVP_first,93,18_5_138,VD,4,0.17857982106343023,0.8214201789365697,4
18,RSVP_first,94,18_5_139,CD,4,0.10627933620621037,0.8937206637937897,3
18,RSVP_first,95,18_5_140,CD,4,0.40526334771133776,0.5947366522886622,4
18,RSVP_first,96,18_5_141,CD,4,0.6242750474586314,0.37572495254136856,4
18,RSVP_first,97,18_5_142,VD,4,0.5139463903499893,0.4860536096500106,2
18,RSVP_first,98,18_5_143,VD,4,0.5143306433634751,0.485669356636525,2
18,RSVP_first,99,18_5_144,CD,4,0.147893962715707,0.852106037284293,3
18,RSVP_first,100,18_5_145,VD,4,0.27675113117737177,0.7232488688226282,4
18,RSVP_first,102,18_5_147,VD,4,0.10705469383971525,0.8929453061602848,4
18,RSVP_first,103,18_5_149,VD,4,0.5197992227912005,0.48020077720879956,6
18,RSVP_first,105,18_5_152,CD,4,0.11651639598770805,0.883483604012292,4
18,RSVP_first,106,18_5_153,CD,4,0.4326122591324613,0.5673877408675387,3
18,RSVP_first,107,18_5_154,VD,4,0.3950724117684112,0.6049275882315889,5
18,RSVP_first,108,18_5_156,VD,4,0.503873312731806,0.49612668726819403,3
18,RSVP_first,110,18_6_161,CD,5,0.18802761560924733,0.8119723843907527,4
18,RSVP_first,111,18_6_162,VD,5,0.10616774550106403,0.893832254498936,4
18,RSVP_first,112,18_6_163,VD,5,0.24386328190264425,0.7561367180973557,5
18,RSVP_first,113,18_6_164,CD,5,0.3848991089270094,0.6151008910729906,3
18,RSVP_first,114,18_6_165,CD,5,0.5145053708702474,0.48549462912975266,2
18,RSVP_first,115,18_6_166,CD,5,0.1145189348556648,0.8854810651443352,4
18,RSVP_first,116,18_6_167,CD,5,0.5141301019086996,0.48586989809130043,2
18,RSVP_first,117,18_6_168,CD,5,0.10825025245380859,0.8917497475461914,4
18,RSVP_first,118,18_6_169,CD,5,0.3191111070800372,0.6808888929199628,4
18,RSVP_first,119,18_6_170,VD,5,0.5195400451995655,0.4804599548004344,2
18,RSVP_first,120,18_6_172,CD,5,0.13601449956344813,0.8639855004365519,3
18,RSVP_first,121,18_6_173,CD,5,0.1890838492046238,0.8109161507953763,4
18,RSVP_first,122,18_6_174,CD,5,0.4047126499368085,0.5952873500631914,3
18,RSVP_first,124,18_6_177,VD,5,0.10659353511677379,0.8934064648832263,4
18,RSVP_first,127,18_6_181,VD,5,0.2284975741831375,0.7715024258168626,5
18,RSVP_first,128,18_6_182,VD,5,0.6981695777054715,0.30183042229452844,3
18,RSVP_first,129,18_6_183,VD,5,0.38514660029670944,0.6148533997032906,3
18,RSVP_first,130,18_6_184,CD,5,0.32724959256391284,0.6727504074360872,4
18,RSVP_first,131,18_6_185,CD,5,0.11002948731424282,0.8899705126857572,4
18,RSVP_first,132,18_6_186,CD,5,0.09891183286439813,0.9010881671356019,4
18,RSVP_first,133,18_6_188,VD,5,0.38907284663530184,0.6109271533646982,3
18,RSVP_first,134,18_6_189,VD,5,0.10952172347891848,0.8904782765210815,3
18,RSVP_first,136,18_6_191,VD,5,0.11469079500602036,0.8853092049939797,4
18,RSVP_first,137,18_6_192,VD,5,0.32233591092703007,0.6776640890729699,4
18,RSVP_first,138,18_7_193,CD,6,0.34491395712309314,0.6550860428769069,4
18,RSVP_first,139,18_7_194,CD,6,0.5154337069700291,0.4845662930299709,5
18,RSVP_first,140,18_7_195,CD,6,0.28814306726372796,0.711856932736272,5
18,RSVP_first,141,18_7_196,VD,6,0.5140316609805153,0.48596833901948466,2
18,RSVP_first,142,18_7_198,CD,6,0.38670768681027434,0.6132923131897257,3
18,RSVP_first,143,18_7_199,VD,6,0.22205873760953576,0.7779412623904642,4
18,RSVP_first,144,18_7_202,VD,6,0.39028611552369924,0.6097138844763008,3
18,RSVP_first,145,18_7_203,CD,6,0.1264407992897242,0.8735592007102757,4
18,RSVP_first,146,18_7_204,CD,6,0.19074321471668815,0.8092567852833119,4
18,RSVP_first,147,18_7_205,VD,6,0.38265143590302664,0.6173485640969734,3
18,RSVP_first,148,18_7_207,CD,6,0.10394940269707216,0.8960505973029278,4
18,RSVP_first,149,18_7_208,VD,6,0.2825967475426976,0.7174032524573024,4
18,RSVP_first,150,18_7_209,CD,6,0.39096743310601856,0.6090325668939813,3
18,RSVP_first,153,18_7_213,VD,6,0.31854396032707005,0.6814560396729299,4
18,RSVP_first,154,18_7_214,VD,6,0.0975168403960279,0.9024831596039721,4
18,RSVP_first,155,18_7_215,CD,6,0.5143464270730403,0.4856535729269597,2
18,RSVP_first,156,18_7_216,VD,6,0.5138655157107779,0.4861344842892221,2
18,RSVP_first,157,18_7_217,CD,6,0.21635105580063013,0.7836489441993699,4
18,RSVP_first,158,18_7_218,CD,6,0.10313675837128618,0.8968632416287139,4
18,RSVP_first,159,18_7_219,CD,6,0.101508421898337,0.898491578101663,4
18,RSVP_first,160,18_7_220,CD,6,0.520251229515042,0.479748770484958,2
18,RSVP_first,162,18_7_222,VD,6,0.23806545420677477,0.7619345457932253,5
18,RSVP_first,163,18_7_223,VD,6,0.3751796825929288,0.6248203174070712,3
18,RSVP_first,164,18_7_224,VD,6,0.3920806157731741,0.6079193842268259,3
18,RSVP_first,166,18_8_228,CD,7,0.29554082250713865,0.7044591774928614,4
18,RSVP_first,167,18_8_229,VD,7,0.38678387973563344,0.6132161202643666,3
18,RSVP_first,168,18_8_230,CD,7,0.12071896225906789,0.879281037740932,3
18,RSVP_first,169,18_8_231,CD,7,0.513878009852145,0.48612199014785495,2
18,RSVP_first,170,18_8_232,VD,7,0.3272915649221436,0.6727084350778565,4
18,RSVP_first,172,18_8_234,VD,7,0.12477297854750091,0.8752270214524991,3
18,RSVP_first,173,18_8_235,VD,7,0.5174702907945276,0.48252970920547245,4
18,RSVP_first,174,18_8_236,VD,7,0.10342298698518299,0.896577013014817,4
18,RSVP_first,175,18_8_238,CD,7,0.32841725423420454,0.6715827457657955,4
18,RSVP_first,177,18_8_241,VD,7,0.3195861260635412,0.6804138739364588,4
18,RSVP_first,178,18_8_242,CD,7,0.09906322964419514,0.9009367703558049,4
18,RSVP_first,179,18_8_243,VD,7,0.14107496109007517,0.8589250389099248,3
18,RSVP_first,180,18_8_244,CD,7,0.10908654478934346,0.8909134552106566,4
18,RSVP_first,181,18_8_245,CD,7,0.4115033319593706,0.5884966680406294,3
18,RSVP_first,183,18_8_247,VD,7,0.3504491706534898,0.6495508293465102,4
18,RSVP_first,184,18_8_248,VD,7,0.5372316861854545,0.46276831381454553,2
18,RSVP_first,185,18_8_251,VD,7,0.10615483257823749,0.8938451674217626,3
18,RSVP_first,186,18_8_252,CD,7,0.5174870786765591,0.48251292132344087,2
18,RSVP_first,187,18_8_253,VD,7,0.5097829154197874,0.4902170845802127,3
18,RSVP_first,188,18_8_254,VD,7,0.1439414741855825,0.8560585258144175,4
18,RSVP_first,189,18_8_255,CD,7,0.09690773864494101,0.903092261355059,4
18,RSVP_first,190,18_8_256,CD,7,0.09712995144832381,0.9028700485516762,4
18,RSVP_first,191,18_9_257,CD,8,0.5381697687136671,0.46183023128633294,4
18,RSVP_first,192,18_9_258,CD,8,0.238642272576906,0.761357727423094,4
18,RSVP_first,193,18_9_259,VD,8,0.42358321884513117,0.5764167811548688,6
18,RSVP_first,194,18_9_260,CD,8,0.47369076159104795,0.526309238408952,5
18,RSVP_first,195,18_9_261,VD,8,0.5868778166583688,0.4131221833416312,3
18,RSVP_first,197,18_9_263,VD,8,0.38759541608831183,0.6124045839116882,3
18,RSVP_first,198,18_9_264,VD,8,0.10508998529409277,0.8949100147059073,4
18,RSVP_first,199,18_9_265,VD,8,0.10029815907030652,0.8997018409296935,4
18,RSVP_first,200,18_9_266,CD,8,0.10207855008894846,0.8979214499110515,4
18,RSVP_first,201,18_9_267,VD,8,0.3184744846158889,0.6815255153841111,4
18,RSVP_first,202,18_9_268,VD,8,0.15919491303392813,0.8408050869660718,4
18,RSVP_first,203,18_9_269,CD,8,0.10435964390116936,0.8956403560988306,4
18,RSVP_first,204,18_9_270,CD,8,0.09835227720714478,0.9016477227928552,4
18,RSVP_first,205,18_9_271,VD,8,0.38232821663584143,0.6176717833641585,3
18,RSVP_first,206,18_9_272,CD,8,0.10371865812443477,0.8962813418755653,4
18,RSVP_first,207,18_9_273,CD,8,0.09535455477320913,0.9046454452267909,3
18,RSVP_first,208,18_9_274,CD,8,0.35927240417961226,0.6407275958203877,4
18,RSVP_first,209,18_9_275,CD,8,0.11043955294124513,0.8895604470587548,4
18,RSVP_first,210,18_9_277,CD,8,0.34663163501209093,0.653368364987909,4
18,RSVP_first,211,18_9_278,CD,8,0.5170487871151875,0.4829512128848125,2
18,RSVP_first,212,18_9_279,VD,8,0.521761579133124,0.478238420866876,2
18,RSVP_first,213,18_9_280,VD,8,0.3595439054055859,0.6404560945944141,3
18,RSVP_first,214,18_9_281,VD,8,0.332998655701205,0.667001344298795,4
18,RSVP_first,215,18_9_283,VD,8,0.2778635552222348,0.7221364447777652,5
18,RSVP_first,218,18_9_286,VD,8,0.4406064912508866,0.5593935087491134,4
18,RSVP_first,219,18_9_287,VD,8,0.3666630806207367,0.6333369193792633,5
19,VST_first,1,19_2_33,VD,1,0.5261571349152927,0.47384286508470724,4
19,VST_first,2,19_2_34,CD,1,0.465703563351477,0.534296436648523,5
19,VST_first,3,19_2_35,CD,1,0.15740622702973261,0.8425937729702674,4
19,VST_first,4,19_2_37,CD,1,0.324565619848186,0.675434380151814,4
19,VST_first,5,19_2_38,CD,1,0.6987486876430722,0.3012513123569278,4
19,VST_first,6,19_2_39,CD,1,0.7822659990607095,0.21773400093929052,2
19,VST_first,8,19_2_41,VD,1,0.16936164661722214,0.8306383533827778,3
19,VST_first,9,19_2_42,CD,1,0.4660642545867004,0.5339357454132996,4
19,VST_first,10,19_2_43,VD,1,0.3244623183252248,0.6755376816747752,4
19,VST_first,11,19_2_44,VD,1,0.38649726722611966,0.6135027327738803,3
19,VST_first,12,19_2_46,VD,1,0.3346660056672891,0.6653339943327109,4
19,VST_first,13,19_2_47,CD,1,0.2351221163300113,0.7648778836699888,4
19,VST_first,17,19_2_52,VD,1,0.5328029734043733,0.4671970265956267,4
19,VST_first,18,19_2_53,CD,1,0.5205578842140702,0.47944211578592977,2
19,VST_first,19,19_2_55,VD,1,0.4668669940365547,0.5331330059634453,4
19,VST_first,20,19_2_56,CD,1,0.11228964633370828,0.8877103536662918,2
19,VST_first,21,19_2_57,CD,1,0.5416317230494601,0.45836827695054,4
19,VST_first,22,19_2_58,VD,1,0.675983424576525,0.32401657542347495,3
19,VST_first,23,19_2_59,CD,1,0.28854861074183347,0.7114513892581666,3
19,VST_first,24,19_2_60,VD,1,0.3900778199414871,0.6099221800585128,3
19,VST_first,25,19_2_61,CD,1,0.3522966517225026,0.6477033482774974,3
19,VST_first,26,19_2_62,CD,1,0.1046455705201279,0.8953544294798721,2
19,VST_first,27,19_2_63,VD,1,0.431479978618416,0.568520021381584,5
19,VST_first,28,19_2_64,VD,1,0.10767961068328125,0.8923203893167188,4
19,VST_first,29,19_3_65,CD,2,0.5162409410360242,0.4837590589639757,2
19,VST_first,30,19_3_66,CD,2,0.43033296795970233,0.5696670320402977,5
19,VST_first,33,19_3_69,CD,2,0.09395352053617448,0.9060464794638255,3
19,VST_first,34,19_3_70,VD,2,0.473288092310301,0.526711907689699,2
19,VST_first,35,19_3_71,VD,2,0.1332573164708897,0.8667426835291102,3
19,VST_first,36,19_3_72,VD,2,0.39694124271589026,0.6030587572841097,3
19,VST_first,37,19_3_73,CD,2,0.44467790855979755,0.5553220914402025,3
19,VST_first,38,19_3_74,CD,2,0.11321540447715109,0.8867845955228489,3
19,VST_first,39,19_3_75,VD,2,0.39132514267621427,0.6086748573237857,4
19,VST_first,40,19_3_76,VD,2,0.1822449270915713,0.8177550729084286,4
19,VST_first,41,19_3_77,VD,2,0.37897637470568574,0.6210236252943142,3
19,VST_first,42,19_3_78,VD,2,0.15000038299835894,0.849999617001641,3
19,VST_first,44,19_3_80,VD,2,0.4097388587637289,0.5902611412362712,3
19,VST_first,45,19_3_81,CD,2,0.09914804122849176,0.9008519587715083,4
19,VST_first,46,19_3_82,VD,2,0.27128975669994304,0.728710243300057,5
19,VST_first,47,19_3_83,CD,2,0.31849027769132027,0.6815097223086797,4
19,VST_first,48,19_3_84,CD,2,0.33885298321363116,0.6611470167863689,4
19,VST_first,49,19_3_85,VD,2,0.24753758764981568,0.7524624123501843,4
19,VST_first,50,19_3_86,CD,2,0.5229881684084404,0.4770118315915596,2
19,VST_first,52,19_3_88,VD,2,0.3949737877424543,0.6050262122575457,3
19,VST_first,53,19_3_89,CD,2,0.20504921894205416,0.7949507810579458,3
19,VST_first,54,19_3_90,CD,2,0.2182486650821506,0.7817513349178494,3
19,VST_first,55,19_3_91,CD,2,0.11554582079811362,0.8844541792018864,3
19,VST_first,56,19_3_92,VD,2,0.6555806864061278,0.34441931359387223,2
19,VST_first,57,19_3_93,CD,2,0.4432331690190141,0.5567668309809859,4
19,VST_first,58,19_3_94,CD,2,0.38114085994112124,0.6188591400588787,3
19,VST_first,59,19_3_95,VD,2,0.5155905458570302,0.48440945414296976,2
19,VST_first,60,19_3_96,VD,2,0.08243115552037669,0.9175688444796233,2
19,VST_first,61,19_4_97,VD,3,0.0997655265821117,0.9002344734178882,3
19,VST_first,62,19_4_98,VD,3,0.5348249568598946,0.46517504314010544,4
19,VST_first,63,19_4_99,VD,3,0.3343754756194849,0.6656245243805151,4
19,VST_first,64,19_4_101,CD,3,0.5145284173108647,0.48547158268913526,2
19,VST_first,66,19_4_103,CD,3,0.23053747485973236,0.7694625251402677,4
19,VST_first,67,19_4_104,CD,3,0.5254338216184635,0.4745661783815365,4
19,VST_first,68,19_4_105,VD,3,0.4595887236262785,0.5404112763737215,5
19,VST_first,69,19_4_106,VD,3,0.11481364883140177,0.8851863511685982,4
19,VST_first,70,19_4_107,VD,3,0.12869828807341652,0.8713017119265835,3
19,VST_first,72,19_4_109,CD,3,0.5271189706737092,0.4728810293262908,2
19,VST_first,73,19_4_110,CD,3,0.5156801333711938,0.4843198666288061,3
19,VST_first,74,19_4_111,CD,3,0.11714679870818895,0.882853201291811,3
19,VST_first,76,19_4_113,VD,3,0.5368354518426264,0.4631645481573736,4
19,VST_first,77,19_4_114,VD,3,0.3551087142110413,0.6448912857889587,4
19,VST_first,78,19_4_115,VD,3,0.5224134228038309,0.47758657719616915,2
19,VST_first,79,19_4_116,VD,3,0.2969706136243099,0.7030293863756901,3
19,VST_first,80,19_4_117,CD,3,0.11421157526697895,0.8857884247330211,3
19,VST_first,81,19_4_118,VD,3,0.13235647810585496,0.8676435218941451,3
19,VST_first,83,19_4_120,CD,3,0.1874378750313869,0.8125621249686131,3
19,VST_first,84,19_4_121,VD,3,0.6759128405406101,0.32408715945938993,3
19,VST_first,85,19_4_122,CD,3,0.38481717042921226,0.6151828295707877,3
19,VST_first,86,19_4_123,CD,3,0.12274227738787807,0.877257722612122,4
19,VST_first,87,19_4_124,CD,3,0.1282625525132028,0.8717374474867972,2
19,VST_first,88,19_4_125,VD,3,0.10139423868077815,0.8986057613192219,3
19,VST_first,89,19_4_126,CD,3,0.3920342107207382,0.6079657892792618,3
19,VST_first,90,19_4_127,CD,3,0.11890188864829436,0.8810981113517057,3
19,VST_first,91,19_4_128,CD,3,0.10272918797939692,0.8972708120206031,4
19,VST_first,92,19_5_129,CD,4,0.384039703352496,0.615960296647504,3
19,VST_first,94,19_5_132,VD,4,0.3240908706590955,0.6759091293409045,4
19,VST_first,95,19_5_133,CD,4,0.2243077345381423,0.7756922654618577,3
19,VST_first,96,19_5_134,CD,4,0.2072254388976355,0.7927745611023644,4
19,VST_first,97,19_5_135,CD,4,0.1331892335105045,0.8668107664894955,4
19,VST_first,99,19_5_137,VD,4,0.1280092613540495,0.8719907386459506,3
19,VST_first,100,19_5_138,CD,4,0.16518300484904602,0.8348169951509541,3
19,VST_first,101,19_5_139,VD,4,0.09744114319307634,0.9025588568069237,3
19,VST_first,102,19_5_140,CD,4,0.11635182786414638,0.8836481721358537,3
19,VST_first,103,19_5_141,VD,4,0.3213471467401019,0.6786528532598981,4
19,VST_first,104,19_5_142,VD,4,0.19108954392621416,0.8089104560737859,3
19,VST_first,105,19_5_143,CD,4,0.3418479612773848,0.6581520387226152,4
19,VST_first,106,19_5_144,CD,4,0.16515600107221182,0.8348439989277882,4
19,VST_first,107,19_5_145,VD,4,0.38400979116741907,0.6159902088325808,3
19,VST_first,108,19_5_146,VD,4,0.3930741896973434,0.6069258103026567,3
19,VST_first,109,19_5_147,VD,4,0.5147005926764545,0.4852994073235455,2
19,VST_first,110,19_5_148,CD,4,0.6764586813338977,0.3235413186661023,3
19,VST_first,111,19_5_150,CD,4,0.09324412673541792,0.9067558732645821,3
19,VST_first,112,19_5_151,VD,4,0.39255125793401036,0.6074487420659896,3
19,VST_first,113,19_5_152,VD,4,0.3323702922928956,0.6676297077071044,4
19,VST_first,115,19_5_154,CD,4,0.1223481380666291,0.877651861933371,3
19,VST_first,116,19_5_155,VD,4,0.10692893784841301,0.8930710621515869,4
19,VST_first,117,19_5_156,CD,4,0.3924780730976248,0.6075219269023753,3
19,VST_first,118,19_5_157,CD,4,0.2573285191570743,0.7426714808429258,3
19,VST_first,119,19_5_158,VD,4,0.3253193088612328,0.6746806911387673,4
19,VST_first,120,19_5_159,CD,4,0.3974187071872288,0.6025812928127712,3
19,VST_first,121,19_5_160,VD,4,0.11038687543475575,0.8896131245652442,3
19,VST_first,122,19_6_161,VD,5,0.5159435673658215,0.48405643263417847,2
19,VST_first,123,19_6_162,VD,5,0.10492647907603325,0.8950735209239667,4
19,VST_first,125,19_6_164,CD,5,0.498219889456042,0.501780110543958,4
19,VST_first,126,19_6_165,CD,5,0.18694115421524482,0.8130588457847552,4
19,VST_first,127,19_6_166,CD,5,0.32107341146376933,0.6789265885362306,4
19,VST_first,128,19_6_167,CD,5,0.16860497270667307,0.8313950272933269,4
19,VST_first,129,19_6_168,CD,5,0.1014092063606934,0.8985907936393066,3
19,VST_first,130,19_6_169,VD,5,0.18494033375462246,0.8150596662453775,3
19,VST_first,131,19_6_170,CD,5,0.10500492660345621,0.8949950733965438,3
19,VST_first,132,19_6_171,VD,5,0.09553833016796716,0.9044616698320328,2
19,VST_first,133,19_6_172,VD,5,0.1047664950517851,0.895233504948215,3
19,VST_first,134,19_6_173,CD,5,0.1897404910518643,0.8102595089481357,3
19,VST_first,135,19_6_174,VD,5,0.09869590788884859,0.9013040921111514,3
19,VST_first,136,19_6_175,VD,5,0.09575977353373663,0.9042402264662633,2
19,VST_first,137,19_6_176,VD,5,0.2655346770236515,0.7344653229763485,3
19,VST_first,138,19_6_177,CD,5,0.3507491713598647,0.6492508286401352,3
19,VST_first,139,19_6_178,CD,5,0.20560820704264338,0.7943917929573567,3
19,VST_first,140,19_6_179,VD,5,0.12358644961624493,0.876413550383755,3
19,VST_first,141,19_6_180,VD,5,0.39947453670598787,0.6005254632940121,3
19,VST_first,142,19_6_181,VD,5,0.1056806794884625,0.8943193205115375,3
19,VST_first,143,19_6_182,CD,5,0.12145096995973612,0.8785490300402639,3
19,VST_first,144,19_6_183,VD,5,0.18686461590121248,0.8131353840987875,4
19,VST_first,145,19_6_184,VD,5,0.107023045664058,0.8929769543359419,3
19,VST_first,146,19_6_185,VD,5,0.5148926477333505,0.48510735226664947,2
19,VST_first,147,19_6_186,CD,5,0.5365509022196271,0.4634490977803729,4
19,VST_first,148,19_6_187,CD,5,0.5139100472513202,0.48608995274867983,2
19,VST_first,149,19_6_188,CD,5,0.10292748817906577,0.8970725118209342,4
19,VST_first,153,19_6_192,CD,5,0.5827007341580155,0.4172992658419845,3
19,VST_first,155,19_7_194,VD,6,0.13596244830260745,0.8640375516973926,4
19,VST_first,156,19_7_195,VD,6,0.31985753649854465,0.6801424635014554,4
19,VST_first,157,19_7_196,CD,6,0.11207822124351274,0.8879217787564873,4
19,VST_first,158,19_7_197,VD,6,0.3841775490628577,0.6158224509371423,3
19,VST_first,159,19_7_198,VD,6,0.436658766684048,0.5633412333159519,3
19,VST_first,160,19_7_199,CD,6,0.39858641364154745,0.6014135863584525,3
19,VST_first,161,19_7_200,VD,6,0.5142154523071886,0.48578454769281143,2
19,VST_first,162,19_7_201,VD,6,0.10917763025048847,0.8908223697495115,3
19,VST_first,163,19_7_202,CD,6,0.5200034190025711,0.479996580997429,2
19,VST_first,164,19_7_203,CD,6,0.10767456149898832,0.8923254385010118,3
19,VST_first,165,19_7_204,VD,6,0.15746156279751122,0.8425384372024888,3
19,VST_first,166,19_7_205,CD,6,0.09937380081083844,0.9006261991891615,3
19,VST_first,167,19_7_206,CD,6,0.940152601444685,0.05984739855531494,3
19,VST_first,168,19_7_207,CD,6,0.38357218358835665,0.6164278164116432,3
19,VST_first,169,19_7_208,CD,6,0.16450985609933338,0.8354901439006666,4
19,VST_first,170,19_7_209,CD,6,0.12170317208860733,0.8782968279113926,3
19,VST_first,171,19_7_210,CD,6,0.15777385658187845,0.8422261434181215,3
19,VST_first,173,19_7_212,VD,6,0.10858706954518786,0.8914129304548122,4
19,VST_first,175,19_7_216,VD,6,0.6739213835428014,0.32607861645719854,3
19,VST_first,176,19_7_218,CD,6,0.10199174421704407,0.898008255782956,3
19,VST_first,177,19_7_219,CD,6,0.3962278905547777,0.6037721094452223,3
19,VST_first,178,19_7_220,VD,6,0.11724516899143152,0.8827548310085684,3
19,VST_first,179,19_7_221,VD,6,0.388851238141869,0.611148761858131,3
19,VST_first,180,19_7_222,CD,6,0.10021006340709117,0.8997899365929088,3
19,VST_first,181,19_7_223,VD,6,0.3082699603114125,0.6917300396885874,4
19,VST_first,183,19_8_225,VD,7,0.32862128517966166,0.6713787148203384,4
19,VST_first,184,19_8_226,CD,7,0.5158649040727399,0.4841350959272601,2
19,VST_first,185,19_8_227,VD,7,0.2100297872912369,0.7899702127087631,3
19,VST_first,186,19_8_228,VD,7,0.16853653205142427,0.8314634679485757,3
19,VST_first,187,19_8_229,VD,7,0.5564059007413644,0.4435940992586357,2
19,VST_first,188,19_8_230,CD,7,0.11289607130559558,0.8871039286944045,4
19,VST_first,190,19_8_232,VD,7,0.13086951357973947,0.8691304864202605,3
19,VST_first,191,19_8_233,CD,7,0.2213503136768453,0.7786496863231547,3
19,VST_first,193,19_8_235,VD,7,0.10758299250500099,0.892417007494999,3
19,VST_first,194,19_8_236,CD,7,0.3928710148094759,0.6071289851905242,3
19,VST_first,195,19_8_237,CD,7,0.4073660312239252,0.5926339687760748,3
19,VST_first,196,19_8_238,CD,7,0.18186800340634401,0.818131996593656,3
19,VST_first,197,19_8_239,VD,7,0.31806417690659755,0.6819358230934025,4
19,VST_first,198,19_8_240,CD,7,0.42017596268664154,0.5798240373133584,3
19,VST_first,199,19_8_241,VD,7,0.10792901292738288,0.8920709870726171,3
19,VST_first,201,19_8_243,VD,7,0.0920396965589367,0.9079603034410633,3
19,VST_first,202,19_8_244,CD,7,0.11921635008125374,0.8807836499187462,3
19,VST_first,204,19_8_246,CD,7,0.33865953308088287,0.6613404669191172,4
19,VST_first,205,19_8_247,CD,7,0.12569584451942228,0.8743041554805777,3
19,VST_first,206,19_8_248,CD,7,0.10399126691479925,0.8960087330852007,3
19,VST_first,207,19_8_249,VD,7,0.10200603814108912,0.8979939618589109,3
19,VST_first,208,19_8_250,CD,7,0.5184245270165734,0.48157547298342657,2
19,VST_first,209,19_8_251,VD,7,0.107521481953726,0.892478518046274,4
19,VST_first,210,19_8_252,VD,7,0.3854076039209381,0.6145923960790619,3
19,VST_first,211,19_8_253,VD,7,0.38546407987592113,0.6145359201240789,3
19,VST_first,212,19_8_254,VD,7,0.5155905458570302,0.48440945414296976,2
19,VST_first,213,19_8_255,CD,7,0.21931697635599143,0.7806830236440085,3
19,VST_first,214,19_8_256,CD,7,0.15249805873806765,0.8475019412619323,3
19,VST_first,215,19_9_257,CD,8,0.10257471297355354,0.8974252870264464,3
19,VST_first,216,19_9_258,CD,8,0.10161004378575328,0.8983899562142468,3
19,VST_first,217,19_9_259,VD,8,0.12236969189791386,0.8776303081020862,3
19,VST_first,218,19_9_260,CD,8,0.11180591479381206,0.8881940852061879,3
19,VST_first,219,19_9_261,VD,8,0.3276157727088635,0.6723842272911364,4
19,VST_first,220,19_9_262,CD,8,0.10945920202090213,0.8905407979790979,4
19,VST_first,221,19_9_263,CD,8,0.11710560177908623,0.8828943982209138,3
19,VST_first,222,19_9_264,VD,8,0.1251724292194342,0.8748275707805658,3
19,VST_first,225,19_9_267,CD,8,0.33416620360344795,0.6658337963965519,4
19,VST_first,226,19_9_268,VD,8,0.39693699182921993,0.6030630081707801,3
19,VST_first,227,19_9_269,CD,8,0.17399308492112409,0.8260069150788759,4
19,VST_first,228,19_9_270,CD,8,0.9818726703101118,0.01812732968988813,2
19,VST_first,229,19_9_271,CD,8,0.11452346244393442,0.8854765375560656,3
19,VST_first,230,19_9_272,VD,8,0.3225694985506933,0.6774305014493067,4
19,VST_first,231,19_9_273,CD,8,0.12940121783124314,0.8705987821687569,3
19,VST_first,232,19_9_274,VD,8,0.12087582359032872,0.8791241764096713,4
19,VST_first,233,19_9_275,VD,8,0.1131548136351445,0.8868451863648555,3
19,VST_first,234,19_9_276,CD,8,0.2105221906339114,0.7894778093660887,3
19,VST_first,236,19_9_278,VD,8,0.5155905458570302,0.48440945414296976,2
19,VST_first,237,19_9_279,VD,8,0.42047187706960426,0.5795281229303957,4
19,VST_first,238,19_9_280,VD,8,0.0963457710499775,0.9036542289500225,3
19,VST_first,240,19_9_282,CD,8,0.11833231265741094,0.881667687342589,3
19,VST_first,241,19_9_283,VD,8,0.09654807713790534,0.9034519228620946,3
19,VST_first,242,19_9_284,CD,8,0.5205578842140702,0.47944211578592977,2
19,VST_first,243,19_9_285,VD,8,0.5151047945627555,0.4848952054372445,2
19,VST_first,244,19_9_286,CD,8,0.39448429328018636,0.6055157067198137,3
19,VST_first,245,19_9_287,VD,8,0.38911577668337693,0.6108842233166231,3
19,VST_first,246,19_9_288,VD,8,0.48703677346877466,0.5129632265312254,4
20,RSVP_first,1,20_2_33,CD,1,0.1959773548631257,0.8040226451368744,3
20,RSVP_first,2,20_2_34,VD,1,0.12984111310696195,0.870158886893038,4
20,RSVP_first,4,20_2_36,VD,1,0.3233705310562714,0.6766294689437286,4
20,RSVP_first,5,20_2_37,CD,1,0.13785512838496583,0.8621448716150342,3
20,RSVP_first,6,20_2_38,VD,1,0.11628753004388415,0.8837124699561159,4
20,RSVP_first,7,20_2_39,VD,1,0.3914863352296568,0.6085136647703432,3
20,RSVP_first,8,20_2_40,VD,1,0.1463794681308229,0.8536205318691772,3
20,RSVP_first,9,20_2_41,CD,1,0.10313497618350366,0.8968650238164964,4
20,RSVP_first,10,20_2_42,VD,1,0.3425020136071911,0.6574979863928089,3
20,RSVP_first,11,20_2_43,VD,1,0.10043197992584746,0.8995680200741526,4
20,RSVP_first,12,20_2_44,VD,1,0.2495532616007996,0.7504467383992004,4
20,RSVP_first,13,20_2_45,CD,1,0.13979733676142814,0.8602026632385719,4
20,RSVP_first,14,20_2_46,VD,1,0.10173737747880993,0.89826262252119,4
20,RSVP_first,16,20_2_49,CD,1,0.12790495440197605,0.8720950455980239,4
20,RSVP_first,17,20_2_50,CD,1,0.3232611465577051,0.6767388534422949,4
20,RSVP_first,18,20_2_51,CD,1,0.5142432057171187,0.48575679428288143,2
20,RSVP_first,19,20_2_52,CD,1,0.45963848966470505,0.5403615103352949,5
20,RSVP_first,20,20_2_54,CD,1,0.38362946213252475,0.6163705378674753,3
20,RSVP_first,21,20_2_55,VD,1,0.0982114016550954,0.9017885983449045,4
20,RSVP_first,22,20_2_56,VD,1,0.10242150626477928,0.8975784937352207,4
20,RSVP_first,23,20_2_57,VD,1,0.38291090836503816,0.6170890916349618,3
20,RSVP_first,24,20_2_58,CD,1,0.29617232871336974,0.7038276712866303,3
20,RSVP_first,25,20_2_59,CD,1,0.09694448457213518,0.9030555154278648,4
20,RSVP_first,27,20_2_61,CD,1,0.0998999063900587,0.9001000936099413,4
20,RSVP_first,28,20_2_62,CD,1,0.318498563824655,0.681501436175345,4
20,RSVP_first,29,20_2_63,VD,1,0.11304008298453991,0.8869599170154601,3
20,RSVP_first,31,20_3_65,CD,2,0.1237850783819372,0.8762149216180628,4
20,RSVP_first,32,20_3_66,VD,2,0.12449633673841637,0.8755036632615837,3
20,RSVP_first,33,20_3_67,CD,2,0.3826454302144737,0.6173545697855263,3
20,RSVP_first,34,20_3_68,VD,2,0.15807404264985855,0.8419259573501414,4
20,RSVP_first,35,20_3_69,VD,2,0.11239813871971406,0.887601861280286,3
20,RSVP_first,36,20_3_70,CD,2,0.09965084486698947,0.9003491551330105,4
20,RSVP_first,37,20_3_71,VD,2,0.3849861817849519,0.6150138182150481,3
20,RSVP_first,38,20_3_72,VD,2,0.13519707266182673,0.8648029273381732,4
20,RSVP_first,39,20_3_73,VD,2,0.3306866536655185,0.6693133463344814,3
20,RSVP_first,40,20_3_74,VD,2,0.38552208392910303,0.614477916070897,3
20,RSVP_first,41,20_3_75,VD,2,0.10205547808314111,0.8979445219168588,4
20,RSVP_first,43,20_3_77,CD,2,0.09820808509695321,0.9017919149030469,4
20,RSVP_first,44,20_3_78,CD,2,0.09739132198264383,0.9026086780173561,4
20,RSVP_first,46,20_3_80,CD,2,0.15147401957833118,0.8485259804216688,3
20,RSVP_first,47,20_3_82,VD,2,0.09848714336694545,0.9015128566330546,3
20,RSVP_first,48,20_3_83,CD,2,0.3951102348962409,0.6048897651037591,3
20,RSVP_first,49,20_3_84,CD,2,0.12807246449855433,0.8719275355014456,3
20,RSVP_first,50,20_3_85,CD,2,0.32118345469633863,0.6788165453036614,4
20,RSVP_first,51,20_3_86,VD,2,0.5193835139378327,0.4806164860621674,2
20,RSVP_first,52,20_3_87,VD,2,0.1037487689910225,0.8962512310089775,4
20,RSVP_first,53,20_3_88,VD,2,0.3176792583286162,0.6823207416713839,4
20,RSVP_first,54,20_3_89,CD,2,0.09851454147015855,0.9014854585298415,4
20,RSVP_first,55,20_3_90,CD,2,0.33068651855286946,0.6693134814471305,4
20,RSVP_first,56,20_3_91,VD,2,0.10185527153887662,0.8981447284611234,3
20,RSVP_first,57,20_3_92,VD,2,0.5142004157962058,0.4857995842037942,2
20,RSVP_first,59,20_3_94,VD,2,0.09879602481223128,0.9012039751877687,4
20,RSVP_first,60,20_3_95,CD,2,0.1347183940900954,0.8652816059099047,3
20,RSVP_first,62,20_4_97,CD,3,0.5141301019086996,0.48586989809130043,2
20,RSVP_first,63,20_4_98,VD,3,0.1674065548020874,0.8325934451979127,3
20,RSVP_first,64,20_4_99,VD,3,0.09752573575359316,0.9024742642464069,4
20,RSVP_first,65,20_4_100,CD,3,0.09820720080615603,0.9017927991938439,4
20,RSVP_first,66,20_4_101,CD,3,0.09674136437576805,0.903258635624232,4
20,RSVP_first,67,20_4_102,CD,3,0.23956155857354403,0.760438441426456,3
20,RSVP_first,69,20_4_105,VD,3,0.42903157986013296,0.570968420139867,3
20,RSVP_first,71,20_4_107,VD,3,0.5148926477333505,0.48510735226664947,2
20,RSVP_first,72,20_4_108,VD,3,0.09579643549020682,0.9042035645097931,3
20,RSVP_first,73,20_4_109,CD,3,0.10107433726884058,0.8989256627311595,4
20,RSVP_first,74,20_4_110,VD,3,0.32045434609680623,0.6795456539031939,4
20,RSVP_first,75,20_4_111,CD,3,0.19021437259701693,0.8097856274029831,5
20,RSVP_first,76,20_4_112,VD,3,0.10876155306699835,0.8912384469330017,4
20,RSVP_first,77,20_4_113,CD,3,0.12122870948242717,0.8787712905175729,4
20,RSVP_first,78,20_4_114,VD,3,0.10601354319753256,0.8939864568024675,4
20,RSVP_first,79,20_4_115,CD,3,0.5211435143424554,0.4788564856575446,2
20,RSVP_first,80,20_4_116,CD,3,0.09941118186373277,0.9005888181362672,3
20,RSVP_first,81,20_4_117,CD,3,0.15677123593588044,0.8432287640641196,3
20,RSVP_first,82,20_4_118,CD,3,0.32028847006425976,0.6797115299357402,4
20,RSVP_first,83,20_4_119,CD,3,0.11470936313084874,0.8852906368691512,4
20,RSVP_first,84,20_4_120,VD,3,0.31972400631567466,0.6802759936843253,4
20,RSVP_first,85,20_4_121,VD,3,0.1123759811704584,0.8876240188295416,4
20,RSVP_first,86,20_4_122,VD,3,0.5144474797559201,0.48555252024407997,2
20,RSVP_first,87,20_4_123,VD,3,0.24018731767895204,0.7598126823210479,3
20,RSVP_first,88,20_4_124,CD,3,0.10326881039674835,0.8967311896032516,4
20,RSVP_first,89,20_4_125,VD,3,0.11415000327828709,0.8858499967217129,4
20,RSVP_first,90,20_4_127,VD,3,0.39235448643454135,0.6076455135654586,3
20,RSVP_first,92,20_5_129,CD,4,0.5204574167015363,0.4795425832984637,2
20,RSVP_first,93,20_5_130,VD,4,0.5151047945627555,0.4848952054372445,2
20,RSVP_first,94,20_5_131,CD,4,0.10156809958939889,0.8984319004106012,4
20,RSVP_first,96,20_5_133,VD,4,0.34425982345368294,0.6557401765463171,4
20,RSVP_first,97,20_5_134,CD,4,0.11575827634355937,0.8842417236564406,4
20,RSVP_first,98,20_5_135,VD,4,0.3797592891866849,0.6202407108133151,4
20,RSVP_first,99,20_5_136,CD,4,0.38499343681175113,0.6150065631882489,3
20,RSVP_first,100,20_5_137,VD,4,0.39456441447510693,0.6054355855248931,3
20,RSVP_first,102,20_5_139,VD,4,0.10524771632492652,0.8947522836750734,4
20,RSVP_first,103,20_5_140,CD,4,0.22555000355767857,0.7744499964423215,4
20,RSVP_first,104,20_5_141,VD,4,0.1433478427351893,0.8566521572648107,3
20,RSVP_first,105,20_5_142,CD,4,0.1449246396450397,0.8550753603549603,4
20,RSVP_first,106,20_5_143,VD,4,0.10881173434465906,0.8911882656553409,4
20,RSVP_first,107,20_5_144,CD,4,0.17715655549932666,0.8228434445006734,4
20,RSVP_first,108,20_5_145,CD,4,0.12205585449561426,0.8779441455043857,3
20,RSVP_first,109,20_5_146,VD,4,0.1224551485591594,0.8775448514408406,4
20,RSVP_first,110,20_5_147,CD,4,0.1022524913295948,0.8977475086704052,4
20,RSVP_first,111,20_5_148,VD,4,0.11762888803310173,0.8823711119668982,4
20,RSVP_first,112,20_5_149,VD,4,0.09980291398690228,0.9001970860130977,4
20,RSVP_first,113,20_5_150,CD,4,0.11375383670290878,0.8862461632970913,3
20,RSVP_first,114,20_5_151,VD,4,0.10404005544356015,0.8959599445564398,4
20,RSVP_first,115,20_5_152,CD,4,0.19824223329736396,0.8017577667026361,3
20,RSVP_first,116,20_5_153,VD,4,0.3331497454158627,0.6668502545841373,4
20,RSVP_first,117,20_5_154,VD,4,0.10337680775170548,0.8966231922482946,4
20,RSVP_first,118,20_5_155,CD,4,0.10073294167901854,0.8992670583209814,4
20,RSVP_first,119,20_5_156,VD,4,0.11391063636435263,0.8860893636356474,4
20,RSVP_first,121,20_5_158,CD,4,0.14259729393858286,0.8574027060614171,4
20,RSVP_first,123,20_6_161,VD,5,0.5139764394798829,0.486023560520117,2
20,RSVP_first,124,20_6_162,CD,5,0.09759613076015039,0.9024038692398496,4
20,RSVP_first,125,20_6_163,VD,5,0.5154134429736363,0.4845865570263636,2
20,RSVP_first,126,20_6_164,CD,5,0.22149068191945348,0.7785093180805465,3
20,RSVP_first,128,20_6_166,VD,5,0.17218673943993842,0.8278132605600615,3
20,RSVP_first,130,20_6_168,VD,5,0.3187195556729616,0.6812804443270384,4
20,RSVP_first,131,20_6_169,CD,5,0.320552340637808,0.679447659362192,4
20,RSVP_first,132,20_6_170,CD,5,0.3220951774942684,0.6779048225057316,4
20,RSVP_first,133,20_6_171,VD,5,0.090694215393212,0.909305784606788,3
20,RSVP_first,134,20_6_172,VD,5,0.3906985600236861,0.6093014399763139,3
20,RSVP_first,135,20_6_173,VD,5,0.34690527603111115,0.6530947239688889,4
20,RSVP_first,136,20_6_174,VD,5,0.38415957450055077,0.6158404254994492,3
20,RSVP_first,137,20_6_175,CD,5,0.11242414325710173,0.8875758567428982,4
20,RSVP_first,138,20_6_176,CD,5,0.38324533198111194,0.616754668018888,3
20,RSVP_first,139,20_6_177,VD,5,0.31955453203088857,0.6804454679691114,4
20,RSVP_first,140,20_6_178,CD,5,0.32364383963257937,0.6763561603674206,4
20,RSVP_first,141,20_6_179,VD,5,0.10220304185218397,0.897796958147816,4
20,RSVP_first,142,20_6_180,CD,5,0.5154134429736363,0.4845865570263636,2
20,RSVP_first,144,20_6_182,CD,5,0.3829785467576473,0.6170214532423527,3
20,RSVP_first,145,20_6_183,VD,5,0.11505268867304869,0.8849473113269513,4
20,RSVP_first,146,20_6_184,CD,5,0.5142004157962058,0.4857995842037942,2
20,RSVP_first,147,20_6_185,VD,5,0.5141301019086996,0.48586989809130043,2
20,RSVP_first,149,20_6_187,CD,5,0.38519662920259834,0.6148033707974017,3
20,RSVP_first,151,20_6_189,CD,5,0.5140328213632861,0.48596717863671385,2
20,RSVP_first,152,20_6_190,CD,5,0.10598542072343337,0.8940145792765666,4
20,RSVP_first,154,20_6_192,VD,5,0.3414559189843439,0.6585440810156561,3
20,RSVP_first,155,20_7_194,VD,6,0.10685008956919256,0.8931499104308074,3
20,RSVP_first,156,20_7_195,VD,6,0.33035289213763036,0.6696471078623696,4
20,RSVP_first,157,20_7_196,CD,6,0.11643817657482042,0.8835618234251795,4
20,RSVP_first,158,20_7_197,CD,6,0.10570502096596443,0.8942949790340355,4
20,RSVP_first,159,20_7_198,VD,6,0.5459247139431813,0.4540752860568188,4
20,RSVP_first,160,20_7_199,VD,6,0.12298759343555118,0.8770124065644488,4
20,RSVP_first,162,20_7_201,VD,6,0.3981806722355641,0.6018193277644359,3
20,RSVP_first,163,20_7_202,CD,6,0.12924241096823152,0.8707575890317685,4
20,RSVP_first,164,20_7_203,CD,6,0.39065953918083385,0.6093404608191662,3
20,RSVP_first,165,20_7_204,VD,6,0.11591598857129866,0.8840840114287013,3
20,RSVP_first,166,20_7_205,CD,6,0.1017817823942145,0.8982182176057855,4
20,RSVP_first,167,20_7_206,CD,6,0.16814067158671303,0.8318593284132869,4
20,RSVP_first,168,20_7_207,CD,6,0.5151798071594968,0.4848201928405031,2
20,RSVP_first,169,20_7_208,CD,6,0.6809547198484946,0.3190452801515053,2
20,RSVP_first,170,20_7_209,VD,6,0.10635136536906352,0.8936486346309365,4
20,RSVP_first,173,20_7_212,VD,6,0.09989854400677811,0.9001014559932219,4
20,RSVP_first,174,20_7_213,CD,6,0.0970235734914846,0.9029764265085154,4
20,RSVP_first,175,20_7_214,VD,6,0.10418256739254061,0.8958174326074594,4
20,RSVP_first,177,20_7_216,VD,6,0.5171839782103376,0.4828160217896625,2
20,RSVP_first,178,20_7_217,CD,6,0.11746316955833455,0.8825368304416654,4
20,RSVP_first,179,20_7_218,VD,6,0.3839297527964546,0.6160702472035454,3
20,RSVP_first,180,20_7_219,CD,6,0.5269882437047065,0.4730117562952934,2
20,RSVP_first,181,20_7_220,CD,6,0.3897692638507201,0.6102307361492799,3
20,RSVP_first,182,20_7_221,VD,6,0.10611604234717836,0.8938839576528216,3
20,RSVP_first,183,20_7_222,CD,6,0.3223960359271024,0.6776039640728976,4
20,RSVP_first,184,20_7_223,CD,6,0.383951152400804,0.616048847599196,3
20,RSVP_first,185,20_7_224,VD,6,0.5148404899325639,0.485159510067436,2
20,RSVP_first,186,20_8_225,CD,7,0.10068349779227076,0.8993165022077293,4
20,RSVP_first,187,20_8_226,CD,7,0.10266030433714997,0.89733969566285,4
20,RSVP_first,188,20_8_227,CD,7,0.10680242357651401,0.893197576423486,4
20,RSVP_first,191,20_8_230,CD,7,0.09806345335311804,0.9019365466468819,4
20,RSVP_first,192,20_8_231,CD,7,0.3848820960493543,0.6151179039506458,3
20,RSVP_first,193,20_8_232,VD,7,0.10180764286034844,0.8981923571396515,4
20,RSVP_first,194,20_8_233,VD,7,0.09924751274153529,0.9007524872584647,4
20,RSVP_first,195,20_8_234,CD,7,0.3244570814177225,0.6755429185822776,4
20,RSVP_first,196,20_8_235,VD,7,0.14070579373502382,0.8592942062649762,4
20,RSVP_first,197,20_8_236,VD,7,0.1029705829938846,0.8970294170061154,4
20,RSVP_first,198,20_8_237,CD,7,0.32300234112667925,0.6769976588733208,4
20,RSVP_first,199,20_8_238,VD,7,0.33802665568409695,0.661973344315903,4
20,RSVP_first,200,20_8_239,VD,7,0.13013970666152974,0.8698602933384703,4
20,RSVP_first,201,20_8_240,CD,7,0.5139633134735144,0.4860366865264855,2
20,RSVP_first,202,20_8_241,CD,7,0.10067587057802796,0.899324129421972,4
20,RSVP_first,203,20_8_242,VD,7,0.38542387322575294,0.6145761267742471,3
20,RSVP_first,205,20_8_244,VD,7,0.1298217302733506,0.8701782697266494,4
20,RSVP_first,206,20_8_245,VD,7,0.11612209888923114,0.8838779011107689,4
20,RSVP_first,207,20_8_246,VD,7,0.3980941015901449,0.6019058984098551,3
20,RSVP_first,208,20_8_247,VD,7,0.10181322862171634,0.8981867713782836,4
20,RSVP_first,209,20_8_248,VD,7,0.38820012773913903,0.6117998722608609,3
20,RSVP_first,210,20_8_249,CD,7,0.3850374231207751,0.6149625768792248,3
20,RSVP_first,211,20_8_250,CD,7,0.09821833010437922,0.9017816698956208,4
20,RSVP_first,212,20_8_251,CD,7,0.09932412828226223,0.9006758717177378,4
20,RSVP_first,213,20_8_252,VD,7,0.5141301019086996,0.48586989809130043,2
20,RSVP_first,214,20_8_253,CD,7,0.52903157579585,0.47096842420414997,2
20,RSVP_first,216,20_8_255,VD,7,0.6395160322476241,0.3604839677523759,2
20,RSVP_first,217,20_8_256,CD,7,0.11646012319455126,0.8835398768054488,4
20,RSVP_first,218,20_9_257,CD,8,0.31732674331615973,0.6826732566838403,4
20,RSVP_first,219,20_9_259,CD,8,0.4057405861406862,0.5942594138593138,3
20,RSVP_first,220,20_9_260,VD,8,0.10742169286190315,0.8925783071380968,4
20,RSVP_first,222,20_9_262,CD,8,0.3351510639355637,0.6648489360644362,4
20,RSVP_first,223,20_9_263,VD,8,0.5149142303259509,0.4850857696740492,2
20,RSVP_first,224,20_9_264,VD,8,0.13951671449920885,0.8604832855007911,3
20,RSVP_first,225,20_9_265,VD,8,0.10441300977125462,0.8955869902287454,4
20,RSVP_first,227,20_9_267,VD,8,0.10853638956568899,0.891463610434311,4
20,RSVP_first,228,20_9_268,CD,8,0.386127191338147,0.613872808661853,3
20,RSVP_first,229,20_9_269,CD,8,0.15104250728941357,0.8489574927105864,5
20,RSVP_first,230,20_9_270,VD,8,0.32427793034643193,0.675722069653568,3
20,RSVP_first,231,20_9_271,VD,8,0.32184144624483146,0.6781585537551684,4
20,RSVP_first,232,20_9_272,CD,8,0.10274213289963376,0.8972578671003663,3
20,RSVP_first,233,20_9_273,CD,8,0.6699972329882594,0.3300027670117406,3
20,RSVP_first,234,20_9_274,VD,8,0.3869702589104067,0.6130297410895933,3
20,RSVP_first,235,20_9_275,CD,8,0.5151047945627555,0.4848952054372445,2
20,RSVP_first,236,20_9_276,CD,8,0.09871752797292384,0.9012824720270761,4
20,RSVP_first,237,20_9_277,CD,8,0.23275910736196287,0.7672408926380372,4
20,RSVP_first,238,20_9_278,CD,8,0.10694856326801394,0.8930514367319861,3
20,RSVP_first,241,20_9_281,VD,8,0.10908343517149859,0.8909165648285015,4
20,RSVP_first,242,20_9_282,VD,8,0.3904965582062325,0.6095034417937675,3
20,RSVP_first,243,20_9_283,VD,8,0.10249985247783311,0.8975001475221669,4
20,RSVP_first,244,20_9_284,CD,8,0.31677525223591074,0.6832247477640894,4
20,RSVP_first,245,20_9_285,VD,8,0.11598337510788088,0.8840166248921191,4
20,RSVP_first,246,20_9_286,VD,8,0.513877298348289,0.48612270165171106,2
20,RSVP_first,247,20_9_287,CD,8,0.1302602458997294,0.8697397541002706,4
20,RSVP_first,248,20_9_288,VD,8,0.14630902471359014,0.8536909752864099,4
21,VST_first,1,21_2_33,CD,1,0.23770924742322858,0.7622907525767715,4
21,VST_first,2,21_2_35,VD,1,0.12604364367210924,0.8739563563278908,3
21,VST_first,3,21_2_36,CD,1,0.525569915603831,0.47443008439616896,5
21,VST_first,4,21_2_37,VD,1,0.409838708996181,0.590161291003819,3
21,VST_first,5,21_2_38,CD,1,0.39700916903344535,0.6029908309665547,6
21,VST_first,6,21_2_40,VD,1,0.38578566549621607,0.6142143345037838,4
21,VST_first,7,21_2_42,CD,1,0.1054645516449184,0.8945354483550817,3
21,VST_first,8,21_2_43,VD,1,0.31904447893470195,0.680955521065298,4
21,VST_first,9,21_2_44,CD,1,0.318903356418427,0.6810966435815731,4
21,VST_first,10,21_2_45,VD,1,0.33306441691768957,0.6669355830823105,4
21,VST_first,11,21_2_46,CD,1,0.09142419568470007,0.9085758043152999,3
21,VST_first,12,21_2_47,VD,1,0.48557411276745926,0.5144258872325407,3
21,VST_first,14,21_2_49,CD,1,0.11681540065071362,0.8831845993492863,3
21,VST_first,15,21_2_51,CD,1,0.30315754288765395,0.6968424571123462,3
21,VST_first,16,21_2_52,VD,1,0.4061784957589689,0.5938215042410311,3
21,VST_first,17,21_2_53,VD,1,0.15279147247100552,0.8472085275289944,4
21,VST_first,18,21_2_54,VD,1,0.10853892251728467,0.8914610774827153,4
21,VST_first,19,21_2_55,CD,1,0.6707805963970603,0.3292194036029396,3
21,VST_first,20,21_2_57,CD,1,0.25930394336320134,0.7406960566367986,2
21,VST_first,21,21_2_58,VD,1,0.10747808130203622,0.8925219186979638,4
21,VST_first,22,21_2_59,VD,1,0.16183861524548626,0.8381613847545137,4
21,VST_first,23,21_2_61,CD,1,0.32081303823142726,0.6791869617685727,4
21,VST_first,24,21_2_62,CD,1,0.5309935743470441,0.4690064256529559,2
21,VST_first,25,21_2_63,CD,1,0.10113369646646286,0.8988663035335371,4
21,VST_first,26,21_2_64,VD,1,0.10677074696777962,0.8932292530322203,4
21,VST_first,27,21_3_65,VD,2,0.5244670755190625,0.4755329244809375,2
21,VST_first,28,21_3_66,VD,2,0.32434189202583263,0.6756581079741674,4
21,VST_first,29,21_3_67,VD,2,0.13837994482470617,0.8616200551752938,3
21,VST_first,30,21_3_68,VD,2,0.14332936928626872,0.8566706307137313,4
21,VST_first,31,21_3_69,VD,2,0.27221598840679845,0.7277840115932015,4
21,VST_first,32,21_3_70,CD,2,0.5246366790919409,0.4753633209080591,2
21,VST_first,33,21_3_71,CD,2,0.399246574475318,0.600753425524682,4
21,VST_first,34,21_3_73,VD,2,0.37681191038358575,0.6231880896164141,5
21,VST_first,35,21_3_74,CD,2,0.25437380556978434,0.7456261944302157,3
21,VST_first,36,21_3_75,VD,2,0.35265346788953084,0.6473465321104692,5
21,VST_first,37,21_3_76,CD,2,0.31185997131990806,0.6881400286800919,4
21,VST_first,38,21_3_77,VD,2,0.33680612801033716,0.6631938719896628,4
21,VST_first,39,21_3_78,VD,2,0.14981572101810461,0.8501842789818954,4
21,VST_first,40,21_3_80,CD,2,0.14340578037581775,0.8565942196241823,4
21,VST_first,41,21_3_81,VD,2,0.18598360249668242,0.8140163975033176,4
21,VST_first,42,21_3_82,CD,2,0.4092960596900202,0.5907039403099797,3
21,VST_first,43,21_3_84,CD,2,0.11746403286975944,0.8825359671302406,4
21,VST_first,44,21_3_85,CD,2,0.19252350619397374,0.8074764938060263,3
21,VST_first,45,21_3_86,CD,2,0.14182690250359606,0.8581730974964039,4
21,VST_first,46,21_3_87,VD,2,0.3216858453769314,0.6783141546230685,5
21,VST_first,47,21_3_89,CD,2,0.6626208138222119,0.3373791861777881,3
21,VST_first,48,21_3_90,CD,2,0.5286829173047527,0.4713170826952473,5
21,VST_first,49,21_3_91,CD,2,0.6268380208583972,0.37316197914160276,4
21,VST_first,50,21_3_92,CD,2,0.1306321578828606,0.8693678421171394,4
21,VST_first,51,21_3_93,CD,2,0.37615605236090416,0.6238439476390958,4
21,VST_first,53,21_3_95,CD,2,0.39634552290543484,0.6036544770945651,3
21,VST_first,54,21_3_96,VD,2,0.1995029744134737,0.8004970255865262,4
21,VST_first,57,21_4_99,VD,3,0.1304149055146394,0.8695850944853606,3
21,VST_first,58,21_4_100,VD,3,0.5468537372942324,0.4531462627057676,5
21,VST_first,59,21_4_101,CD,3,0.16635331854100174,0.8336466814589982,3
21,VST_first,60,21_4_102,CD,3,0.2689918686638462,0.7310081313361537,4
21,VST_first,61,21_4_105,VD,3,0.3915375176674153,0.6084624823325847,3
21,VST_first,62,21_4_106,VD,3,0.17455331652739015,0.8254466834726099,3
21,VST_first,63,21_4_107,CD,3,0.31856011712573806,0.6814398828742618,4
21,VST_first,64,21_4_108,VD,3,0.5139792976138002,0.4860207023861998,2
21,VST_first,65,21_4_109,CD,3,0.4693067174634254,0.5306932825365746,3
21,VST_first,67,21_4_112,CD,3,0.27245675093242416,0.7275432490675758,4
21,VST_first,68,21_4_113,CD,3,0.5216554947996879,0.4783445052003121,2
21,VST_first,69,21_4_114,VD,3,0.23024490559288516,0.7697550944071149,3
21,VST_first,70,21_4_115,CD,3,0.3994995174280737,0.6005004825719263,5
21,VST_first,71,21_4_116,CD,3,0.455090500694822,0.544909499305178,3
21,VST_first,72,21_4_118,VD,3,0.3428037689008686,0.6571962310991314,5
21,VST_first,73,21_4_119,VD,3,0.0985695428708535,0.9014304571291465,3
21,VST_first,74,21_4_121,CD,3,0.137076402367379,0.862923597632621,3
21,VST_first,75,21_4_122,VD,3,0.09531832276464766,0.9046816772353523,3
21,VST_first,76,21_4_123,VD,3,0.13159353147494668,0.8684064685250533,4
21,VST_first,77,21_4_125,CD,3,0.3278840574583079,0.6721159425416922,5
21,VST_first,78,21_4_127,CD,3,0.26069984307261806,0.7393001569273819,3
21,VST_first,79,21_4_128,CD,3,0.4096374904959816,0.5903625095040185,3
21,VST_first,80,21_5_129,VD,4,0.37072749737448607,0.6292725026255139,4
21,VST_first,81,21_5_130,VD,4,0.9999999997426701,2.573299048509326e-10,2
21,VST_first,82,21_5_131,CD,4,0.5160811924177182,0.48391880758228184,2
21,VST_first,83,21_5_132,VD,4,0.3841583878000504,0.6158416121999496,3
21,VST_first,85,21_5_135,VD,4,0.2465067970724753,0.7534932029275246,4
21,VST_first,86,21_5_136,VD,4,0.4229993697294213,0.5770006302705787,4
21,VST_first,87,21_5_137,VD,4,0.5149142303259509,0.4850857696740492,2
21,VST_first,88,21_5_138,CD,4,0.10153469647663611,0.898465303523364,4
21,VST_first,89,21_5_140,VD,4,0.11053038894633378,0.8894696110536662,4
21,VST_first,91,21_5_142,CD,4,0.12048433282933128,0.8795156671706688,3
21,VST_first,93,21_5_144,CD,4,0.5210403104223492,0.47895968957765084,2
21,VST_first,94,21_5_145,VD,4,0.4329978081674566,0.5670021918325435,3
21,VST_first,95,21_5_146,VD,4,0.0960240312771466,0.9039759687228535,3
21,VST_first,96,21_5_147,CD,4,0.26623326865397046,0.7337667313460295,3
21,VST_first,97,21_5_148,CD,4,0.3957192322525175,0.6042807677474825,3
21,VST_first,98,21_5_150,VD,4,0.5210189468493044,0.4789810531506957,2
21,VST_first,99,21_5_151,CD,4,0.5360529750964017,0.4639470249035983,2
21,VST_first,100,21_5_152,VD,4,0.2922179330688918,0.7077820669311082,4
21,VST_first,101,21_5_153,VD,4,0.19708880889968539,0.8029111911003146,4
21,VST_first,102,21_5_154,VD,4,0.2866860140647009,0.7133139859352992,4
21,VST_first,103,21_5_155,CD,4,0.1836828437579611,0.8163171562420388,4
21,VST_first,104,21_5_158,CD,4,0.10794308074385632,0.8920569192561436,4
21,VST_first,105,21_5_159,CD,4,0.5139463903499893,0.4860536096500106,2
21,VST_first,106,21_5_160,CD,4,0.10929980335852776,0.8907001966414723,4
21,VST_first,107,21_6_161,CD,5,0.13462925834092582,0.8653707416590741,4
21,VST_first,108,21_6_162,CD,5,0.3578694051255308,0.6421305948744692,4
21,VST_first,111,21_6_166,VD,5,0.09714557527292894,0.902854424727071,3
21,VST_first,112,21_6_167,CD,5,0.3846366451307545,0.6153633548692454,3
21,VST_first,113,21_6_169,CD,5,0.5374081068282048,0.4625918931717951,2
21,VST_first,114,21_6_170,VD,5,0.10480304997619416,0.8951969500238058,2
21,VST_first,115,21_6_171,VD,5,0.10838914305517103,0.891610856944829,2
21,VST_first,117,21_6_173,CD,5,0.38764863020276097,0.612351369797239,3
21,VST_first,118,21_6_174,VD,5,0.1029711533195759,0.8970288466804242,4
21,VST_first,119,21_6_175,VD,5,0.13173186822913419,0.8682681317708658,4
21,VST_first,120,21_6_176,VD,5,0.564494031882454,0.43550596811754605,3
21,VST_first,121,21_6_177,VD,5,0.4585225511252995,0.5414774488747005,3
21,VST_first,122,21_6_179,CD,5,0.2299129828710739,0.7700870171289261,3
21,VST_first,124,21_6_182,VD,5,0.49651535300663596,0.503484646993364,3
21,VST_first,125,21_6_184,VD,5,0.096913643090674,0.9030863569093259,3
21,VST_first,126,21_6_185,CD,5,0.4140428523182932,0.5859571476817068,3
21,VST_first,127,21_6_186,CD,5,0.5222605556276195,0.47773944437238053,2
21,VST_first,128,21_6_187,VD,5,0.32772448027896034,0.6722755197210396,4
21,VST_first,129,21_6_188,VD,5,0.5165795435516989,0.4834204564483012,2
21,VST_first,130,21_6_190,CD,5,0.3236413601296445,0.6763586398703555,4
21,VST_first,131,21_7_193,VD,6,0.2195521304901057,0.7804478695098943,4
21,VST_first,132,21_7_194,VD,6,0.567940025479969,0.432059974520031,4
21,VST_first,133,21_7_195,CD,6,0.3728629080254012,0.6271370919745988,3
21,VST_first,134,21_7_196,VD,6,0.2719034019565321,0.7280965980434678,4
21,VST_first,135,21_7_197,CD,6,0.4053486169310482,0.5946513830689518,3
21,VST_first,136,21_7_198,CD,6,0.547056395219417,0.45294360478058304,2
21,VST_first,138,21_7_201,VD,6,0.3301446204225134,0.6698553795774865,3
21,VST_first,139,21_7_202,VD,6,0.7418399266393512,0.25816007336064883,4
21,VST_first,140,21_7_203,VD,6,0.31859075378567403,0.681409246214326,4
21,VST_first,141,21_7_204,CD,6,0.5149142303259509,0.4850857696740492,2
21,VST_first,144,21_7_208,CD,6,0.34964957273444364,0.6503504272655565,4
21,VST_first,145,21_7_209,VD,6,0.12856552653268577,0.8714344734673143,4
21,VST_first,146,21_7_210,CD,6,0.40438752554079904,0.595612474459201,3
21,VST_first,147,21_7_211,VD,6,0.16697387191112179,0.8330261280888782,4
21,VST_first,148,21_7_212,VD,6,0.1548465881093221,0.8451534118906779,4
21,VST_first,149,21_7_213,VD,6,0.29646709640687685,0.7035329035931233,3
21,VST_first,150,21_7_214,CD,6,0.07426914657845449,0.9257308534215454,2
21,VST_first,151,21_7_216,CD,6,0.4010816882053002,0.5989183117946998,3
21,VST_first,152,21_7_217,CD,6,0.12346812348994211,0.8765318765100578,3
21,VST_first,153,21_7_218,CD,6,0.13675042766155476,0.8632495723384452,3
21,VST_first,154,21_7_219,VD,6,0.26875807827992576,0.7312419217200743,4
21,VST_first,155,21_7_220,VD,6,0.5386684278026579,0.461331572197342,2
21,VST_first,157,21_7_222,VD,6,0.5456814399902986,0.4543185600097014,2
21,VST_first,158,21_7_224,VD,6,0.8726085850781775,0.12739141492182243,2
21,VST_first,159,21_8_225,CD,7,0.2250036462318712,0.7749963537681288,4
21,VST_first,162,21_8_229,VD,7,0.3218032317482288,0.6781967682517712,4
21,VST_first,163,21_8_230,CD,7,0.2931539620401267,0.7068460379598733,5
21,VST_first,164,21_8_231,VD,7,0.5238242070352374,0.47617579296476265,2
21,VST_first,165,21_8_232,CD,7,0.5150933647198388,0.48490663528016115,2
21,VST_first,166,21_8_233,VD,7,0.33337819034754745,0.6666218096524525,4
21,VST_first,167,21_8_236,CD,7,0.10813905303765255,0.8918609469623474,4
21,VST_first,168,21_8_239,VD,7,0.41712329894734956,0.5828767010526504,3
21,VST_first,169,21_8_241,VD,7,0.5260375154632018,0.47396248453679823,2
21,VST_first,170,21_8_242,VD,7,0.3207733109274612,0.6792266890725389,4
21,VST_first,172,21_8_244,VD,7,0.4568778107809555,0.5431221892190444,3
21,VST_first,173,21_8_245,CD,7,0.501172860659617,0.4988271393403831,5
21,VST_first,174,21_8_247,VD,7,0.43565123057601707,0.5643487694239829,4
21,VST_first,175,21_8_249,CD,7,0.38260226084584736,0.6173977391541526,4
21,VST_first,178,21_8_254,VD,7,0.38797395159025216,0.6120260484097478,3
21,VST_first,179,21_8_256,VD,7,0.5203507274031904,0.4796492725968096,2
21,VST_first,180,21_9_257,VD,8,0.15137837759816491,0.848621622401835,4
21,VST_first,181,21_9_259,VD,8,0.5529528139761362,0.44704718602386384,4
21,VST_first,183,21_9_263,CD,8,0.525911715990919,0.474088284009081,2
21,VST_first,184,21_9_265,VD,8,0.13915538258427984,0.8608446174157202,3
21,VST_first,185,21_9_266,VD,8,0.3725726865245604,0.6274273134754396,3
21,VST_first,186,21_9_267,CD,8,0.24714258221687124,0.7528574177831288,4
21,VST_first,187,21_9_269,CD,8,0.12119397289619668,0.8788060271038033,3
21,VST_first,188,21_9_270,CD,8,0.3108661534750224,0.6891338465249777,3
21,VST_first,189,21_9_271,CD,8,0.5388510848289882,0.46114891517101175,2
21,VST_first,190,21_9_272,CD,8,0.30033783919789814,0.6996621608021019,4
21,VST_first,191,21_9_273,VD,8,0.44618203441666515,0.5538179655833348,4
21,VST_first,192,21_9_276,VD,8,0.9198886237259878,0.08011137627401223,2
21,VST_first,193,21_9_277,VD,8,0.5139100472513202,0.48608995274867983,2
21,VST_first,194,21_9_278,CD,8,0.14789951403549925,0.8521004859645007,4
21,VST_first,195,21_9_280,VD,8,0.3908575688538777,0.6091424311461223,4
21,VST_first,196,21_9_281,CD,8,0.10763017557734904,0.892369824422651,3
21,VST_first,197,21_9_283,CD,8,0.2220016046493864,0.7779983953506135,2
21,VST_first,198,21_9_285,VD,8,0.14851175167825173,0.8514882483217483,3
21,VST_first,199,21_9_286,VD,8,0.3354426815483694,0.6645573184516306,3
22,RSVP_first,1,22_2_33,VD,1,0.15160819046798032,0.8483918095320198,3
22,RSVP_first,2,22_2_34,VD,1,0.2861424832806122,0.7138575167193877,4
22,RSVP_first,4,22_2_36,VD,1,0.2763512501473674,0.7236487498526327,3
22,RSVP_first,5,22_2_37,VD,1,0.20067275803437018,0.7993272419656298,3
22,RSVP_first,6,22_2_38,CD,1,0.5147005926764545,0.4852994073235455,2
22,RSVP_first,7,22_2_39,VD,1,0.14748327640432662,0.8525167235956734,3
22,RSVP_first,8,22_2_40,CD,1,0.15797885308083706,0.842021146919163,3
22,RSVP_first,10,22_2_42,VD,1,0.26719624512061346,0.7328037548793865,3
22,RSVP_first,11,22_2_43,CD,1,0.29850685677263383,0.7014931432273661,3
22,RSVP_first,12,22_2_44,CD,1,0.19661410689944497,0.803385893100555,3
22,RSVP_first,13,22_2_45,VD,1,0.5961723192980726,0.4038276807019274,2
22,RSVP_first,14,22_2_46,VD,1,0.15780746579147809,0.8421925342085219,3
22,RSVP_first,15,22_2_47,VD,1,0.5139100472513202,0.48608995274867983,2
22,RSVP_first,16,22_2_48,CD,1,0.3297558255781381,0.670244174421862,4
22,RSVP_first,17,22_2_50,CD,1,0.16376615985054274,0.8362338401494573,3
22,RSVP_first,18,22_2_51,CD,1,0.5180743235472342,0.4819256764527659,2
22,RSVP_first,19,22_2_52,CD,1,0.39197109547622305,0.608028904523777,3
22,RSVP_first,20,22_2_53,CD,1,0.16610226229586023,0.8338977377041398,3
22,RSVP_first,21,22_2_54,VD,1,0.23855099946227726,0.7614490005377227,3
22,RSVP_first,22,22_2_55,VD,1,0.5322777285143151,0.4677222714856849,2
22,RSVP_first,23,22_2_56,VD,1,0.1407599207099853,0.8592400792900147,3
22,RSVP_first,24,22_2_57,VD,1,0.17062692277956223,0.8293730772204377,3
22,RSVP_first,25,22_2_58,CD,1,0.1255745278415634,0.8744254721584366,3
22,RSVP_first,26,22_2_59,VD,1,0.1653980477853098,0.8346019522146901,3
22,RSVP_first,27,22_2_60,CD,1,0.10082845902895911,0.8991715409710409,3
22,RSVP_first,28,22_2_61,CD,1,0.16314974901051124,0.8368502509894887,3
22,RSVP_first,29,22_2_62,CD,1,0.13997966945608456,0.8600203305439155,3
22,RSVP_first,30,22_2_63,CD,1,0.4603238922726988,0.5396761077273012,3
22,RSVP_first,32,22_3_65,VD,2,0.39343744315662144,0.6065625568433786,3
22,RSVP_first,33,22_3_66,VD,2,0.39911917174131106,0.6008808282586888,3
22,RSVP_first,34,22_3_67,VD,2,0.1941929497971002,0.8058070502028998,3
22,RSVP_first,35,22_3_68,VD,2,0.416163601014612,0.5838363989853881,3
22,RSVP_first,36,22_3_69,CD,2,0.34343123806959985,0.6565687619304001,3
22,RSVP_first,38,22_3_71,CD,2,0.4031381759518819,0.596861824048118,3
22,RSVP_first,39,22_3_73,CD,2,0.1254176675950258,0.8745823324049742,3
22,RSVP_first,40,22_3_74,CD,2,0.13985602470287797,0.860143975297122,3
22,RSVP_first,41,22_3_75,VD,2,0.5158649040727399,0.4841350959272601,2
22,RSVP_first,42,22_3_76,CD,2,0.5185153963681497,0.48148460363185025,2
22,RSVP_first,43,22_3_77,CD,2,0.3452438354460685,0.6547561645539315,5
22,RSVP_first,44,22_3_78,CD,2,0.5142432057171187,0.48575679428288143,2
22,RSVP_first,45,22_3_79,VD,2,0.10023707692958085,0.8997629230704192,3
22,RSVP_first,46,22_3_80,VD,2,0.17481028543503901,0.8251897145649609,3
22,RSVP_first,47,22_3_81,CD,2,0.20563843859579725,0.7943615614042028,3
22,RSVP_first,49,22_3_83,CD,2,0.19374953790598715,0.8062504620940129,3
22,RSVP_first,50,22_3_84,VD,2,0.17723260417466924,0.8227673958253308,4
22,RSVP_first,51,22_3_85,VD,2,0.4567050033280593,0.5432949966719407,3
22,RSVP_first,52,22_3_86,CD,2,0.22090760874496546,0.7790923912550346,3
22,RSVP_first,53,22_3_87,CD,2,0.1474577040695583,0.8525422959304417,3
22,RSVP_first,55,22_3_89,VD,2,0.0992876136400895,0.9007123863599105,3
22,RSVP_first,56,22_3_90,CD,2,0.39635710968945237,0.6036428903105476,3
22,RSVP_first,57,22_3_91,CD,2,0.13719016538328166,0.8628098346167183,3
22,RSVP_first,58,22_3_92,VD,2,0.40574765110671795,0.594252348893282,3
22,RSVP_first,59,22_3_93,VD,2,0.15791262561618863,0.8420873743838114,3
22,RSVP_first,60,22_3_94,VD,2,0.31015308168676853,0.6898469183132314,3
22,RSVP_first,61,22_3_95,VD,2,0.13312953220287005,0.86687046779713,3
22,RSVP_first,64,22_4_98,CD,3,0.390080680404441,0.609919319595559,3
22,RSVP_first,66,22_4_100,VD,3,0.45379331454055005,0.5462066854594501,4
22,RSVP_first,67,22_4_101,VD,3,0.4935411127447953,0.5064588872552047,3
22,RSVP_first,68,22_4_102,VD,3,0.1257655815908891,0.8742344184091109,3
22,RSVP_first,69,22_4_103,CD,3,0.41735189639515025,0.5826481036048498,3
22,RSVP_first,70,22_4_104,CD,3,0.19136967084542972,0.8086303291545703,3
22,RSVP_first,71,22_4_105,VD,3,0.27389991768940075,0.7261000823105992,4
22,RSVP_first,73,22_4_107,CD,3,0.20119480381504737,0.7988051961849526,4
22,RSVP_first,74,22_4_108,VD,3,0.41503069692445826,0.5849693030755417,3
22,RSVP_first,75,22_4_109,CD,3,0.11230069965864291,0.8876993003413571,4
22,RSVP_first,76,22_4_110,VD,3,0.16416282797104542,0.8358371720289546,3
22,RSVP_first,77,22_4_111,CD,3,0.5141109604134417,0.48588903958655827,2
22,RSVP_first,78,22_4_112,CD,3,0.27003237502759886,0.7299676249724012,3
22,RSVP_first,79,22_4_113,CD,3,0.7305310809892824,0.26946891901071757,3
22,RSVP_first,80,22_4_114,VD,3,0.9743287454217334,0.025671254578266595,2
22,RSVP_first,81,22_4_115,CD,3,0.1409982787196614,0.8590017212803386,3
22,RSVP_first,82,22_4_116,VD,3,0.17711053765087162,0.8228894623491283,3
22,RSVP_first,83,22_4_117,CD,3,0.18038616561475362,0.8196138343852464,3
22,RSVP_first,84,22_4_118,VD,3,0.15668834482994531,0.8433116551700547,4
22,RSVP_first,85,22_4_119,CD,3,0.17227346353623263,0.8277265364637674,3
22,RSVP_first,86,22_4_120,CD,3,0.14946340357322932,0.8505365964267707,3
22,RSVP_first,87,22_4_121,CD,3,0.1884440009903808,0.8115559990096192,3
22,RSVP_first,88,22_4_122,VD,3,0.14708613945331103,0.852913860546689,3
22,RSVP_first,89,22_4_123,VD,3,0.2739978693223342,0.7260021306776658,3
22,RSVP_first,90,22_4_124,VD,3,0.15663203473268317,0.8433679652673168,3
22,RSVP_first,91,22_4_125,VD,3,0.40891175307813965,0.5910882469218603,4
22,RSVP_first,92,22_4_126,VD,3,0.1373617457422581,0.8626382542577419,4
22,RSVP_first,93,22_4_127,VD,3,0.5143140658479859,0.4856859341520141,2
22,RSVP_first,94,22_4_128,CD,3,0.3958479362185693,0.6041520637814307,3
22,RSVP_first,95,22_5_129,CD,4,0.10534274627066169,0.8946572537293382,3
22,RSVP_first,96,22_5_130,VD,4,0.13259971916471075,0.8674002808352892,4
22,RSVP_first,97,22_5_131,CD,4,0.3862811330648574,0.6137188669351425,3
22,RSVP_first,99,22_5_133,VD,4,0.3886805041134256,0.6113194958865744,3
22,RSVP_first,100,22_5_134,CD,4,0.39026094836501507,0.609739051634985,3
22,RSVP_first,101,22_5_135,VD,4,0.1823465638452746,0.8176534361547254,3
22,RSVP_first,102,22_5_136,CD,4,0.31576351597442215,0.6842364840255779,4
22,RSVP_first,103,22_5_137,VD,4,0.44191789601255027,0.5580821039874497,4
22,RSVP_first,104,22_5_138,CD,4,0.516478947716138,0.48352105228386194,2
22,RSVP_first,105,22_5_139,CD,4,0.14109944728988028,0.8589005527101197,3
22,RSVP_first,106,22_5_140,VD,4,0.5165605514890546,0.48343944851094534,2
22,RSVP_first,107,22_5_141,CD,4,0.16618031967972693,0.833819680320273,3
22,RSVP_first,108,22_5_143,CD,4,0.22869905419229572,0.7713009458077043,3
22,RSVP_first,109,22_5_144,CD,4,0.32648662416860175,0.6735133758313983,4
22,RSVP_first,110,22_5_145,VD,4,0.15660775700362983,0.8433922429963702,4
22,RSVP_first,111,22_5_146,VD,4,0.4460049454949969,0.5539950545050031,3
22,RSVP_first,112,22_5_147,VD,4,0.1605815482631105,0.8394184517368896,3
22,RSVP_first,113,22_5_151,CD,4,0.15728952599226687,0.8427104740077331,3
22,RSVP_first,114,22_5_152,VD,4,0.2780255405492367,0.7219744594507633,3
22,RSVP_first,115,22_5_153,VD,4,0.40810693553643695,0.591893064463563,3
22,RSVP_first,116,22_5_154,VD,4,0.5139873357626464,0.4860126642373535,2
22,RSVP_first,117,22_5_155,CD,4,0.5253881808845919,0.474611819115408,2
22,RSVP_first,118,22_5_156,CD,4,0.12891281652352074,0.8710871834764793,4
22,RSVP_first,119,22_5_157,CD,4,0.22332699649516016,0.7766730035048398,3
22,RSVP_first,121,22_5_160,CD,4,0.16015857921036222,0.8398414207896377,3
22,RSVP_first,122,22_6_161,VD,5,0.19324836510014165,0.8067516348998583,3
22,RSVP_first,123,22_6_162,CD,5,0.525265351417008,0.4747346485829921,2
22,RSVP_first,124,22_6_163,VD,5,0.4103897100799775,0.5896102899200225,3
22,RSVP_first,125,22_6_164,CD,5,0.39898235948090577,0.6010176405190942,3
22,RSVP_first,126,22_6_165,CD,5,0.10580373832470423,0.8941962616752958,3
22,RSVP_first,127,22_6_166,VD,5,0.13132546495056074,0.8686745350494393,3
22,RSVP_first,128,22_6_167,CD,5,0.5140328213632861,0.48596717863671385,2
22,RSVP_first,129,22_6_169,VD,5,0.48269021242126897,0.5173097875787311,3
22,RSVP_first,130,22_6_170,VD,5,0.12597273809934342,0.8740272619006566,3
22,RSVP_first,131,22_6_173,CD,5,0.23166134440394226,0.7683386555960577,3
22,RSVP_first,133,22_6_175,CD,5,0.13787015359392504,0.8621298464060749,3
22,RSVP_first,134,22_6_176,CD,5,0.18642593407554128,0.8135740659244587,3
22,RSVP_first,136,22_6_178,CD,5,0.2800821685833993,0.7199178314166007,3
22,RSVP_first,137,22_6_179,VD,5,0.15282809296889496,0.847171907031105,3
22,RSVP_first,138,22_6_180,CD,5,0.26500099334098914,0.7349990066590109,4
22,RSVP_first,139,22_6_181,VD,5,0.4164577774617905,0.5835422225382094,3
22,RSVP_first,140,22_6_182,VD,5,0.119734167760351,0.880265832239649,3
22,RSVP_first,141,22_6_183,VD,5,0.11945589089651582,0.8805441091034842,3
22,RSVP_first,142,22_6_184,VD,5,0.16504615456908245,0.8349538454309176,3
22,RSVP_first,143,22_6_185,CD,5,0.13284445212726992,0.86715554787273,3
22,RSVP_first,144,22_6_186,CD,5,0.11096363524826244,0.8890363647517375,3
22,RSVP_first,145,22_6_188,VD,5,0.14134719170611773,0.8586528082938822,3
22,RSVP_first,146,22_6_189,CD,5,0.17040945358587742,0.8295905464141226,4
22,RSVP_first,147,22_6_190,VD,5,0.5336855573787382,0.46631444262126187,2
22,RSVP_first,148,22_6_191,CD,5,0.5178997722775225,0.4821002277224776,3
22,RSVP_first,149,22_7_193,VD,6,0.14108186048278057,0.8589181395172195,3
22,RSVP_first,150,22_7_194,VD,6,0.19459158859146267,0.8054084114085374,3
22,RSVP_first,151,22_7_195,CD,6,0.1241753119411367,0.8758246880588633,3
22,RSVP_first,153,22_7_197,CD,6,0.527118780229565,0.47288121977043496,2
22,RSVP_first,156,22_7_200,VD,6,0.23540236850206805,0.7645976314979319,3
22,RSVP_first,157,22_7_201,CD,6,0.12356523709654219,0.8764347629034578,4
22,RSVP_first,159,22_7_204,CD,6,0.5205578842140702,0.47944211578592977,2
22,RSVP_first,160,22_7_205,CD,6,0.4028380309434921,0.597161969056508,3
22,RSVP_first,161,22_7_206,VD,6,0.13598356933467273,0.8640164306653273,3
22,RSVP_first,162,22_7_207,CD,6,0.13590097862861922,0.8640990213713808,3
22,RSVP_first,163,22_7_208,CD,6,0.12213791475555305,0.877862085244447,3
22,RSVP_first,164,22_7_211,CD,6,0.4039476657773503,0.5960523342226497,3
22,RSVP_first,165,22_7_212,VD,6,0.15786653769966713,0.8421334623003329,4
22,RSVP_first,166,22_7_214,VD,6,0.5222818082048613,0.4777181917951387,3
22,RSVP_first,167,22_7_215,VD,6,0.6501633191306047,0.3498366808693953,4
22,RSVP_first,168,22_7_216,VD,6,0.5615144587635434,0.43848554123645656,2
22,RSVP_first,169,22_7_217,VD,6,0.3971701608481224,0.6028298391518776,3
22,RSVP_first,170,22_7_219,VD,6,0.31479400509587224,0.6852059949041278,3
22,RSVP_first,171,22_7_220,VD,6,0.5224134228038309,0.47758657719616915,2
22,RSVP_first,172,22_7_221,VD,6,0.3350177609484314,0.6649822390515687,3
22,RSVP_first,173,22_7_222,VD,6,0.12487059885288529,0.8751294011471148,3
22,RSVP_first,174,22_7_223,CD,6,0.2612340709861186,0.7387659290138814,3
22,RSVP_first,175,22_7_224,VD,6,0.10502115821451191,0.894978841785488,2
22,RSVP_first,176,22_8_225,CD,7,0.3536212703674252,0.6463787296325748,4
22,RSVP_first,177,22_8_226,VD,7,0.15400345311773703,0.8459965468822629,3
22,RSVP_first,179,22_8_228,CD,7,0.5154134429736363,0.4845865570263636,2
22,RSVP_first,180,22_8_229,CD,7,0.25064594973249765,0.7493540502675022,3
22,RSVP_first,181,22_8_230,VD,7,0.5144474797559201,0.48555252024407997,2
22,RSVP_first,182,22_8_231,VD,7,0.10008653828381792,0.899913461716182,3
22,RSVP_first,183,22_8_232,VD,7,0.5139792976138002,0.4860207023861998,2
22,RSVP_first,184,22_8_233,VD,7,0.10654309452124557,0.8934569054787544,3
22,RSVP_first,185,22_8_234,CD,7,0.11775943473093446,0.8822405652690656,3
22,RSVP_first,186,22_8_236,VD,7,0.14624691927920547,0.8537530807207945,3
22,RSVP_first,187,22_8_237,CD,7,0.11401346139648504,0.885986538603515,3
22,RSVP_first,188,22_8_238,CD,7,0.19188857462419331,0.8081114253758067,3
22,RSVP_first,189,22_8_239,VD,7,0.4006138827363158,0.5993861172636842,3
22,RSVP_first,191,22_8_242,VD,7,0.20569579508941818,0.7943042049105818,3
22,RSVP_first,192,22_8_243,VD,7,0.19200198227023507,0.8079980177297649,4
22,RSVP_first,193,22_8_244,VD,7,0.16004071182341237,0.8399592881765877,3
22,RSVP_first,194,22_8_245,CD,7,0.11041674529597836,0.8895832547040217,3
22,RSVP_first,195,22_8_246,VD,7,0.13025618214786971,0.8697438178521303,3
22,RSVP_first,197,22_8_248,CD,7,0.24977327525221632,0.7502267247477837,3
22,RSVP_first,198,22_8_249,CD,7,0.5179855380203087,0.4820144619796914,2
22,RSVP_first,199,22_8_250,VD,7,0.13601240199543874,0.8639875980045613,3
22,RSVP_first,200,22_8_251,CD,7,0.10622600970143127,0.8937739902985686,4
22,RSVP_first,201,22_8_252,VD,7,0.10848286755647642,0.8915171324435236,3
22,RSVP_first,202,22_8_253,CD,7,0.40052208920451,0.59947791079549,3
22,RSVP_first,204,22_8_256,VD,7,0.12851102255817945,0.8714889774418205,3
22,RSVP_first,205,22_9_257,VD,8,0.11936597358143344,0.8806340264185666,3
22,RSVP_first,206,22_9_259,VD,8,0.5154134429736363,0.4845865570263636,2
22,RSVP_first,207,22_9_260,CD,8,0.09948124853322696,0.9005187514667731,3
22,RSVP_first,210,22_9_263,CD,8,0.13101166330149347,0.8689883366985065,3
22,RSVP_first,211,22_9_264,VD,8,0.5151047945627555,0.4848952054372445,2
22,RSVP_first,213,22_9_266,CD,8,0.38837897339916305,0.611621026600837,3
22,RSVP_first,214,22_9_267,VD,8,0.39076147666171657,0.6092385233382834,3
22,RSVP_first,215,22_9_268,VD,8,0.12883431191120115,0.8711656880887988,3
22,RSVP_first,216,22_9_269,CD,8,0.40452047083573595,0.595479529164264,3
22,RSVP_first,217,22_9_270,VD,8,0.1191677416751179,0.8808322583248821,3
22,RSVP_first,218,22_9_271,CD,8,0.5200034190025711,0.479996580997429,2
22,RSVP_first,219,22_9_272,CD,8,0.16447597896212524,0.8355240210378747,3
22,RSVP_first,220,22_9_273,CD,8,0.5143759787237827,0.4856240212762173,2
22,RSVP_first,221,22_9_274,VD,8,0.14376278435842862,0.8562372156415714,3
22,RSVP_first,223,22_9_276,VD,8,0.2507743264911334,0.7492256735088666,4
22,RSVP_first,224,22_9_277,CD,8,0.14081467591123928,0.8591853240887607,3
22,RSVP_first,225,22_9_278,VD,8,0.3052997120072573,0.6947002879927426,3
22,RSVP_first,226,22_9_279,CD,8,0.13199583349616054,0.8680041665038395,3
22,RSVP_first,227,22_9_280,VD,8,0.17405709886723836,0.8259429011327616,4
22,RSVP_first,228,22_9_281,CD,8,0.10431198094860702,0.895688019051393,3
22,RSVP_first,229,22_9_282,CD,8,0.130760360790864,0.869239639209136,3
22,RSVP_first,230,22_9_283,VD,8,0.2641065187379114,0.7358934812620886,3
22,RSVP_first,231,22_9_287,VD,8,0.1591266946566426,0.8408733053433574,3
22,RSVP_first,232,22_9_288,CD,8,0.15064740905956225,0.8493525909404377,3
23,VST_first,1,23_2_33,VD,1,0.30319174318705744,0.6968082568129427,5
23,VST_first,3,23_2_35,VD,1,0.33343451511152417,0.6665654848884759,4
23,VST_first,4,23_2_36,VD,1,0.10694323103659228,0.8930567689634078,4
23,VST_first,5,23_2_37,VD,1,0.40593116941060603,0.594068830589394,5
23,VST_first,6,23_2_38,CD,1,0.339825871718446,0.660174128281554,5
23,VST_first,7,23_2_39,VD,1,0.09957390424599265,0.9004260957540073,4
23,VST_first,8,23_2_40,VD,1,0.10970463817429842,0.8902953618257016,4
23,VST_first,10,23_2_43,CD,1,0.5162409410360242,0.4837590589639757,2
23,VST_first,11,23_2_44,CD,1,0.5245172976158371,0.47548270238416296,2
23,VST_first,12,23_2_45,CD,1,0.1307079217789551,0.8692920782210449,4
23,VST_first,13,23_2_46,CD,1,0.12424409865712488,0.8757559013428752,4
23,VST_first,14,23_2_47,CD,1,0.242134675807424,0.757865324192576,3
23,VST_first,15,23_2_48,CD,1,0.6737802611585718,0.3262197388414282,3
23,VST_first,16,23_2_49,CD,1,0.31185642025354027,0.6881435797464598,4
23,VST_first,17,23_2_50,VD,1,0.31851162020706825,0.6814883797929319,4
23,VST_first,18,23_2_51,CD,1,0.16845879568472943,0.8315412043152706,4
23,VST_first,20,23_2_53,VD,1,0.2346027241768895,0.7653972758231106,3
23,VST_first,21,23_2_54,CD,1,0.1171462083111656,0.8828537916888344,4
23,VST_first,22,23_2_55,CD,1,0.11875895196906423,0.8812410480309357,4
23,VST_first,23,23_2_56,CD,1,0.38407124752366806,0.6159287524763319,3
23,VST_first,24,23_2_57,CD,1,0.383125293730461,0.616874706269539,3
23,VST_first,25,23_2_58,VD,1,0.1021548771692873,0.8978451228307127,4
23,VST_first,26,23_2_59,VD,1,0.10417971372738848,0.8958202862726116,4
23,VST_first,28,23_2_61,VD,1,0.19735497198364876,0.8026450280163512,4
23,VST_first,29,23_2_62,VD,1,0.12140671963812436,0.8785932803618757,4
23,VST_first,30,23_2_63,CD,1,0.3861614379944903,0.6138385620055097,3
23,VST_first,31,23_2_64,VD,1,0.3824286583096723,0.6175713416903277,3
23,VST_first,32,23_3_65,VD,2,0.6330085846805632,0.3669914153194368,3
23,VST_first,34,23_3_67,CD,2,0.38369239198557575,0.6163076080144242,3
23,VST_first,35,23_3_68,CD,2,0.09967521756567024,0.9003247824343298,4
23,VST_first,36,23_3_69,VD,2,0.3825577038687584,0.6174422961312416,3
23,VST_first,37,23_3_70,VD,2,0.18928023720124132,0.8107197627987587,4
23,VST_first,38,23_3_71,CD,2,0.5020283805819921,0.497971619418008,4
23,VST_first,39,23_3_72,CD,2,0.5167827274582856,0.48321727254171437,3
23,VST_first,40,23_3_73,CD,2,0.5271984265203655,0.4728015734796344,4
23,VST_first,41,23_3_74,CD,2,0.3218632350435512,0.6781367649564487,4
23,VST_first,42,23_3_75,CD,2,0.1048411911083251,0.8951588088916749,4
23,VST_first,43,23_3_76,CD,2,0.1056911640459734,0.8943088359540265,4
23,VST_first,44,23_3_77,CD,2,0.5161608923392826,0.48383910766071736,2
23,VST_first,45,23_3_78,CD,2,0.3000811441738691,0.6999188558261309,4
23,VST_first,46,23_3_79,CD,2,0.29313774250263924,0.7068622574973608,5
23,VST_first,47,23_3_80,VD,2,0.10231017726296657,0.8976898227370335,4
23,VST_first,48,23_3_81,VD,2,0.3271974964463641,0.6728025035536359,4
23,VST_first,49,23_3_82,VD,2,0.10246884567136255,0.8975311543286374,3
23,VST_first,50,23_3_83,VD,2,0.38298358311917907,0.617016416880821,3
23,VST_first,51,23_3_84,CD,2,0.3199040523438969,0.680095947656103,4
23,VST_first,52,23_3_85,VD,2,0.39389042496933213,0.6061095750306679,4
23,VST_first,54,23_3_87,VD,2,0.10224300722284928,0.8977569927771507,4
23,VST_first,56,23_3_89,VD,2,0.0970060898353175,0.9029939101646824,4
23,VST_first,57,23_3_90,CD,2,0.5148404899325639,0.485159510067436,2
23,VST_first,59,23_3_92,CD,2,0.09793984816844434,0.9020601518315557,4
23,VST_first,60,23_3_93,VD,2,0.1115248360964986,0.8884751639035015,4
23,VST_first,61,23_3_94,VD,2,0.4008660043756141,0.599133995624386,3
23,VST_first,62,23_3_95,VD,2,0.1451141901910135,0.8548858098089865,4
23,VST_first,63,23_3_96,VD,2,0.11795710182901478,0.8820428981709852,4
23,VST_first,64,23_4_97,VD,3,0.1581924331307231,0.8418075668692769,3
23,VST_first,65,23_4_98,VD,3,0.1266776922143414,0.8733223077856587,4
23,VST_first,66,23_4_99,VD,3,0.5139345507308902,0.4860654492691097,2
23,VST_first,67,23_4_100,CD,3,0.38454188302246933,0.6154581169775306,3
23,VST_first,68,23_4_101,CD,3,0.10267163398073743,0.8973283660192626,4
23,VST_first,69,23_4_102,VD,3,0.10198711076182566,0.89801288923817435,4
23,VST_first,70,23_4_103,VD,3,0.1015477338703484,0.8984522661296516,4
23,VST_first,71,23_4_104,CD,3,0.10013406460787568,0.8998659353921243,4
23,VST_first,72,23_4_105,VD,3,0.1945073899445626,0.8054926100554374,3
23,VST_first,73,23_4_106,VD,3,0.3995985462204447,0.6004014537795553,3
23,VST_first,74,23_4_107,CD,3,0.7026567873425315,0.2973432126574686,3
23,VST_first,75,23_4_108,VD,3,0.15366880438865305,0.846331195611347,3
23,VST_first,76,23_4_109,CD,3,0.11950323566354287,0.8804967643364572,4
23,VST_first,77,23_4_110,CD,3,0.5138752579390036,0.48612474206099643,2
23,VST_first,80,23_4_113,VD,3,0.3961319149026888,0.6038680850973113,3
23,VST_first,82,23_4_115,CD,3,0.3894682775926356,0.6105317224073644,3
23,VST_first,83,23_4_116,VD,3,0.6789728412425867,0.3210271587574132,3
23,VST_first,84,23_4_117,CD,3,0.24880246235299358,0.7511975376470065,4
23,VST_first,85,23_4_118,CD,3,0.3865179108762965,0.6134820891237035,3
23,VST_first,86,23_4_119,CD,3,0.11046254469947843,0.8895374553005215,4
23,VST_first,87,23_4_120,VD,3,0.3881827278681941,0.6118172721318059,3
23,VST_first,88,23_4_121,CD,3,0.6475891919131546,0.3524108080868455,3
23,VST_first,89,23_4_122,CD,3,0.10048196819786276,0.8995180318021373,4
23,VST_first,91,23_4_124,CD,3,0.26572737839808946,0.7342726216019106,4
23,VST_first,92,23_4_125,VD,3,0.31741296027382876,0.6825870397261712,4
23,VST_first,94,23_4_127,CD,3,0.30171942301679155,0.6982805769832083,4
23,VST_first,95,23_4_128,VD,3,0.38378853735429674,0.6162114626457033,3
23,VST_first,96,23_5_129,VD,4,0.19410921724518646,0.8058907827548136,4
23,VST_first,97,23_5_130,VD,4,0.10242599919250314,0.8975740008074968,4
23,VST_first,98,23_5_131,CD,4,0.3176882880143229,0.6823117119856772,4
23,VST_first,99,23_5_132,CD,4,0.10786921099588523,0.8921307890041148,4
23,VST_first,100,23_5_133,CD,4,0.1370329604393786,0.8629670395606214,4
23,VST_first,101,23_5_134,CD,4,0.13949987369276895,0.860500126307231,4
23,VST_first,102,23_5_135,VD,4,0.5142154523071886,0.48578454769281143,2
23,VST_first,105,23_5_138,CD,4,0.5063366309526625,0.4936633690473376,3
23,VST_first,106,23_5_139,CD,4,0.12407893180148105,0.8759210681985189,3
23,VST_first,108,23_5_141,VD,4,0.5140316609805153,0.48596833901948466,2
23,VST_first,109,23_5_142,VD,4,0.11596949224353534,0.8840305077564646,4
23,VST_first,110,23_5_143,VD,4,0.20364212071458893,0.7963578792854111,4
23,VST_first,111,23_5_144,VD,4,0.38360283232393877,0.6163971676760612,3
23,VST_first,112,23_5_145,CD,4,0.386931684269155,0.613068315730845,3
23,VST_first,113,23_5_146,VD,4,0.528799389389169,0.471200610610831,5
23,VST_first,114,23_5_147,CD,4,0.3883643929494698,0.6116356070505302,3
23,VST_first,115,23_5_148,VD,4,0.09935918468728802,0.9006408153127119,4
23,VST_first,116,23_5_149,VD,4,0.10550292889593592,0.8944970711040641,4
23,VST_first,117,23_5_150,CD,4,0.517573493272362,0.4824265067276379,2
23,VST_first,118,23_5_151,CD,4,0.3775394567983316,0.6224605432016684,5
23,VST_first,119,23_5_152,VD,4,0.40598733989883135,0.5940126601011686,3
23,VST_first,120,23_5_153,VD,4,0.14048483044134336,0.8595151695586567,4
23,VST_first,121,23_5_154,VD,4,0.10365148318372035,0.8963485168162797,4
23,VST_first,122,23_5_155,VD,4,0.22731352128625326,0.7726864787137467,5
23,VST_first,123,23_5_156,CD,4,0.11944864625315463,0.8805513537468455,4
23,VST_first,124,23_5_157,CD,4,0.6565505835751501,0.34344941642485,3
23,VST_first,125,23_5_158,CD,4,0.5274600428956027,0.4725399571043974,4
23,VST_first,126,23_5_159,VD,4,0.10124499696667025,0.8987550030333298,4
23,VST_first,127,23_5_160,CD,4,0.18713351900091932,0.8128664809990807,3
23,VST_first,128,23_6_161,CD,5,0.10024351747627619,0.8997564825237238,3
23,VST_first,129,23_6_162,CD,5,0.3197815220683782,0.6802184779316218,4
23,VST_first,130,23_6_163,VD,5,0.5154588024789278,0.4845411975210722,2
23,VST_first,131,23_6_164,VD,5,0.12980959064512837,0.8701904093548716,4
23,VST_first,132,23_6_165,CD,5,0.32342395327405593,0.6765760467259441,4
23,VST_first,133,23_6_166,CD,5,0.12399146388646325,0.8760085361135368,3
23,VST_first,134,23_6_167,VD,5,0.2246497083322505,0.7753502916677495,4
23,VST_first,135,23_6_168,CD,5,0.38648212947237626,0.6135178705276236,3
23,VST_first,136,23_6_169,VD,5,0.4977045074401504,0.5022954925598496,4
23,VST_first,137,23_6_170,VD,5,0.32195887589112393,0.6780411241088761,4
23,VST_first,138,23_6_171,CD,5,0.38252032391142216,0.6174796760885779,3
23,VST_first,139,23_6_172,VD,5,0.10913859125700182,0.8908614087429982,4
23,VST_first,140,23_6_173,VD,5,0.32453139547388854,0.6754686045261115,4
23,VST_first,141,23_6_174,VD,5,0.1093987775653229,0.8906012224346771,4
23,VST_first,142,23_6_175,CD,5,0.11430179949687926,0.8856982005031208,4
23,VST_first,143,23_6_176,CD,5,0.11621450480949781,0.8837854951905022,4
23,VST_first,145,23_6_178,VD,5,0.3248870590028924,0.6751129409971075,4
23,VST_first,146,23_6_179,CD,5,0.5170487871151875,0.4829512128848125,2
23,VST_first,147,23_6_180,VD,5,0.09832463966677168,0.9016753603332284,4
23,VST_first,148,23_6_181,CD,5,0.11080348166623807,0.8891965183337619,4
23,VST_first,150,23_6_183,VD,5,0.10258958989134655,0.8974104101086534,4
23,VST_first,151,23_6_184,VD,5,0.3824747130659092,0.6175252869340908,3
23,VST_first,152,23_6_186,CD,5,0.5161608923392826,0.48383910766071736,2
23,VST_first,153,23_6_187,VD,5,0.10234110542951225,0.8976588945704878,4
23,VST_first,154,23_6_188,VD,5,0.6440166883482897,0.3559833116517103,3
23,VST_first,156,23_6_190,CD,5,0.13138980336905204,0.8686101966309481,4
23,VST_first,157,23_6_191,CD,5,0.3837457546799567,0.6162542453200432,5
23,VST_first,158,23_6_192,CD,5,0.5176424067961541,0.4823575932038459,4
23,VST_first,159,23_7_193,VD,6,0.10535612854197357,0.8946438714580264,4
23,VST_first,160,23_7_194,VD,6,0.3883369996922368,0.6116630003077632,3
23,VST_first,161,23_7_195,CD,6,0.5151683223299425,0.4848316776700575,2
23,VST_first,162,23_7_196,CD,6,0.406406688323012,0.593593311676988,3
23,VST_first,163,23_7_197,CD,6,0.3137075054229449,0.6862924945770552,4
23,VST_first,164,23_7_198,CD,6,0.4838927270412568,0.5161072729587431,4
23,VST_first,166,23_7_200,CD,6,0.5211703823737008,0.4788296176262992,4
23,VST_first,167,23_7_201,CD,6,0.3824747130659092,0.6175252869340908,3
23,VST_first,168,23_7_202,VD,6,0.10937923387815734,0.8906207661218426,4
23,VST_first,169,23_7_203,CD,6,0.5139621586732607,0.48603784132673933,2
23,VST_first,170,23_7_204,VD,6,0.6961305042142456,0.3038694957857544,3
23,VST_first,171,23_7_205,VD,6,0.3547397808087876,0.6452602191912125,5
23,VST_first,172,23_7_206,CD,6,0.31981469120628037,0.6801853087937196,4
23,VST_first,173,23_7_207,VD,6,0.5142754114503199,0.4857245885496801,2
23,VST_first,174,23_7_208,CD,6,0.12379672475727246,0.8762032752427276,4
23,VST_first,175,23_7_209,VD,6,0.4039416491758785,0.5960583508241215,5
23,VST_first,176,23_7_210,CD,6,0.10273262117919557,0.8972673788208044,4
23,VST_first,177,23_7_211,CD,6,0.10924030676879973,0.8907596932312003,4
23,VST_first,178,23_7_212,VD,6,0.2680173946289943,0.7319826053710058,5
23,VST_first,180,23_7_214,CD,6,0.37571609780794885,0.6242839021920511,3
23,VST_first,181,23_7_215,CD,6,0.38622322965565414,0.613776770344346,5
23,VST_first,182,23_7_216,VD,6,0.10240631901899408,0.8975936809810059,4
23,VST_first,183,23_7_217,VD,6,0.10039333947826273,0.8996066605217372,4
23,VST_first,184,23_7_218,CD,6,0.13439634508064538,0.8656036549193546,3
23,VST_first,185,23_7_219,VD,6,0.1257557401466122,0.8742442598533878,3
23,VST_first,186,23_7_220,VD,6,0.12456882922733123,0.8754311707726687,3
23,VST_first,187,23_7_221,CD,6,0.3516359441424145,0.6483640558575855,3
23,VST_first,188,23_7_222,VD,6,0.1013223832040653,0.8986776167959347,4
23,VST_first,189,23_7_223,VD,6,0.5157885617582725,0.48421143824172763,2
23,VST_first,190,23_7_224,VD,6,0.3862614319643625,0.6137385680356375,3
23,VST_first,191,23_8_225,VD,7,0.39446446616843894,0.6055355338315611,3
23,VST_first,192,23_8_226,VD,7,0.29247988113080103,0.707520118869199,4
23,VST_first,193,23_8_227,VD,7,0.3822522659116345,0.6177477340883655,3
23,VST_first,194,23_8_228,CD,7,0.21049906258894002,0.78950093741106,5
23,VST_first,195,23_8_229,VD,7,0.10075569383684024,0.8992443061631598,4
23,VST_first,197,23_8_231,CD,7,0.3863603755097747,0.6136396244902254,3
23,VST_first,198,23_8_232,CD,7,0.31785651916614943,0.6821434808338506,4
23,VST_first,199,23_8_233,VD,7,0.10491288577286817,0.8950871142271318,4
23,VST_first,200,23_8_234,VD,7,0.5141109604134417,0.48588903958655827,2
23,VST_first,201,23_8_235,CD,7,0.518720046124346,0.4812799538756541,2
23,VST_first,202,23_8_236,VD,7,0.3862601106867611,0.6137398893132389,3
23,VST_first,203,23_8_237,VD,7,0.513877298348289,0.48612270165171106,2
23,VST_first,204,23_8_238,CD,7,0.14756893840123664,0.8524310615987634,3
23,VST_first,205,23_8_239,CD,7,0.28730709041975727,0.7126929095802427,5
23,VST_first,206,23_8_240,VD,7,0.41397208221930143,0.5860279177806985,3
23,VST_first,207,23_8_241,VD,7,0.539542373497717,0.46045762650228295,4
23,VST_first,209,23_8_243,CD,7,0.3252800436972823,0.6747199563027177,4
23,VST_first,210,23_8_244,VD,7,0.10396139019391096,0.8960386098060891,4
23,VST_first,213,23_8_247,CD,7,0.10481294256027529,0.8951870574397247,4
23,VST_first,214,23_8_248,CD,7,0.11041062744197759,0.8895893725580224,4
23,VST_first,215,23_8_249,VD,7,0.09907962760671882,0.9009203723932813,4
23,VST_first,216,23_8_250,CD,7,0.3224900500532416,0.6775099499467584,3
23,VST_first,217,23_8_251,CD,7,0.1070563252739264,0.8929436747260736,4
23,VST_first,218,23_8_252,CD,7,0.11025406715782768,0.8897459328421723,4
23,VST_first,219,23_8_253,VD,7,0.10062240355719707,0.8993775964428029,4
23,VST_first,220,23_8_254,CD,7,0.1010666612896886,0.8989333387103113,4
23,VST_first,221,23_8_255,CD,7,0.10289941084225965,0.8971005891577404,4
23,VST_first,222,23_8_256,VD,7,0.21862022550652305,0.7813797744934768,3
23,VST_first,223,23_9_257,CD,8,0.09859065313570223,0.9014093468642977,4
23,VST_first,224,23_9_258,VD,8,0.22194188954094868,0.7780581104590513,5
23,VST_first,225,23_9_259,VD,8,0.10394160614874638,0.8960583938512536,4
23,VST_first,226,23_9_261,CD,8,0.2654345629354389,0.7345654370645612,4
23,VST_first,227,23_9_262,CD,8,0.5146006537234802,0.48539934627651976,2
23,VST_first,228,23_9_263,VD,8,0.11009198374467694,0.889908016255323,4
23,VST_first,230,23_9_265,VD,8,0.11533878937848595,0.8846612106215141,4
23,VST_first,231,23_9_266,VD,8,0.25555511014695675,0.7444448898530432,4
23,VST_first,232,23_9_267,CD,8,0.5261051326584019,0.4738948673415982,2
23,VST_first,233,23_9_268,CD,8,0.36654468252955497,0.633455317470445,4
23,VST_first,234,23_9_269,CD,8,0.9498331112600951,0.050166888739904957,2
23,VST_first,235,23_9_270,VD,8,0.5597705410698626,0.4402294589301374,2
23,VST_first,236,23_9_271,CD,8,0.4768008501963716,0.5231991498036284,4
23,VST_first,237,23_9_272,VD,8,0.3521243494625884,0.6478756505374116,4
23,VST_first,238,23_9_273,CD,8,0.8930764224836696,0.10692357751633041,2
23,VST_first,239,23_9_274,CD,8,0.5300323131342028,0.4699676868657973,2
23,VST_first,240,23_9_275,VD,8,0.2557262592914109,0.7442737407085891,4
23,VST_first,241,23_9_276,VD,8,0.7695160493228459,0.23048395067715416,4
23,VST_first,242,23_9_277,CD,8,0.513902247712047,0.48609775228795304,2
23,VST_first,243,23_9_278,CD,8,0.30798743606237877,0.6920125639376213,4
23,VST_first,244,23_9_279,VD,8,0.5137230020037444,0.48627699799625557,2
23,VST_first,245,23_9_280,CD,8,0.5167637014825188,0.4832362985174812,2
23,VST_first,248,23_9_284,VD,8,0.10710824450517863,0.8928917554948214,4
23,VST_first,249,23_9_285,VD,8,0.08995819778961536,0.9100418022103847,3
23,VST_first,250,23_9_286,CD,8,0.28221621211098863,0.7177837878890114,5
23,VST_first,251,23_9_287,VD,8,0.2769059741753964,0.7230940258246037,3
23,VST_first,252,23_9_288,CD,8,0.5361527778278102,0.46384722217218977,4
24,RSVP_first,1,24_2_33,CD,1,0.38781520917597523,0.6121847908240247,3
24,RSVP_first,2,24_2_34,VD,1,0.13121348800744284,0.8687865119925572,3
24,RSVP_first,3,24_2_35,CD,1,0.2728305715458058,0.7271694284541942,3
24,RSVP_first,4,24_2_36,VD,1,0.11358311184792193,0.8864168881520781,3
24,RSVP_first,5,24_2_37,CD,1,0.3369468366390424,0.6630531633609577,4
24,RSVP_first,6,24_2_38,CD,1,0.6244680137827973,0.3755319862172027,3
24,RSVP_first,7,24_2_39,CD,1,0.155969353675245,0.844030646324755,3
24,RSVP_first,8,24_2_40,CD,1,0.09147370531289958,0.9085262946871004,3
24,RSVP_first,9,24_2_41,VD,1,0.513879480325156,0.48612051967484393,2
24,RSVP_first,10,24_2_42,VD,1,0.3261716116823491,0.673828388317651,2
24,RSVP_first,12,24_2_44,VD,1,0.21711782654085393,0.782882173459146,3
24,RSVP_first,13,24_2_45,CD,1,0.09797808545764475,0.9020219145423553,4
24,RSVP_first,14,24_2_47,VD,1,0.11329550221179047,0.8867044977882095,3
24,RSVP_first,15,24_2_49,VD,1,0.12307672440223508,0.8769232755977651,3
24,RSVP_first,18,24_2_52,VD,1,0.26360751687752454,0.7363924831224754,5
24,RSVP_first,19,24_2_54,VD,1,0.5919502180694495,0.4080497819305505,3
24,RSVP_first,20,24_2_55,CD,1,0.5145284173108647,0.48547158268913526,2
24,RSVP_first,21,24_2_56,CD,1,0.09059854852196347,0.9094014514780365,3
24,RSVP_first,22,24_2_57,VD,1,0.1220341400945742,0.8779658599054257,3
24,RSVP_first,23,24_2_58,CD,1,0.3956965413388953,0.6043034586611047,4
24,RSVP_first,24,24_2_59,VD,1,0.5188123160338092,0.4811876839661909,2
24,RSVP_first,25,24_2_61,VD,1,0.5477009221591778,0.45229907784082213,2
24,RSVP_first,26,24_2_62,CD,1,0.10882471984363226,0.8911752801563677,3
24,RSVP_first,27,24_2_63,CD,1,0.09154396379733293,0.9084560362026671,3
24,RSVP_first,28,24_2_64,CD,1,0.11316453182511664,0.8868354681748835,3
24,RSVP_first,29,24_3_65,VD,2,0.3730650593538065,0.6269349406461935,3
24,RSVP_first,30,24_3_66,CD,2,0.39176136871439754,0.6082386312856024,3
24,RSVP_first,33,24_3_69,VD,2,0.3343613479078939,0.6656386520921062,4
24,RSVP_first,34,24_3_70,CD,2,0.22640092883969626,0.7735990711603038,4
24,RSVP_first,35,24_3_71,VD,2,0.1558911495984881,0.844108850401512,4
24,RSVP_first,36,24_3_72,CD,2,0.09047635502219076,0.9095236449778092,3
24,RSVP_first,37,24_3_74,CD,2,0.09602537026350946,0.9039746297364906,3
24,RSVP_first,38,24_3_75,CD,2,0.08997400971884448,0.9100259902811556,2
24,RSVP_first,39,24_3_76,CD,2,0.096783480396629,0.903216519603371,3
24,RSVP_first,40,24_3_77,VD,2,0.3829641286349292,0.6170358713650708,3
24,RSVP_first,41,24_3_78,VD,2,0.2897057028009878,0.7102942971990122,3
24,RSVP_first,42,24_3_79,VD,2,0.36889682378551647,0.6311031762144835,3
24,RSVP_first,43,24_3_80,CD,2,0.37821461302949777,0.6217853869705022,5
24,RSVP_first,44,24_3_81,CD,2,0.6775436671885106,0.3224563328114895,3
24,RSVP_first,45,24_3_82,VD,2,0.09378842691053763,0.9062115730894624,3
24,RSVP_first,46,24_3_83,VD,2,0.08625779395066392,0.9137422060493361,2
24,RSVP_first,47,24_3_84,VD,2,0.2534737128947357,0.7465262871052644,3
24,RSVP_first,48,24_3_85,CD,2,0.3859408243895208,0.6140591756104792,3
24,RSVP_first,49,24_3_86,VD,2,0.11312265203356756,0.8868773479664325,4
24,RSVP_first,50,24_3_87,VD,2,0.5140367494551353,0.48596325054486467,2
24,RSVP_first,51,24_3_89,CD,2,0.09183653333507495,0.9081634666649251,3
24,RSVP_first,52,24_3_90,VD,2,0.5139443400733589,0.4860556599266411,2
24,RSVP_first,53,24_3_91,VD,2,0.09345008590597921,0.9065499140940207,3
24,RSVP_first,54,24_3_92,VD,2,0.3839320195285604,0.6160679804714396,3
24,RSVP_first,55,24_3_95,VD,2,0.17754765265113798,0.8224523473488621,3
24,RSVP_first,56,24_3_96,CD,2,0.3200271294337181,0.6799728705662819,4
24,RSVP_first,57,24_4_97,CD,3,0.08139312413246774,0.9186068758675323,2
24,RSVP_first,58,24_4_98,VD,3,0.09257935826613174,0.9074206417338683,3
24,RSVP_first,60,24_4_100,VD,3,0.08880537758499232,0.9111946224150077,3
24,RSVP_first,61,24_4_101,VD,3,0.3848911637672806,0.6151088362327193,3
24,RSVP_first,62,24_4_102,CD,3,0.1484815388290612,0.8515184611709388,3
24,RSVP_first,63,24_4_103,CD,3,0.5151047945627555,0.4848952054372445,2
24,RSVP_first,64,24_4_104,VD,3,0.17672645060180175,0.8232735493981984,3
24,RSVP_first,65,24_4_107,VD,3,0.1263440418430113,0.8736559581569887,2
24,RSVP_first,66,24_4_108,VD,3,0.5139443400733589,0.4860556599266411,2
24,RSVP_first,67,24_4_109,CD,3,0.3588963455653379,0.6411036544346621,3
24,RSVP_first,68,24_4_110,VD,3,0.2490532206355605,0.7509467793644395,3
24,RSVP_first,69,24_4_111,CD,3,0.09560502582729388,0.9043949741727061,3
24,RSVP_first,70,24_4_113,CD,3,0.08969026165841616,0.9103097383415839,2
24,RSVP_first,71,24_4_114,VD,3,0.08897178672666131,0.9110282132733387,3
24,RSVP_first,72,24_4_115,VD,3,0.0986613168028542,0.9013386831971458,4
24,RSVP_first,73,24_4_116,VD,3,0.10711768348135958,0.8928823165186405,3
24,RSVP_first,74,24_4_117,VD,3,0.1938412486030956,0.8061587513969044,3
24,RSVP_first,75,24_4_118,CD,3,0.5222006129804525,0.47779938701954755,3
24,RSVP_first,78,24_4_122,CD,3,0.4076079326457649,0.5923920673542351,3
24,RSVP_first,79,24_4_124,CD,3,0.5139621586732607,0.48603784132673933,2
24,RSVP_first,80,24_4_125,VD,3,0.38529698935958456,0.6147030106404155,3
24,RSVP_first,81,24_4_126,CD,3,0.2538964907584777,0.7461035092415222,3
24,RSVP_first,83,24_4_128,VD,3,0.09881206094846869,0.9011879390515313,3
24,RSVP_first,84,24_5_129,VD,4,0.3358979968789582,0.6641020031210418,2
24,RSVP_first,85,24_5_130,CD,4,0.24010885957427058,0.7598911404257294,3
24,RSVP_first,86,24_5_131,CD,4,0.1527370105783301,0.8472629894216699,3
24,RSVP_first,87,24_5_132,CD,4,0.09809589592561244,0.9019041040743875,3
24,RSVP_first,88,24_5_133,CD,4,0.3298091181813309,0.6701908818186691,3
24,RSVP_first,89,24_5_134,CD,4,0.1166390148235776,0.8833609851764224,4
24,RSVP_first,90,24_5_135,CD,4,0.3760485163082216,0.6239514836917784,3
24,RSVP_first,92,24_5_137,CD,4,0.2778650141024852,0.7221349858975148,3
24,RSVP_first,93,24_5_138,VD,4,0.5161544941184504,0.4838455058815496,2
24,RSVP_first,94,24_5_139,VD,4,0.10337801546319923,0.8966219845368008,3
24,RSVP_first,95,24_5_140,VD,4,0.09244730450013115,0.9075526954998688,3
24,RSVP_first,97,24_5_142,CD,4,0.0971961428951916,0.9028038571048084,3
24,RSVP_first,98,24_5_144,VD,4,0.5143464270730403,0.4856535729269597,2
24,RSVP_first,99,24_5_145,VD,4,0.10502238406774743,0.8949776159322526,4
24,RSVP_first,100,24_5_147,VD,4,0.38577194690121136,0.6142280530987886,3
24,RSVP_first,101,24_5_148,CD,4,0.0912262974856329,0.9087737025143671,3
24,RSVP_first,103,24_5_150,VD,4,0.08812702368311125,0.9118729763168888,2
24,RSVP_first,104,24_5_151,VD,4,0.10520208723232544,0.8947979127676746,4
24,RSVP_first,105,24_5_152,VD,4,0.48515390536381126,0.5148460946361888,5
24,RSVP_first,106,24_5_153,CD,4,0.2446337997681267,0.7553662002318733,4
24,RSVP_first,107,24_5_154,CD,4,0.4463657537789903,0.5536342462210097,3
24,RSVP_first,108,24_5_155,VD,4,0.4908290220195336,0.5091709779804665,2
24,RSVP_first,109,24_5_156,CD,4,0.09200870381036506,0.9079912961896349,3
24,RSVP_first,110,24_5_157,VD,4,0.10037742163734305,0.8996225783626569,3
24,RSVP_first,111,24_5_158,CD,4,0.10664982087197698,0.8933501791280231,3
24,RSVP_first,113,24_5_160,CD,4,0.49209869285058366,0.5079013071494164,4
24,RSVP_first,114,24_6_161,CD,5,0.5518380790729666,0.44816192092703344,2
24,RSVP_first,115,24_6_162,CD,5,0.09566324624637605,0.9043367537536239,3
24,RSVP_first,116,24_6_165,CD,5,0.09260065483698263,0.9073993451630173,3
24,RSVP_first,117,24_6_166,CD,5,0.5157885617582725,0.48421143824172763,2
24,RSVP_first,118,24_6_167,CD,5,0.3295718214013029,0.6704281785986971,4
24,RSVP_first,119,24_6_168,VD,5,0.1052537806315796,0.8947462193684204,4
24,RSVP_first,121,24_6_171,VD,5,0.5122756130006876,0.4877243869993125,2
24,RSVP_first,123,24_6_173,VD,5,0.11680492661267952,0.8831950733873205,4
24,RSVP_first,124,24_6_174,CD,5,0.09440529955123976,0.9055947004487602,3
24,RSVP_first,125,24_6_175,CD,5,0.5326324262325083,0.46736757376749166,4
24,RSVP_first,126,24_6_176,CD,5,0.13483209369581597,0.8651679063041839,3
24,RSVP_first,127,24_6_177,VD,5,0.47522022625345206,0.5247797737465479,3
24,RSVP_first,128,24_6_178,CD,5,0.156459894585291,0.843540105414709,3
24,RSVP_first,129,24_6_180,CD,5,0.9743287454217334,0.025671254578266595,2
24,RSVP_first,130,24_6_182,VD,5,0.17022426500551582,0.8297757349944842,3
24,RSVP_first,131,24_6_184,VD,5,0.09128617577052016,0.9087138242294799,3
24,RSVP_first,132,24_6_185,VD,5,0.5146939885707045,0.48530601142929547,2
24,RSVP_first,133,24_6_186,VD,5,0.10305982154472505,0.896940178455275,4
24,RSVP_first,135,24_6_188,CD,5,0.3927938325594387,0.6072061674405612,3
24,RSVP_first,136,24_6_189,CD,5,0.10504800775892843,0.8949519922410716,4
24,RSVP_first,137,24_6_190,CD,5,0.10601682095445131,0.8939831790455486,4
24,RSVP_first,139,24_7_193,VD,6,0.21400347416898916,0.7859965258310109,3
24,RSVP_first,141,24_7_195,VD,6,0.3164046950085253,0.6835953049914747,4
24,RSVP_first,142,24_7_196,VD,6,0.10744321113656198,0.892556788863438,4
24,RSVP_first,144,24_7_200,CD,6,0.32048915221975527,0.6795108477802447,4
24,RSVP_first,145,24_7_201,VD,6,0.3274833433329769,0.6725166566670231,3
24,RSVP_first,146,24_7_202,CD,6,0.5126306665025654,0.48736933349743455,2
24,RSVP_first,147,24_7_203,CD,6,0.5127897639499852,0.4872102360500148,4
24,RSVP_first,148,24_7_204,CD,6,0.0980246894558389,0.901975310544161,3
24,RSVP_first,149,24_7_205,CD,6,0.3957994501163125,0.6042005498836874,5
24,RSVP_first,150,24_7_206,VD,6,0.38650974036650143,0.6134902596334986,3
24,RSVP_first,151,24_7_207,VD,6,0.10258810940922673,0.8974118905907733,4
24,RSVP_first,152,24_7_208,CD,6,0.9995168726487955,4.831273512045402e-4,2
24,RSVP_first,153,24_7_210,VD,6,0.5223043090334281,0.47769569096657194,2
24,RSVP_first,154,24_7_211,VD,6,0.1335238076130067,0.8664761923869934,3
24,RSVP_first,156,24_7_213,VD,6,0.12131622699040022,0.8786837730095998,3
24,RSVP_first,157,24_7_214,CD,6,0.09277889477518798,0.907221105224812,3
24,RSVP_first,158,24_7_215,CD,6,0.3225515712300533,0.6774484287699467,4
24,RSVP_first,159,24_7_216,CD,6,0.3999184839647956,0.6000815160352043,3
24,RSVP_first,160,24_7_217,VD,6,0.40439820861326536,0.5956017913867346,4
24,RSVP_first,161,24_7_218,VD,6,0.33361860199815263,0.6663813980018474,4
24,RSVP_first,163,24_7_220,VD,6,0.23680198221788537,0.7631980177821146,4
24,RSVP_first,164,24_7_221,CD,6,0.11869606545320883,0.8813039345467911,4
24,RSVP_first,165,24_7_222,CD,6,0.19555887217046633,0.8044411278295337,4
24,RSVP_first,166,24_7_223,VD,6,0.5139493044207786,0.4860506955792215,2
24,RSVP_first,167,24_7_224,CD,6,0.5062316016413831,0.49376839835861686,4
24,RSVP_first,168,24_8_226,VD,7,0.3593110831980083,0.6406889168019917,4
24,RSVP_first,170,24_8_228,CD,7,0.24507156946541472,0.7549284305345852,3
24,RSVP_first,171,24_8_229,CD,7,0.5188123160338092,0.4811876839661909,2
24,RSVP_first,172,24_8_230,CD,7,0.3640263298337174,0.6359736701662826,4
24,RSVP_first,173,24_8_231,VD,7,0.10672154527482533,0.8932784547251746,3
24,RSVP_first,174,24_8_232,CD,7,0.5531779780336805,0.4468220219663195,4
24,RSVP_first,175,24_8_233,VD,7,0.09643253100691032,0.9035674689930897,3
24,RSVP_first,176,24_8_234,VD,7,0.09102184211258733,0.9089781578874127,3
24,RSVP_first,177,24_8_235,CD,7,0.6625066240180254,0.33749337598197454,3
24,RSVP_first,178,24_8_236,CD,7,0.30342907812504727,0.6965709218749527,4
24,RSVP_first,179,24_8_237,VD,7,0.5199055486902573,0.4800944513097427,2
24,RSVP_first,180,24_8_238,CD,7,0.4773828915838996,0.5226171084161003,4
24,RSVP_first,181,24_8_239,VD,7,0.5146213042955881,0.48537869570441194,2
24,RSVP_first,182,24_8_240,VD,7,0.10016819217017656,0.8998318078298234,4
24,RSVP_first,183,24_8_241,CD,7,0.09922487954097556,0.9007751204590244,4
24,RSVP_first,184,24_8_242,CD,7,0.09592669887690888,0.9040733011230911,3
24,RSVP_first,185,24_8_243,VD,7,0.38711901941915994,0.61288098058084,3
24,RSVP_first,186,24_8_244,VD,7,0.18383616525869467,0.8161638347413054,3
24,RSVP_first,187,24_8_245,VD,7,0.15918523822911304,0.8408147617708869,3
24,RSVP_first,188,24_8_246,CD,7,0.10401977449392782,0.8959802255060723,4
24,RSVP_first,189,24_8_247,VD,7,0.09515973312498963,0.9048402668750104,3
24,RSVP_first,190,24_8_248,CD,7,0.31100424506856245,0.6889957549314375,3
24,RSVP_first,192,24_8_250,CD,7,0.1112436228154904,0.8887563771845096,3
24,RSVP_first,193,24_8_251,VD,7,0.13007231769960528,0.8699276823003947,2
24,RSVP_first,195,24_8_253,VD,7,0.3828592614232198,0.6171407385767802,3
24,RSVP_first,196,24_8_254,VD,7,0.20433143253847688,0.7956685674615231,3
24,RSVP_first,197,24_8_256,CD,7,0.5047506325817677,0.4952493674182322,2
24,RSVP_first,198,24_9_257,VD,8,0.10585362398927933,0.8941463760107207,4
24,RSVP_first,199,24_9_258,VD,8,0.16403031238648969,0.8359696876135103,4
24,RSVP_first,200,24_9_259,VD,8,0.4517563242979297,0.5482436757020703,3
24,RSVP_first,202,24_9_261,CD,8,0.1451062857981606,0.8548937142018393,4
24,RSVP_first,203,24_9_262,CD,8,0.4229523117157815,0.5770476882842185,4
24,RSVP_first,204,24_9_263,VD,8,0.38262100652100106,0.6173789934789989,3
24,RSVP_first,206,24_9_265,CD,8,0.15140687186595886,0.8485931281340411,3
24,RSVP_first,207,24_9_266,CD,8,0.5149142303259509,0.4850857696740492,2
24,RSVP_first,208,24_9_267,CD,8,0.34350975132129785,0.6564902486787021,4
24,RSVP_first,209,24_9_268,CD,8,0.7433798502545038,0.25662014974549624,2
24,RSVP_first,210,24_9_269,CD,8,0.4913723268179183,0.5086276731820817,3
24,RSVP_first,211,24_9_270,CD,8,0.13700216048930308,0.8629978395106969,3
24,RSVP_first,212,24_9_274,VD,8,0.3849237573965284,0.6150762426034716,3
24,RSVP_first,213,24_9_275,VD,8,0.3847041031610277,0.6152958968389723,3
24,RSVP_first,214,24_9_276,VD,8,0.12173785266067667,0.8782621473393234,3
24,RSVP_first,215,24_9_277,CD,8,0.6926275027038,0.3073724972962,3
24,RSVP_first,216,24_9_278,VD,8,0.09892796880229816,0.9010720311977019,4
24,RSVP_first,218,24_9_280,VD,8,0.322920476535151,0.677079523464849,4
24,RSVP_first,219,24_9_281,CD,8,0.18963650582543007,0.81036349417457,4
24,RSVP_first,220,24_9_282,CD,8,0.11638991469913978,0.8836100853008603,3
24,RSVP_first,221,24_9_284,VD,8,0.107717857615196,0.8922821423848041,3
24,RSVP_first,223,24_9_286,VD,8,0.737941025134269,0.262058974865731,4
24,RSVP_first,224,24_9_287,CD,8,0.5141109604134417,0.48588903958655827,2
24,RSVP_first,225,24_9_288,CD,8,0.1523772936756685,0.8476227063243316,4
25,VST_first,1,25_2_33,VD,1,0.5318420161375798,0.4681579838624203,4
25,VST_first,2,25_2_34,CD,1,0.10588598623733529,0.8941140137626646,4
25,VST_first,3,25_2_35,VD,1,0.11288634517253364,0.8871136548274663,4
25,VST_first,4,25_2_36,VD,1,0.10975687328279787,0.8902431267172022,4
25,VST_first,6,25_2_38,CD,1,0.4868466272018527,0.5131533727981474,4
25,VST_first,7,25_2_39,CD,1,0.10532586761808951,0.8946741323819105,4
25,VST_first,8,25_2_40,VD,1,0.33260409243175937,0.6673959075682406,4
25,VST_first,9,25_2_41,VD,1,0.12210942909360023,0.8778905709063998,3
25,VST_first,10,25_2_42,CD,1,0.5117916123069715,0.48820838769302854,4
25,VST_first,11,25_2_43,CD,1,0.33600176102100576,0.6639982389789942,4
25,VST_first,12,25_2_44,CD,1,0.10125301374986523,0.8987469862501348,3
25,VST_first,13,25_2_45,CD,1,0.12440869860761303,0.8755913013923871,3
25,VST_first,14,25_2_46,VD,1,0.11626223176215937,0.8837377682378407,4
25,VST_first,15,25_2_47,CD,1,0.5280515536310701,0.47194844636892985,2
25,VST_first,16,25_2_48,VD,1,0.26188151803567045,0.7381184819643296,5
25,VST_first,18,25_2_50,VD,1,0.11327794690036964,0.8867220530996303,3
25,VST_first,19,25_2_51,CD,1,0.22710945530110505,0.772890544698895,4
25,VST_first,20,25_2_52,VD,1,0.691524308103629,0.3084756918963711,3
25,VST_first,21,25_2_53,CD,1,0.31989632413078684,0.6801036758692132,3
25,VST_first,22,25_2_54,VD,1,0.33783440291847283,0.6621655970815272,4
25,VST_first,23,25_2_55,VD,1,0.1121807630276575,0.8878192369723426,4
25,VST_first,24,25_2_56,CD,1,0.46830055107445695,0.5316994489255431,3
25,VST_first,25,25_2_57,CD,1,0.29456843766322127,0.7054315623367787,4
25,VST_first,26,25_2_58,CD,1,0.13617351255971208,0.8638264874402879,4
25,VST_first,27,25_2_59,VD,1,0.11014380585026506,0.8898561941497349,4
25,VST_first,28,25_2_60,VD,1,0.6765603266144312,0.3234396733855688,3
25,VST_first,29,25_2_61,VD,1,0.5141301019086996,0.48586989809130043,2
25,VST_first,31,25_2_63,VD,1,0.09941902242535691,0.9005809775746431,4
25,VST_first,32,25_2_64,CD,1,0.1430412319277376,0.8569587680722623,4
25,VST_first,34,25_3_67,VD,2,0.12670477440033784,0.8732952255996622,4
25,VST_first,35,25_3_68,CD,2,0.11510476280609941,0.8848952371939005,4
25,VST_first,36,25_3_69,VD,2,0.12583540400427712,0.8741645959957229,2
25,VST_first,37,25_3_70,CD,2,0.3868429745921074,0.6131570254078925,3
25,VST_first,38,25_3_71,CD,2,0.10159433049433121,0.8984056695056688,4
25,VST_first,39,25_3_72,VD,2,0.5261051326584019,0.4738948673415982,2
25,VST_first,41,25_3_74,VD,2,0.09952311838268245,0.9004768816173175,4
25,VST_first,42,25_3_75,CD,2,0.1068777538952601,0.8931222461047399,4
25,VST_first,43,25_3_76,CD,2,0.34578483810270416,0.6542151618972958,5
25,VST_first,44,25_3_77,CD,2,0.1315047601110117,0.8684952398889882,3
25,VST_first,45,25_3_78,CD,2,0.12403089135781496,0.875969108642185,3
25,VST_first,46,25_3_79,CD,2,0.19248763151965662,0.8075123684803435,4
25,VST_first,47,25_3_80,CD,2,0.11113563649062388,0.888864363509376,4
25,VST_first,48,25_3_81,VD,2,0.14090666384562073,0.8590933361543793,3
25,VST_first,49,25_3_82,CD,2,0.24046312334638795,0.759536876653612,4
25,VST_first,50,25_3_83,CD,2,0.5387910139588055,0.46120898604119454,4
25,VST_first,51,25_3_84,VD,2,0.616434834729758,0.38356516527024204,3
25,VST_first,53,25_3_86,VD,2,0.45402113786124904,0.5459788621387509,5
25,VST_first,54,25_3_87,VD,2,0.3293042105814118,0.6706957894185882,4
25,VST_first,55,25_3_88,VD,2,0.3914976048087739,0.6085023951912261,5
25,VST_first,56,25_3_89,VD,2,0.5155905458570302,0.48440945414296976,2
25,VST_first,58,25_3_92,VD,2,0.12936536446424327,0.8706346355357567,3
25,VST_first,59,25_3_93,CD,2,0.4110696218962494,0.5889303781037506,3
25,VST_first,60,25_3_94,CD,2,0.3337516408582438,0.6662483591417562,4
25,VST_first,61,25_3_95,VD,2,0.10595547582212064,0.8940445241778793,3
25,VST_first,62,25_3_96,VD,2,0.20829610479906774,0.7917038952009322,3
25,VST_first,63,25_4_97,CD,3,0.10710217089154046,0.8928978291084595,4
25,VST_first,64,25_4_98,CD,3,0.4476376916842919,0.5523623083157081,3
25,VST_first,65,25_4_99,VD,3,0.3427066717691617,0.6572933282308383,4
25,VST_first,67,25_4_101,CD,3,0.09826797564831995,0.9017320243516801,4
25,VST_first,68,25_4_102,CD,3,0.2948187798530167,0.7051812201469833,4
25,VST_first,69,25_4_103,CD,3,0.10217939223463313,0.8978206077653669,3
25,VST_first,70,25_4_104,CD,3,0.1518042194590475,0.8481957805409525,5
25,VST_first,71,25_4_105,CD,3,0.7283834459013546,0.2716165540986453,3
25,VST_first,72,25_4_106,VD,3,0.3318214209660679,0.6681785790339321,4
25,VST_first,73,25_4_107,VD,3,0.5188901908263122,0.48110980917368784,2
25,VST_first,74,25_4_108,VD,3,0.14899244420322993,0.85100755579677,3
25,VST_first,75,25_4_109,CD,3,0.13055828618119542,0.8694417138188046,4
25,VST_first,76,25_4_110,VD,3,0.10359793656164695,0.896402063438353,3
25,VST_first,77,25_4_111,VD,3,0.32121354235511956,0.6787864576448804,4
25,VST_first,78,25_4_112,VD,3,0.639308577287997,0.36069142271200305,5
25,VST_first,79,25_4_113,CD,3,0.38506113655438573,0.6149388634456142,3
25,VST_first,80,25_4_114,CD,3,0.5427374689586177,0.4572625310413822,3
25,VST_first,81,25_4_115,VD,3,0.12829340919561708,0.8717065908043828,4
25,VST_first,82,25_4_116,CD,3,0.10043023776814188,0.8995697622318581,4
25,VST_first,83,25_4_117,VD,3,0.10956205154448956,0.8904379484555104,4
25,VST_first,84,25_4_118,CD,3,0.16762399676616796,0.8323760032338321,3
25,VST_first,85,25_4_119,VD,3,0.10933292066712372,0.8906670793328764,4
25,VST_first,87,25_4_121,VD,3,0.2993033064068521,0.7006966935931479,5
25,VST_first,89,25_4_123,VD,3,0.1399924622891446,0.8600075377108554,3
25,VST_first,90,25_4_124,CD,3,0.14868362918942432,0.8513163708105757,3
25,VST_first,91,25_4_125,VD,3,0.4362241775946365,0.5637758224053635,4
25,VST_first,92,25_4_126,CD,3,0.5370029536957411,0.46299704630425886,4
25,VST_first,93,25_4_127,VD,3,0.10065200364771719,0.8993479963522828,4
25,VST_first,94,25_4_128,VD,3,0.3228637046943763,0.6771362953056237,4
25,VST_first,95,25_5_129,VD,4,0.38618936753055927,0.6138106324694408,3
25,VST_first,96,25_5_130,VD,4,0.11655996983365183,0.8834400301663482,4
25,VST_first,97,25_5_131,CD,4,0.5254661974359097,0.4745338025640902,3
25,VST_first,98,25_5_132,VD,4,0.3180195993375451,0.6819804006624549,4
25,VST_first,99,25_5_133,CD,4,0.3160276875895292,0.6839723124104707,4
25,VST_first,100,25_5_134,VD,4,0.2830740663213412,0.7169259336786588,5
25,VST_first,101,25_5_135,CD,4,0.3230228323108093,0.6769771676891907,4
25,VST_first,102,25_5_136,CD,4,0.09890545605340384,0.9010945439465962,4
25,VST_first,103,25_5_137,CD,4,0.3214749291554528,0.6785250708445473,4
25,VST_first,104,25_5_138,CD,4,0.4043625150856956,0.5956374849143045,3
25,VST_first,105,25_5_139,VD,4,0.33876115467960966,0.6612388453203903,4
25,VST_first,106,25_5_140,CD,4,0.32491905764814744,0.6750809423518526,4
25,VST_first,107,25_5_141,CD,4,0.2916941412650643,0.7083058587349357,5
25,VST_first,110,25_5_144,CD,4,0.3449382431581073,0.6550617568418927,3
25,VST_first,111,25_5_145,CD,4,0.3486537662368317,0.6513462337631682,4
25,VST_first,112,25_5_146,CD,4,0.2897580643382214,0.7102419356617786,5
25,VST_first,113,25_5_147,VD,4,0.3415789608174419,0.6584210391825581,4
25,VST_first,114,25_5_148,VD,4,0.09288294440842793,0.9071170555915721,3
25,VST_first,115,25_5_149,CD,4,0.6783538913146638,0.32164610868533616,3
25,VST_first,116,25_5_150,CD,4,0.5216554947996879,0.4783445052003121,2
25,VST_first,117,25_5_151,VD,4,0.5162409410360242,0.4837590589639757,2
25,VST_first,119,25_5_153,CD,4,0.09911554624412051,0.9008844537558796,4
25,VST_first,121,25_5_155,VD,4,0.09233734931228688,0.9076626506877131,3
25,VST_first,122,25_5_156,CD,4,0.31587452575647607,0.6841254742435239,4
25,VST_first,124,25_5_158,VD,4,0.1002985302748044,0.8997014697251957,4
25,VST_first,125,25_5_159,VD,4,0.27427686800451206,0.725723131995488,3
25,VST_first,126,25_6_161,CD,5,0.0963246235043086,0.9036753764956913,3
25,VST_first,128,25_6_163,VD,5,0.12513066230658437,0.8748693376934156,4
25,VST_first,129,25_6_164,CD,5,0.11138971873332568,0.8886102812666743,4
25,VST_first,130,25_6_165,CD,5,0.09852483594627529,0.9014751640537247,3
25,VST_first,131,25_6_166,CD,5,0.3990302784465755,0.6009697215534245,3
25,VST_first,132,25_6_167,CD,5,0.3489369928844439,0.6510630071155561,4
25,VST_first,133,25_6_168,CD,5,0.36491322565403517,0.6350867743459648,4
25,VST_first,134,25_6_169,CD,5,0.1003983092722536,0.8996016907277464,4
25,VST_first,136,25_6_171,VD,5,0.38253932686324876,0.6174606731367513,3
25,VST_first,137,25_6_172,VD,5,0.39474529635541833,0.6052547036445817,3
25,VST_first,139,25_6_174,VD,5,0.5143759787237827,0.4856240212762173,2
25,VST_first,140,25_6_175,VD,5,0.34285055448352264,0.6571494455164774,4
25,VST_first,141,25_6_176,VD,5,0.5046776823640888,0.49532231763591117,3
25,VST_first,142,25_6_177,CD,5,0.1946494816401962,0.8053505183598039,4
25,VST_first,143,25_6_178,VD,5,0.5141109604134417,0.48588903958655827,2
25,VST_first,144,25_6_179,VD,5,0.27203339187162,0.7279666081283801,3
25,VST_first,146,25_6_181,CD,5,0.49279656817682027,0.5072034318231797,4
25,VST_first,147,25_6_182,CD,5,0.2500368559738975,0.7499631440261025,4
25,VST_first,148,25_6_183,CD,5,0.3547398948774645,0.6452601051225355,4
25,VST_first,150,25_6_185,VD,5,0.5604627457480733,0.4395372542519267,4
25,VST_first,151,25_6_186,VD,5,0.31718671439279933,0.6828132856072007,4
25,VST_first,152,25_6_188,CD,5,0.7103326654964315,0.28966733450356846,3
25,VST_first,153,25_6_189,CD,5,0.10255292655558142,0.8974470734444187,4
25,VST_first,156,25_6_192,CD,5,0.09898293460480183,0.9010170653951981,4
25,VST_first,157,25_7_193,CD,6,0.1842465090719809,0.8157534909280191,4
25,VST_first,158,25_7_194,CD,6,0.41947635007995054,0.5805236499200495,4
25,VST_first,159,25_7_195,VD,6,0.2551899671820876,0.7448100328179124,4
25,VST_first,160,25_7_196,CD,6,0.1300250785865766,0.8699749214134235,4
25,VST_first,161,25_7_197,CD,6,0.3720281600235439,0.627971839976456,3
25,VST_first,162,25_7_198,VD,6,0.537046053964101,0.4629539460358991,6
25,VST_first,163,25_7_199,CD,6,0.3306166129752193,0.6693833870247806,5
25,VST_first,164,25_7_200,CD,6,0.3045984607908414,0.6954015392091587,5
25,VST_first,165,25_7_201,VD,6,0.11122096917501437,0.8887790308249857,4
25,VST_first,166,25_7_202,CD,6,0.5140316609805153,0.48596833901948466,2
25,VST_first,167,25_7_203,CD,6,0.2750747793578551,0.7249252206421448,5
25,VST_first,168,25_7_204,VD,6,0.4863852861435314,0.5136147138564686,5
25,VST_first,170,25_7_206,VD,6,0.32158437601630196,0.678415623983698,4
25,VST_first,171,25_7_207,CD,6,0.23892827658402846,0.7610717234159715,5
25,VST_first,172,25_7_208,CD,6,0.6395160322476241,0.3604839677523759,2
25,VST_first,173,25_7_209,VD,6,0.32466126382010807,0.6753387361798919,4
25,VST_first,174,25_7_210,VD,6,0.40413978381623866,0.5958602161837613,5
25,VST_first,175,25_7_211,VD,6,0.38390334703843526,0.6160966529615648,3
25,VST_first,176,25_7_212,VD,6,0.2397221828495128,0.7602778171504873,4
25,VST_first,177,25_7_213,VD,6,0.19535850993416767,0.8046414900658323,4
25,VST_first,178,25_7_214,CD,6,0.5151683223299425,0.4848316776700575,2
25,VST_first,179,25_7_215,VD,6,0.38546709154253933,0.6145329084574607,3
25,VST_first,180,25_7_216,VD,6,0.10007184067361646,0.8999281593263836,3
25,VST_first,181,25_7_217,VD,6,0.11879235052561275,0.8812076494743872,3
25,VST_first,182,25_7_218,CD,6,0.4221017484451734,0.5778982515548265,5
25,VST_first,183,25_7_219,VD,6,0.2775207794773177,0.7224792205226823,5
25,VST_first,185,25_7_221,CD,6,0.11298126418737323,0.8870187358126267,4
25,VST_first,187,25_7_223,VD,6,0.6175758344409736,0.3824241655590263,3
25,VST_first,188,25_7_224,CD,6,0.11478516596715681,0.8852148340328432,4
25,VST_first,189,25_8_225,CD,7,0.382713426502331,0.617286573497669,3
25,VST_first,190,25_8_226,CD,7,0.3835691988237261,0.6164308011762739,3
25,VST_first,191,25_8_227,VD,7,0.09900110813722002,0.9009988918627799,4
25,VST_first,192,25_8_228,VD,7,0.40557778800363264,0.5944222119963674,3
25,VST_first,193,25_8_229,CD,7,0.5567590521180105,0.44324094788198953,4
25,VST_first,195,25_8_231,CD,7,0.09968007930706585,0.9003199206929341,4
25,VST_first,197,25_8_233,CD,7,0.6759381352470376,0.3240618647529624,3
25,VST_first,198,25_8_234,VD,7,0.27803672636772003,0.72196327363228,5
25,VST_first,199,25_8_235,CD,7,0.289275138841543,0.710724861158457,5
25,VST_first,200,25_8_237,VD,7,0.13981060572485524,0.8601893942751448,4
25,VST_first,202,25_8_239,VD,7,0.5216554947996879,0.4783445052003121,2
25,VST_first,204,25_8_241,VD,7,0.10040054285237308,0.8995994571476269,4
25,VST_first,205,25_8_242,CD,7,0.3921944967515084,0.6078055032484916,3
25,VST_first,206,25_8_243,CD,7,0.11254106193709404,0.8874589380629059,4
25,VST_first,207,25_8_244,VD,7,0.19863561408409036,0.8013643859159096,4
25,VST_first,208,25_8_245,CD,7,0.31425264679049136,0.6857473532095086,4
25,VST_first,209,25_8_246,VD,7,0.1251263738457332,0.8748736261542668,3
25,VST_first,210,25_8_247,CD,7,0.10448126536751334,0.8955187346324867,3
25,VST_first,211,25_8_248,CD,7,0.7189793845128853,0.28102061548711466,3
25,VST_first,212,25_8_249,CD,7,0.5354072636619676,0.46459273633803233,4
25,VST_first,213,25_8_250,CD,7,0.5211435143424554,0.4788564856575446,2
25,VST_first,214,25_8_251,CD,7,0.4193939126380527,0.5806060873619473,5
25,VST_first,215,25_8_252,VD,7,0.6210530773491865,0.37894692265081353,3
25,VST_first,216,25_8_253,VD,7,0.10286885331688078,0.8971311466831192,4
25,VST_first,217,25_8_254,VD,7,0.2679159803105236,0.7320840196894765,4
25,VST_first,218,25_8_255,VD,7,0.09983234725395099,0.9001676527460489,4
25,VST_first,219,25_8_256,VD,7,0.22739142470096346,0.7726085752990365,4
25,VST_first,221,25_9_258,VD,8,0.10431362367700671,0.8956863763229933,4
25,VST_first,222,25_9_259,CD,8,0.1042455296522754,0.8957544703477246,4
25,VST_first,223,25_9_260,VD,8,0.1221510271570587,0.8778489728429413,4
25,VST_first,224,25_9_261,VD,8,0.6752522924991914,0.3247477075008085,3
25,VST_first,225,25_9_262,VD,8,0.0956079135945691,0.9043920864054309,3
25,VST_first,226,25_9_263,CD,8,0.12350582930611625,0.8764941706938838,4
25,VST_first,227,25_9_264,VD,8,0.2720124689564628,0.7279875310435372,4
25,VST_first,228,25_9_265,VD,8,0.40496345962801,0.5950365403719899,3
25,VST_first,229,25_9_266,VD,8,0.3154180611017203,0.6845819388982797,4
25,VST_first,230,25_9_267,VD,8,0.18796761443272542,0.8120323855672746,3
25,VST_first,231,25_9_268,CD,8,0.25588533654297946,0.7441146634570205,5
25,VST_first,232,25_9_269,CD,8,0.33229024578874244,0.6677097542112576,4
25,VST_first,233,25_9_270,VD,8,0.5141109604134417,0.48588903958655827,2
25,VST_first,234,25_9_271,CD,8,0.11163760539264364,0.8883623946073563,4
25,VST_first,235,25_9_272,VD,8,0.42382913176703124,0.5761708682329687,4
25,VST_first,239,25_9_276,CD,8,0.32181331833543647,0.6781866816645635,4
25,VST_first,240,25_9_277,CD,8,0.24984134840642072,0.7501586515935793,4
25,VST_first,242,25_9_279,VD,8,0.10233986817562296,0.897660131824377,4
25,VST_first,243,25_9_280,VD,8,0.12486893335603552,0.8751310666439645,4
25,VST_first,244,25_9_281,VD,8,0.11028083389112595,0.8897191661088741,3
25,VST_first,245,25_9_282,CD,8,0.12792937389614678,0.8720706261038532,4
25,VST_first,246,25_9_283,CD,8,0.12829690973489208,0.871703090265108,4
25,VST_first,247,25_9_284,CD,8,0.5593569136095661,0.4406430863904339,4
25,VST_first,250,25_9_287,VD,8,0.09865666310176471,0.9013433368982353,4
26,RSVP_first,1,26_2_33,CD,1,0.430389061341352,0.569610938658648,3
26,RSVP_first,2,26_2_34,VD,1,0.5147736591067572,0.48522634089324274,2
26,RSVP_first,4,26_2_36,VD,1,0.4074509604086912,0.5925490395913088,3
26,RSVP_first,5,26_2_37,CD,1,0.5049958494823891,0.49500415051761093,2
26,RSVP_first,6,26_2_38,VD,1,0.3845854261600342,0.6154145738399658,3
26,RSVP_first,7,26_2_39,VD,1,0.32682421935876854,0.6731757806412315,3
26,RSVP_first,8,26_2_40,CD,1,0.5153373123650038,0.48466268763499615,2
26,RSVP_first,9,26_2_41,CD,1,0.10773581847516045,0.8922641815248396,4
26,RSVP_first,10,26_2_42,CD,1,0.34927045890704644,0.6507295410929537,4
26,RSVP_first,11,26_2_43,CD,1,0.1037753455969583,0.8962246544030417,3
26,RSVP_first,12,26_2_44,VD,1,0.44723564125607657,0.5527643587439235,4
26,RSVP_first,13,26_2_45,VD,1,0.5189832662897024,0.4810167337102976,2
26,RSVP_first,15,26_2_47,VD,1,0.10145930864334005,0.8985406913566599,4
26,RSVP_first,16,26_2_48,VD,1,0.2390509147382592,0.7609490852617408,3
26,RSVP_first,17,26_2_49,VD,1,0.38503996429291915,0.6149600357070808,3
26,RSVP_first,18,26_2_50,CD,1,0.48541581689077473,0.5145841831092253,2
26,RSVP_first,20,26_2_52,CD,1,0.11048976117998956,0.8895102388200105,4
26,RSVP_first,21,26_2_53,CD,1,0.12436587173419086,0.8756341282658091,3
26,RSVP_first,22,26_2_54,VD,1,0.09924771470467392,0.900752285295326,4
26,RSVP_first,23,26_2_55,VD,1,0.45442351885505183,0.5455764811449482,2
26,RSVP_first,24,26_2_56,CD,1,0.11228083319210687,0.8877191668078931,4
26,RSVP_first,25,26_2_57,VD,1,0.11079563000590979,0.8892043699940901,4
26,RSVP_first,26,26_2_58,CD,1,0.12502049300630863,0.8749795069936914,3
26,RSVP_first,27,26_2_59,CD,1,0.23337756240430532,0.7666224375956946,3
26,RSVP_first,29,26_2_61,CD,1,0.48030369113496707,0.5196963088650329,3
26,RSVP_first,30,26_2_62,CD,1,0.13564547358566556,0.8643545264143344,3
26,RSVP_first,31,26_2_63,CD,1,0.5526640562089697,0.4473359437910302,2
26,RSVP_first,32,26_2_64,VD,1,0.09607813523278061,0.9039218647672194,3
26,RSVP_first,35,26_3_67,CD,2,0.1028498652519621,0.897150134748038,4
26,RSVP_first,36,26_3_68,CD,2,0.5210403104223492,0.47895968957765084,2
26,RSVP_first,37,26_3_69,VD,2,0.3235786791470683,0.6764213208529317,4
26,RSVP_first,38,26_3_70,CD,2,0.11743231305398186,0.8825676869460182,3
26,RSVP_first,39,26_3_71,CD,2,0.08689367875832538,0.9131063212416746,2
26,RSVP_first,41,26_3_73,VD,2,0.36036513067109055,0.6396348693289093,4
26,RSVP_first,42,26_3_74,VD,2,0.31957650286164463,0.6804234971383554,4
26,RSVP_first,43,26_3_75,VD,2,0.10497915971113966,0.8950208402888604,3
26,RSVP_first,44,26_3_76,VD,2,0.9996749366385165,3.2506336148353755e-4,2
26,RSVP_first,45,26_3_77,VD,2,0.3935284243348254,0.6064715756651746,3
26,RSVP_first,46,26_3_78,CD,2,0.10575858740294355,0.8942414125970564,4
26,RSVP_first,47,26_3_79,CD,2,0.09261602202237097,0.907383977977629,3
26,RSVP_first,48,26_3_80,CD,2,0.5053684155438385,0.4946315844561615,2
26,RSVP_first,49,26_3_81,VD,2,0.18304751896156038,0.8169524810384396,3
26,RSVP_first,50,26_3_82,CD,2,0.9771228410956809,0.02287715890431908,2
26,RSVP_first,51,26_3_83,CD,2,0.40070785677694976,0.5992921432230502,3
26,RSVP_first,52,26_3_84,VD,2,0.11758985048076911,0.8824101495192309,4
26,RSVP_first,53,26_3_85,CD,2,0.6476452632214024,0.3523547367785977,5
26,RSVP_first,54,26_3_86,CD,2,0.09968387244607414,0.9003161275539259,4
26,RSVP_first,56,26_3_88,VD,2,0.2948605213150444,0.7051394786849556,3
26,RSVP_first,57,26_3_89,VD,2,0.6795296944687799,0.32047030553122013,2
26,RSVP_first,58,26_3_90,VD,2,0.12071291655583233,0.8792870834441677,4
26,RSVP_first,59,26_3_91,VD,2,0.10779073170404117,0.8922092682959588,4
26,RSVP_first,60,26_3_92,VD,2,0.13184763607694006,0.8681523639230598,4
26,RSVP_first,61,26_3_93,CD,2,0.19257646407627013,0.80742353592373,3
26,RSVP_first,62,26_3_94,CD,2,0.14266904968586785,0.8573309503141321,3
26,RSVP_first,63,26_3_95,VD,2,0.41323007441036586,0.5867699255896341,3
26,RSVP_first,64,26_3_96,CD,2,0.09764208578592404,0.902357914214076,3
26,RSVP_first,65,26_4_97,VD,3,0.11042084601651216,0.8895791539834879,4
26,RSVP_first,66,26_4_98,VD,3,0.10272793978116625,0.8972720602188338,4
26,RSVP_first,67,26_4_99,VD,3,0.5506248046768012,0.4493751953231988,2
26,RSVP_first,68,26_4_100,CD,3,0.09150170923976704,0.9084982907602329,3
26,RSVP_first,70,26_4_102,VD,3,0.11134260783309406,0.888657392166906,3
26,RSVP_first,71,26_4_103,CD,3,0.5172689486031135,0.4827310513968865,2
26,RSVP_first,72,26_4_104,CD,3,0.28140376546863616,0.7185962345313638,5
26,RSVP_first,74,26_4_106,CD,3,0.5152776775981253,0.4847223224018747,3
26,RSVP_first,75,26_4_107,VD,3,0.637945315672682,0.3620546843273179,3
26,RSVP_first,76,26_4_108,CD,3,0.13240470671892166,0.8675952932810783,3
26,RSVP_first,77,26_4_109,VD,3,0.5194789216827469,0.48052107831725305,2
26,RSVP_first,78,26_4_110,VD,3,0.7126898109552707,0.2873101890447292,2
26,RSVP_first,79,26_4_111,VD,3,0.5459251483466563,0.4540748516533437,2
26,RSVP_first,80,26_4_112,VD,3,0.32843798960994236,0.6715620103900576,3
26,RSVP_first,81,26_4_113,VD,3,0.10604098691949619,0.8939590130805039,3
26,RSVP_first,82,26_4_114,VD,3,0.13722103062496266,0.8627789693750373,4
26,RSVP_first,83,26_4_116,CD,3,0.0868414412574992,0.9131585587425008,2
26,RSVP_first,84,26_4_117,VD,3,0.38341631474707066,0.6165836852529294,3
26,RSVP_first,86,26_4_119,CD,3,0.39007859234148456,0.6099214076585154,3
26,RSVP_first,87,26_4_120,CD,3,0.3982826674211102,0.6017173325788898,3
26,RSVP_first,88,26_4_121,VD,3,0.11619432001287677,0.8838056799871232,4
26,RSVP_first,89,26_4_122,CD,3,0.1064588345263609,0.8935411654736392,4
26,RSVP_first,90,26_4_123,VD,3,0.4498683363861891,0.5501316636138109,3
26,RSVP_first,91,26_4_124,CD,3,0.1196476403340439,0.8803523596659562,3
26,RSVP_first,93,26_4_126,CD,3,0.11724041247347844,0.8827595875265215,4
26,RSVP_first,94,26_4_127,CD,3,0.1035020599270489,0.8964979400729511,4
26,RSVP_first,95,26_4_128,VD,3,0.10257211279825228,0.8974278872017477,4
26,RSVP_first,96,26_5_129,CD,4,0.38470143400065493,0.6152985659993451,3
26,RSVP_first,97,26_5_130,CD,4,0.09178629524918774,0.9082137047508122,3
26,RSVP_first,98,26_5_131,VD,4,0.3369610231946584,0.6630389768053416,4
26,RSVP_first,99,26_5_132,CD,4,0.10327987062158825,0.8967201293784117,4
26,RSVP_first,100,26_5_133,CD,4,0.11423301224016989,0.8857669877598301,4
26,RSVP_first,101,26_5_134,CD,4,0.54771450341601,0.45228549658398987,2
26,RSVP_first,102,26_5_135,CD,4,0.3811978590979534,0.6188021409020465,3
26,RSVP_first,103,26_5_136,VD,4,0.39613722083463615,0.6038627791653639,3
26,RSVP_first,104,26_5_137,VD,4,0.28127768713222245,0.7187223128677775,4
26,RSVP_first,105,26_5_138,CD,4,0.1314834202281544,0.8685165797718457,4
26,RSVP_first,107,26_5_140,VD,4,0.10928372505161062,0.8907162749483893,3
26,RSVP_first,109,26_5_142,CD,4,0.5147736591067572,0.48522634089324274,2
26,RSVP_first,110,26_5_143,CD,4,0.31850226102056967,0.6814977389794303,4
26,RSVP_first,111,26_5_144,VD,4,0.09733336626877137,0.9026666337312286,4
26,RSVP_first,112,26_5_145,CD,4,0.9022526167680094,0.09774738323199071,2
26,RSVP_first,114,26_5_147,CD,4,0.3865865063849102,0.6134134936150898,3
26,RSVP_first,115,26_5_148,VD,4,0.16299946613464558,0.8370005338653544,4
26,RSVP_first,116,26_5_149,VD,4,0.19827462280147928,0.8017253771985207,3
26,RSVP_first,117,26_5_150,VD,4,0.5238242070352374,0.47617579296476265,2
26,RSVP_first,118,26_5_151,VD,4,0.3570508880735994,0.6429491119264006,3
26,RSVP_first,119,26_5_152,CD,4,0.5545110436597178,0.4454889563402822,2
26,RSVP_first,120,26_5_153,CD,4,0.5533112459827517,0.4466887540172483,2
26,RSVP_first,121,26_5_154,VD,4,0.09603350582010368,0.9039664941798964,3
26,RSVP_first,123,26_5_156,VD,4,0.2548109184437717,0.7451890815562283,3
26,RSVP_first,124,26_5_157,CD,4,0.10410911836899894,0.8958908816310011,4
26,RSVP_first,125,26_5_158,CD,4,0.8692318009347164,0.13076819906528359,3
26,RSVP_first,126,26_5_159,VD,4,0.5140328213632861,0.48596717863671385,2
26,RSVP_first,128,26_6_161,VD,5,0.728197035966637,0.27180296403336307,3
26,RSVP_first,129,26_6_162,VD,5,0.10084356465976313,0.8991564353402368,3
26,RSVP_first,130,26_6_163,CD,5,0.09957740899056884,0.9004225910094312,3
26,RSVP_first,131,26_6_165,CD,5,0.40666376857305153,0.5933362314269485,3
26,RSVP_first,132,26_6_166,VD,5,0.11739678990720641,0.8826032100927936,4
26,RSVP_first,133,26_6_167,VD,5,0.9068144944233087,0.09318550557669135,2
26,RSVP_first,134,26_6_168,CD,5,0.5139072028708299,0.4860927971291701,2
26,RSVP_first,135,26_6_169,VD,5,0.22609898121110483,0.7739010187888952,3
26,RSVP_first,136,26_6_170,CD,5,0.5576613837610057,0.4423386162389943,2
26,RSVP_first,137,26_6_171,VD,5,0.13470674903406363,0.8652932509659363,3
26,RSVP_first,138,26_6_172,CD,5,0.5597461501189317,0.44025384988106825,2
26,RSVP_first,139,26_6_173,CD,5,0.3947544022243337,0.6052455977756662,3
26,RSVP_first,140,26_6_174,CD,5,0.600911726725073,0.399088273274927,4
26,RSVP_first,141,26_6_175,VD,5,0.10091191584979875,0.89908808415020125,4
26,RSVP_first,142,26_6_176,VD,5,0.11249031239013475,0.88750968760986515,3
26,RSVP_first,143,26_6_177,VD,5,0.5393184825818228,0.4606815174181772,2
26,RSVP_first,145,26_6_179,CD,5,0.09975136727595826,0.9002486327240418,4
26,RSVP_first,146,26_6_180,VD,5,0.11276421165679977,0.8872357883432003,3
26,RSVP_first,147,26_6_182,VD,5,0.509676575576302,0.49032342442369814,2
26,RSVP_first,148,26_6_184,CD,5,0.10975788779591014,0.8902421122040899,4
26,RSVP_first,149,26_6_186,CD,5,0.5211435143424554,0.4788564856575446,2
26,RSVP_first,150,26_6_187,CD,5,0.3819257674801673,0.6180742325198327,3
26,RSVP_first,151,26_6_188,VD,5,0.42684337552628,0.5731566244737201,3
26,RSVP_first,152,26_6_189,CD,5,0.3478516025330486,0.6521483974669514,4
26,RSVP_first,153,26_6_190,VD,5,0.10056749844641565,0.8994325015535842,4
26,RSVP_first,155,26_6_192,CD,5,0.10758980455936906,0.8924101954406309,3
26,RSVP_first,156,26_7_194,CD,6,0.5789280607339264,0.42107193926607356,4
26,RSVP_first,157,26_7_195,CD,6,0.334125229834486,0.665874770165514,5
26,RSVP_first,159,26_7_197,VD,6,0.30150021999385945,0.6984997800061405,4
26,RSVP_first,160,26_7_198,VD,6,0.39009999194583395,0.6099000080541661,3
26,RSVP_first,161,26_7_199,CD,6,0.5185153963681497,0.48148460363185025,2
26,RSVP_first,162,26_7_200,VD,6,0.10067121001666574,0.8993287899833342,4
26,RSVP_first,164,26_7_202,VD,6,0.3278240761101936,0.6721759238898064,4
26,RSVP_first,165,26_7_203,CD,6,0.22165951955962948,0.7783404804403705,3
26,RSVP_first,166,26_7_204,CD,6,0.10571112092627924,0.8942888790737208,4
26,RSVP_first,168,26_7_206,CD,6,0.5056282139232896,0.4943717860767104,5
26,RSVP_first,169,26_7_207,CD,6,0.09719435285217204,0.902805647147828,2
26,RSVP_first,170,26_7_208,VD,6,0.11441642088190757,0.8855835791180924,4
26,RSVP_first,171,26_7_210,CD,6,0.31550694512333033,0.6844930548766697,4
26,RSVP_first,172,26_7_211,VD,6,0.10605125303855256,0.8939487469614474,4
26,RSVP_first,173,26_7_212,VD,6,0.10355178204484453,0.8964482179551555,4
26,RSVP_first,175,26_7_214,CD,6,0.0969033636372322,0.9030966363627678,3
26,RSVP_first,177,26_7_217,CD,6,0.5374074264224562,0.4625925735775437,2
26,RSVP_first,178,26_7_218,CD,6,0.20677361415498371,0.7932263858450163,3
26,RSVP_first,179,26_7_219,VD,6,0.5325943634804894,0.46740563651951056,3
26,RSVP_first,180,26_7_220,VD,6,0.5271189706737092,0.4728810293262908,2
26,RSVP_first,181,26_7_221,CD,6,0.525265351417008,0.4747346485829921,2
26,RSVP_first,182,26_7_222,CD,6,0.5593387136514858,0.4406612863485142,3
26,RSVP_first,183,26_7_223,VD,6,0.34604250927959535,0.6539574907204047,3
26,RSVP_first,184,26_7_224,CD,6,0.2983589229380813,0.7016410770619187,4
26,RSVP_first,185,26_8_225,CD,7,0.534617769220403,0.46538223077959695,4
26,RSVP_first,186,26_8_226,VD,7,0.3887630061054317,0.6112369938945683,3
26,RSVP_first,187,26_8_228,CD,7,0.3275353332071608,0.6724646667928393,4
26,RSVP_first,188,26_8_229,CD,7,0.10703296826779142,0.8929670317322085,4
26,RSVP_first,189,26_8_230,VD,7,0.3838517543283114,0.6161482456716886,3
26,RSVP_first,190,26_8_231,CD,7,0.9411270245198233,0.05887297548017662,2
26,RSVP_first,191,26_8_232,CD,7,0.1013221010504348,0.8986778989495652,4
26,RSVP_first,192,26_8_233,CD,7,0.5176591262570529,0.48234087374294704,2
26,RSVP_first,193,26_8_234,VD,7,0.24322412831673906,0.7567758716832609,4
26,RSVP_first,194,26_8_235,CD,7,0.3235018894335313,0.6764981105664687,4
26,RSVP_first,195,26_8_236,VD,7,0.9892994451760031,0.010700554823996936,2
26,RSVP_first,196,26_8_237,CD,7,0.10979954712486002,0.89020045287514,4
26,RSVP_first,197,26_8_238,CD,7,0.09898491333842917,0.9010150866615708,4
26,RSVP_first,198,26_8_239,CD,7,0.33856051112541213,0.6614394888745878,4
26,RSVP_first,199,26_8_240,VD,7,0.3185589264650026,0.6814410735349974,4
26,RSVP_first,200,26_8_241,VD,7,0.10061624044411598,0.899383759555884,4
26,RSVP_first,201,26_8_242,VD,7,0.3836330866518721,0.6163669133481279,3
26,RSVP_first,202,26_8_243,VD,7,0.258727600161334,0.741272399838666,5
26,RSVP_first,203,26_8_244,VD,7,0.3445814658888794,0.6554185341111206,4
26,RSVP_first,204,26_8_245,VD,7,0.38116040808488455,0.6188395919151154,3
26,RSVP_first,205,26_8_246,CD,7,0.5149142303259509,0.4850857696740492,2
26,RSVP_first,206,26_8_247,VD,7,0.10373559526148761,0.8962644047385123,3
26,RSVP_first,207,26_8_248,VD,7,0.3690396418323254,0.6309603581676746,4
26,RSVP_first,208,26_8_249,VD,7,0.38595535297700245,0.6140446470229975,3
26,RSVP_first,211,26_8_252,CD,7,0.9754130190769381,0.024586980923061955,2
26,RSVP_first,212,26_8_253,CD,7,0.33698158302702896,0.663018416972971,3
26,RSVP_first,214,26_8_256,CD,7,0.5006032845950958,0.49939671540490427,2
26,RSVP_first,215,26_9_257,CD,8,0.11044818217725672,0.8895518178227433,4
26,RSVP_first,216,26_9_258,CD,8,0.12399551238717961,0.8760044876128203,4
26,RSVP_first,217,26_9_259,VD,8,0.13329380651038136,0.8667061934896186,4
26,RSVP_first,219,26_9_261,CD,8,0.7760776641063656,0.22392233589363442,2
26,RSVP_first,220,26_9_262,VD,8,0.10655519458996593,0.8934448054100341,4
26,RSVP_first,221,26_9_263,VD,8,0.32727679522129643,0.6727232047787036,3
26,RSVP_first,222,26_9_264,CD,8,0.10973482894202237,0.8902651710579776,4
26,RSVP_first,223,26_9_265,CD,8,0.5145053708702474,0.48549462912975266,2
26,RSVP_first,225,26_9_267,CD,8,0.13813479553133975,0.8618652044686603,3
26,RSVP_first,227,26_9_269,VD,8,0.10879155701672247,0.8912084429832775,4
26,RSVP_first,228,26_9_270,CD,8,0.3244612571931188,0.6755387428068812,4
26,RSVP_first,229,26_9_271,CD,8,0.10914945684212624,0.8908505431578737,4
26,RSVP_first,230,26_9_272,VD,8,0.11505576054996675,0.8849442394500333,3
26,RSVP_first,232,26_9_274,VD,8,0.3271614579536809,0.6728385420463191,4
26,RSVP_first,235,26_9_277,VD,8,0.10114175625434191,0.8988582437456581,3
26,RSVP_first,236,26_9_278,CD,8,0.0947715822228729,0.9052284177771271,3
26,RSVP_first,237,26_9_279,VD,8,0.5210339874808424,0.4789660125191576,2
26,RSVP_first,238,26_9_280,VD,8,0.18821086315305316,0.8117891368469469,3
26,RSVP_first,239,26_9_281,VD,8,0.5346598039711677,0.46534019602883225,4
26,RSVP_first,240,26_9_282,CD,8,0.1708841117031056,0.8291158882968944,3
26,RSVP_first,242,26_9_284,VD,8,0.11081220438396183,0.8891877956160382,4
26,RSVP_first,243,26_9_285,VD,8,0.31816309439033097,0.681836905609669,4
26,RSVP_first,245,26_9_287,CD,8,0.11413751350976324,0.8858624864902367,3
27,VST_first,2,27_2_34,CD,1,0.6292674942054959,0.37073250579450406,2
27,VST_first,4,27_2_36,VD,1,0.3219758559958648,0.6780241440041352,3
27,VST_first,6,27_2_38,CD,1,0.24575704877202992,0.75424295122797,3
27,VST_first,7,27_2_39,VD,1,0.32795500128706767,0.6720449987129323,4
27,VST_first,8,27_2_41,CD,1,0.43439656646433794,0.5656034335356621,3
27,VST_first,9,27_2_42,VD,1,0.6049668274017426,0.39503317259825743,2
27,VST_first,10,27_2_43,CD,1,0.12870667812136258,0.8712933218786374,4
27,VST_first,11,27_2_44,CD,1,0.6676289263231874,0.33237107367681246,2
27,VST_first,12,27_2_45,CD,1,0.45989373760834873,0.5401062623916513,2
27,VST_first,13,27_2_46,VD,1,0.3249057604519812,0.6750942395480188,3
27,VST_first,14,27_2_47,VD,1,0.16179220063175795,0.8382077993682421,4
27,VST_first,15,27_2_48,CD,1,0.09839255719954004,0.90160744280046,4
27,VST_first,16,27_2_49,VD,1,0.12548895732030058,0.8745110426796995,3
27,VST_first,17,27_2_51,VD,1,0.5486321138871095,0.45136788611289047,2
27,VST_first,18,27_2_52,CD,1,0.10083026332082609,0.8991697366791739,4
27,VST_first,19,27_2_53,VD,1,0.38819301640263443,0.6118069835973656,3
27,VST_first,20,27_2_54,CD,1,0.3445011028484519,0.655498897151548,3
27,VST_first,21,27_2_59,VD,1,0.9684268045531623,0.03157319544683771,2
27,VST_first,22,27_2_60,CD,1,0.24568851140452508,0.7543114885954749,4
27,VST_first,23,27_2_62,CD,1,0.39005139191017796,0.609948608089822,3
27,VST_first,26,27_3_66,CD,2,0.5161608595279391,0.48383914047206095,2
27,VST_first,27,27_3_67,CD,2,0.12837122550178154,0.8716287744982185,3
27,VST_first,28,27_3_68,VD,2,0.3831408411507135,0.6168591588492865,3
27,VST_first,29,27_3_69,CD,2,0.7344803676456287,0.26551963235437126,2
27,VST_first,30,27_3_70,VD,2,0.38427846044888997,0.6157215395511101,3
27,VST_first,31,27_3_71,CD,2,0.10877456781119751,0.8912254321888025,4
27,VST_first,33,27_3_75,VD,2,0.5508230918252094,0.44917690817479056,3
27,VST_first,34,27_3_77,VD,2,0.2742165709074254,0.7257834290925747,4
27,VST_first,35,27_3_80,CD,2,0.521135861812654,0.4788641381873461,2
27,VST_first,36,27_3_81,CD,2,0.5141066122915907,0.48589338770840934,2
27,VST_first,37,27_3_82,VD,2,0.5368760479236505,0.4631239520763494,2
27,VST_first,39,27_3_84,VD,2,0.14805225076684572,0.8519477492331543,3
27,VST_first,40,27_3_85,CD,2,0.33044049238963114,0.6695595076103689,3
27,VST_first,43,27_3_88,CD,2,0.13611831930513554,0.8638816806948645,3
27,VST_first,44,27_3_89,CD,2,0.13986832945676927,0.8601316705432307,3
27,VST_first,45,27_3_90,VD,2,0.11995724718425774,0.8800427528157423,4
27,VST_first,46,27_3_92,CD,2,0.12028556691736966,0.8797144330826303,4
27,VST_first,47,27_3_93,CD,2,0.39439367703108663,0.6056063229689134,3
27,VST_first,49,27_3_96,CD,2,0.34780074420746465,0.6521992557925353,3
27,VST_first,50,27_4_97,CD,3,0.10801123802668404,0.891988761973316,3
27,VST_first,51,27_4_98,VD,3,0.3906434390686081,0.6093565609313919,3
27,VST_first,52,27_4_99,VD,3,0.5034510934722849,0.4965489065277151,2
27,VST_first,53,27_4_100,VD,3,0.4305087618445371,0.5694912381554629,3
27,VST_first,55,27_4_102,VD,3,0.18532477562146937,0.8146752243785307,3
27,VST_first,56,27_4_103,CD,3,0.10071211049783743,0.8992878895021625,4
27,VST_first,57,27_4_104,VD,3,0.5386684278026579,0.461331572197342,2
27,VST_first,58,27_4_105,VD,3,0.10118140774988442,0.8988185922501155,2
27,VST_first,59,27_4_106,CD,3,0.3213023863044123,0.6786976136955877,4
27,VST_first,61,27_4_108,VD,3,0.32357988530575504,0.676420114694245,4
27,VST_first,62,27_4_109,CD,3,0.10005896470440206,0.8999410352955979,4
27,VST_first,63,27_4_110,CD,3,0.3839322349542855,0.6160677650457145,3
27,VST_first,64,27_4_111,CD,3,0.09479694564825566,0.9052030543517444,3
27,VST_first,66,27_4_113,CD,3,0.11200450535003,0.88799549464997,4
27,VST_first,67,27_4_114,VD,3,0.1052601484518584,0.8947398515481416,4
27,VST_first,69,27_4_116,VD,3,0.2647923296649267,0.7352076703350734,2
27,VST_first,71,27_4_118,VD,3,0.10264911072084343,0.8973508892791565,4
27,VST_first,72,27_4_119,VD,3,0.5020337717023164,0.49796622829768356,2
27,VST_first,73,27_4_120,CD,3,0.319893435943999,0.680106564056001,4
27,VST_first,74,27_4_121,VD,3,0.09997780555995818,0.9000221944400418,3
27,VST_first,75,27_4_122,CD,3,0.30530112991903735,0.6946988700809626,3
27,VST_first,76,27_4_123,CD,3,0.5172689486031135,0.4827310513968865,2
27,VST_first,77,27_4_124,CD,3,0.52903157579585,0.47096842420414997,2
27,VST_first,78,27_4_125,VD,3,0.4530468928422303,0.5469531071577697,3
27,VST_first,79,27_4_126,CD,3,0.0962455933948346,0.9037544066051654,3
27,VST_first,80,27_4_127,CD,3,0.3832316678451529,0.616768332154847,3
27,VST_first,81,27_4_128,CD,3,0.09835647357024525,0.9016435264297548,4
27,VST_first,82,27_5_129,CD,4,0.7961473272502775,0.20385267274972246,2
27,VST_first,83,27_5_130,CD,4,0.12951875620432785,0.8704812437956723,3
27,VST_first,84,27_5_131,CD,4,0.3242789467724922,0.6757210532275079,4
27,VST_first,86,27_5_133,CD,4,0.1430546109537427,0.8569453890462573,3
27,VST_first,87,27_5_134,CD,4,0.1128858355143097,0.8871141644856902,4
27,VST_first,89,27_5_136,VD,4,0.40583821450877805,0.5941617854912219,3
27,VST_first,90,27_5_137,VD,4,0.10130921675858742,0.8986907832414126,3
27,VST_first,91,27_5_138,VD,4,0.10110624648810909,0.8988937535118908,4
27,VST_first,92,27_5_139,CD,4,0.3975748562175832,0.6024251437824168,3
27,VST_first,93,27_5_140,VD,4,0.12684495477535268,0.8731550452246473,4
27,VST_first,94,27_5_141,VD,4,0.5165605514890546,0.48343944851094534,2
27,VST_first,95,27_5_142,VD,4,0.3226805833947913,0.6773194166052088,4
27,VST_first,96,27_5_143,VD,4,0.14855455097825593,0.851445449021744,3
27,VST_first,97,27_5_144,CD,4,0.3823529375186227,0.6176470624813774,3
27,VST_first,98,27_5_145,CD,4,0.38340882651170693,0.6165911734882931,3
27,VST_first,99,27_5_146,CD,4,0.12009062791036285,0.8799093720896373,3
27,VST_first,100,27_5_147,CD,4,0.48993592463536434,0.5100640753646356,3
27,VST_first,101,27_5_148,VD,4,0.5765381029402497,0.42346189705975035,2
27,VST_first,102,27_5_149,VD,4,0.10106548943041183,0.8989345105695882,4
27,VST_first,103,27_5_152,VD,4,0.3856512540405168,0.6143487459594832,3
27,VST_first,104,27_5_153,CD,4,0.11126443792867964,0.8887355620713204,4
27,VST_first,105,27_5_154,CD,4,0.5322681577688437,0.4677318422311562,3
27,VST_first,107,27_5_156,VD,4,0.11814271397688271,0.8818572860231172,3
27,VST_first,108,27_5_157,VD,4,0.5224134228038309,0.47758657719616915,2
27,VST_first,109,27_5_158,CD,4,0.10520914138777718,0.8947908586122229,4
27,VST_first,110,27_5_159,VD,4,0.2594234428931634,0.7405765571068367,3
27,VST_first,112,27_6_161,VD,5,0.09392200368683143,0.9060779963131685,3
27,VST_first,113,27_6_162,CD,5,0.11983879727385147,0.8801612027261485,4
27,VST_first,114,27_6_163,VD,5,0.5203624086886811,0.47963759131131894,2
27,VST_first,115,27_6_164,VD,5,0.09477894494052302,0.9052210550594769,3
27,VST_first,116,27_6_165,CD,5,0.31694962870064736,0.6830503712993526,4
27,VST_first,117,27_6_166,CD,5,0.09521331420119608,0.904786685798804,3
27,VST_first,118,27_6_167,CD,5,0.33865345750155995,0.66134654249844,4
27,VST_first,119,27_6_168,VD,5,0.5143759787237827,0.4856240212762173,2
27,VST_first,120,27_6_169,VD,5,0.3826249111645549,0.6173750888354451,3
27,VST_first,121,27_6_170,CD,5,0.12245746677012696,0.8775425332298731,4
27,VST_first,122,27_6_171,CD,5,0.10086259705001996,0.89913740294998,3
27,VST_first,123,27_6_172,CD,5,0.14208941964061242,0.8579105803593875,3
27,VST_first,124,27_6_173,VD,5,0.09960664606023442,0.9003933539397656,4
27,VST_first,126,27_6_175,VD,5,0.10619619078535811,0.8938038092146419,4
27,VST_first,127,27_6_176,CD,5,0.5245862250948687,0.47541377490513126,2
27,VST_first,128,27_6_177,CD,5,0.5169029994153532,0.4830970005846468,2
27,VST_first,129,27_6_178,CD,5,0.09861887011634678,0.9013811298836533,4
27,VST_first,131,27_6_180,CD,5,0.21961915673625065,0.7803808432637493,3
27,VST_first,132,27_6_181,VD,5,0.10465116213739269,0.8953488378626073,4
27,VST_first,134,27_6_183,VD,5,0.3871931257642984,0.6128068742357016,3
27,VST_first,135,27_6_184,CD,5,0.7355923922616672,0.2644076077383327,2
27,VST_first,136,27_6_185,VD,5,0.3184685476803871,0.681531452319613,4
27,VST_first,137,27_6_186,VD,5,0.32023564676957306,0.6797643532304269,4
27,VST_first,138,27_6_188,CD,5,0.10479452989809876,0.8952054701019012,4
27,VST_first,139,27_6_189,CD,5,0.10434902966629778,0.8956509703337022,4
27,VST_first,140,27_6_190,VD,5,0.1882906429565875,0.8117093570434125,3
27,VST_first,141,27_6_191,VD,5,0.10842858467886723,0.8915714153211327,4
27,VST_first,143,27_7_193,VD,6,0.11918775024007278,0.8808122497599272,3
27,VST_first,144,27_7_194,VD,6,0.14161806452281853,0.8583819354771816,4
27,VST_first,145,27_7_196,CD,6,0.11342799683874914,0.886572003161251,4
27,VST_first,146,27_7_197,CD,6,0.5143464270730403,0.4856535729269597,2
27,VST_first,147,27_7_198,CD,6,0.09742927837946842,0.9025707216205316,4
27,VST_first,148,27_7_199,CD,6,0.10194100026653849,0.8980589997334615,4
27,VST_first,149,27_7_200,CD,6,0.3856147046533007,0.6143852953466993,3
27,VST_first,150,27_7_201,VD,6,0.12819923321096063,0.8718007667890393,4
27,VST_first,151,27_7_202,VD,6,0.3241058798794758,0.6758941201205242,4
27,VST_first,152,27_7_203,VD,6,0.09713238522154369,0.9028676147784563,3
27,VST_first,154,27_7_205,VD,6,0.11144327889337134,0.8885567211066286,4
27,VST_first,155,27_7_206,CD,6,0.11191111538331153,0.8880888846166886,4
27,VST_first,156,27_7_207,CD,6,0.09587484445960635,0.9041251555403937,3
27,VST_first,157,27_7_208,CD,6,0.3846960085659008,0.6153039914340992,3
27,VST_first,158,27_7_209,VD,6,0.31837064816156646,0.6816293518384335,4
27,VST_first,159,27_7_210,CD,6,0.2581399756363714,0.7418600243636285,4
27,VST_first,160,27_7_211,CD,6,0.09953111394960071,0.9004688860503993,4
27,VST_first,161,27_7_212,CD,6,0.10184046224801455,0.8981595377519854,4
27,VST_first,162,27_7_213,CD,6,0.33216748934787016,0.6678325106521299,4
27,VST_first,163,27_7_214,VD,6,0.10756348550354887,0.8924365144964511,4
27,VST_first,164,27_7_215,CD,6,0.5180700328528033,0.4819299671471967,2
27,VST_first,165,27_7_216,VD,6,0.38584612572017396,0.6141538742798262,3
27,VST_first,166,27_7_217,VD,6,0.5154134429736363,0.4845865570263636,2
27,VST_first,169,27_7_220,VD,6,0.3867730189958041,0.6132269810041959,3
27,VST_first,170,27_7_221,VD,6,0.11925041109321538,0.8807495889067846,3
27,VST_first,171,27_7_222,VD,6,0.5140367494551353,0.48596325054486467,2
27,VST_first,174,27_8_225,VD,7,0.4112846142908669,0.5887153857091332,3
27,VST_first,175,27_8_226,CD,7,0.5147005926764545,0.4852994073235455,2
27,VST_first,176,27_8_227,VD,7,0.10327403379554262,0.8967259662044573,4
27,VST_first,177,27_8_229,CD,7,0.10780218372945434,0.8921978162705456,4
27,VST_first,178,27_8_230,VD,7,0.10649314969163352,0.8935068503083665,4
27,VST_first,179,27_8_231,VD,7,0.1214751384044857,0.8785248615955142,4
27,VST_first,180,27_8_232,VD,7,0.3334599641068683,0.6665400358931317,4
27,VST_first,181,27_8_233,CD,7,0.5140316609805153,0.48596833901948466,2
27,VST_first,182,27_8_234,CD,7,0.32748981652932985,0.6725101834706702,4
27,VST_first,183,27_8_235,VD,7,0.10796427172258133,0.8920357282774187,4
27,VST_first,184,27_8_236,CD,7,0.3842942399069058,0.6157057600930942,3
27,VST_first,186,27_8_238,CD,7,0.0980504980836955,0.9019495019163044,3
27,VST_first,188,27_8_240,CD,7,0.1255607973247657,0.8744392026752343,3
27,VST_first,189,27_8_241,CD,7,0.09251741278733538,0.9074825872126646,3
27,VST_first,190,27_8_242,VD,7,0.10117595065457,0.89882404934543,4
27,VST_first,192,27_8_244,CD,7,0.34844669654818283,0.6515533034518172,3
27,VST_first,193,27_8_245,CD,7,0.11109032092458096,0.888909679075419,4
27,VST_first,194,27_8_246,VD,7,0.52903157579585,0.47096842420414997,2
27,VST_first,196,27_8_248,VD,7,0.1273014798346018,0.8726985201653982,3
27,VST_first,197,27_8_249,CD,7,0.4893079537468493,0.5106920462531507,3
27,VST_first,198,27_8_250,CD,7,0.11646050606779482,0.8835394939322052,3
27,VST_first,199,27_8_252,VD,7,0.6537073644087561,0.34629263559124396,3
27,VST_first,200,27_8_253,CD,7,0.10282544121448176,0.8971745587855182,4
27,VST_first,201,27_8_254,CD,7,0.3880406242858635,0.6119593757141365,3
27,VST_first,202,27_8_255,VD,7,0.3180447445873058,0.6819552554126942,4
27,VST_first,203,27_8_256,VD,7,0.5211435143424554,0.4788564856575446,2
27,VST_first,204,27_9_257,VD,8,0.3841239093956024,0.6158760906043975,3
27,VST_first,205,27_9_258,CD,8,0.5149666392968578,0.4850333607031422,2
27,VST_first,206,27_9_259,CD,8,0.2232435843293299,0.77675641567067,3
27,VST_first,207,27_9_260,CD,8,0.4697803039824599,0.5302196960175402,3
27,VST_first,208,27_9_262,CD,8,0.4187317243537523,0.5812682756462477,2
27,VST_first,209,27_9_263,CD,8,0.08949478580383603,0.9105052141961639,3
27,VST_first,210,27_9_264,VD,8,0.09826627206573722,0.9017337279342628,4
27,VST_first,211,27_9_265,CD,8,0.5188123160338092,0.4811876839661909,2
27,VST_first,212,27_9_266,CD,8,0.11773770088651825,0.8822622991134818,4
27,VST_first,213,27_9_267,VD,8,0.32537992731377074,0.6746200726862293,4
27,VST_first,214,27_9_268,CD,8,0.09651113647112072,0.9034888635288792,4
27,VST_first,216,27_9_270,CD,8,0.09803837584496834,0.9019616241550317,4
27,VST_first,218,27_9_272,VD,8,0.3872430933050153,0.6127569066949847,3
27,VST_first,219,27_9_273,CD,8,0.11265914364226827,0.8873408563577317,3
27,VST_first,220,27_9_274,CD,8,0.0967648339028499,0.9032351660971502,4
27,VST_first,221,27_9_275,VD,8,0.34022362948961404,0.659776370510386,3
27,VST_first,223,27_9_277,VD,8,0.6700452094146481,0.3299547905853519,3
27,VST_first,224,27_9_278,VD,8,0.10144744194165957,0.8985525580583404,4
27,VST_first,225,27_9_279,CD,8,0.3834432532342097,0.6165567467657904,3
27,VST_first,226,27_9_280,VD,8,0.10316027311907758,0.8968397268809224,4
27,VST_first,227,27_9_281,VD,8,0.111672155234289,0.888327844765711,4
27,VST_first,228,27_9_282,VD,8,0.11887821831112484,0.8811217816888752,4
27,VST_first,229,27_9_283,CD,8,0.15856827582624725,0.8414317241737528,4
27,VST_first,230,27_9_284,VD,8,0.5155905458570302,0.48440945414296976,2
27,VST_first,231,27_9_285,VD,8,0.11589817171809993,0.8841018282819,4
27,VST_first,232,27_9_286,CD,8,0.32575015158130394,0.6742498484186961,4
27,VST_first,233,27_9_287,VD,8,0.5155905458570302,0.48440945414296976,2
28,RSVP_first,1,28_2_33,CD,1,0.17154250938645252,0.8284574906135475,3
28,RSVP_first,3,28_2_35,CD,1,0.1843118106726387,0.8156881893273612,4
28,RSVP_first,4,28_2_36,VD,1,0.11312713252742199,0.8868728674725781,3
28,RSVP_first,5,28_2_37,VD,1,0.40905628668235255,0.5909437133176474,3
28,RSVP_first,6,28_2_38,CD,1,0.10746774611840061,0.8925322538815994,3
28,RSVP_first,7,28_2_39,VD,1,0.5161608595279391,0.48383914047206095,2
28,RSVP_first,8,28_2_40,VD,1,0.6864253170980154,0.31357468290198465,2
28,RSVP_first,9,28_2_41,VD,1,0.3917437110059082,0.6082562889940918,3
28,RSVP_first,11,28_2_43,CD,1,0.40639823177126977,0.5936017682287302,3
28,RSVP_first,12,28_2_45,VD,1,0.5222605556276195,0.47773944437238053,2
28,RSVP_first,13,28_2_47,CD,1,0.4061437443946938,0.5938562556053062,3
28,RSVP_first,14,28_2_48,CD,1,0.117675221141537,0.882324778858463,3
28,RSVP_first,15,28_2_50,VD,1,0.3899790032956408,0.6100209967043593,3
28,RSVP_first,16,28_2_51,CD,1,0.13950935928167332,0.8604906407183267,4
28,RSVP_first,17,28_2_52,VD,1,0.32216989522150485,0.6778301047784951,4
28,RSVP_first,18,28_2_53,CD,1,0.32946665263168484,0.6705333473683152,4
28,RSVP_first,20,28_2_55,CD,1,0.5145053708702474,0.48549462912975266,2
28,RSVP_first,21,28_2_56,CD,1,0.11169975686798655,0.8883002431320135,4
28,RSVP_first,22,28_2_57,CD,1,0.3984471360892211,0.6015528639107789,3
28,RSVP_first,23,28_2_59,CD,1,0.3831663737664035,0.6168336262335965,3
28,RSVP_first,24,28_2_60,VD,1,0.1077013336720393,0.8922986663279607,3
28,RSVP_first,25,28_2_61,VD,1,0.09757155266770112,0.9024284473322989,4
28,RSVP_first,26,28_2_62,VD,1,0.136641502192849,0.863358497807151,4
28,RSVP_first,27,28_2_63,VD,1,0.14181821413624607,0.8581817858637539,4
28,RSVP_first,28,28_2_64,CD,1,0.3683165794208054,0.6316834205791946,3
28,RSVP_first,29,28_3_65,CD,2,0.5154588024789278,0.4845411975210722,2
28,RSVP_first,30,28_3_66,VD,2,0.4769461339080804,0.5230538660919196,3
28,RSVP_first,31,28_3_67,VD,2,0.5455001686306432,0.4544998313693568,4
28,RSVP_first,32,28_3_68,CD,2,0.10985644135574332,0.8901435586442568,4
28,RSVP_first,33,28_3_69,VD,2,0.26033646522707343,0.7396635347729266,5
28,RSVP_first,35,28_3_71,VD,2,0.5184245270165734,0.48157547298342657,2
28,RSVP_first,36,28_3_72,VD,2,0.39323610841350376,0.6067638915864962,3
28,RSVP_first,37,28_3_73,CD,2,0.5376567968434444,0.4623432031565556,5
28,RSVP_first,38,28_3_74,CD,2,0.14002937093378823,0.8599706290662118,4
28,RSVP_first,39,28_3_75,VD,2,0.5245862250948687,0.47541377490513126,2
28,RSVP_first,40,28_3_76,VD,2,0.38969600309334146,0.6103039969066585,4
28,RSVP_first,41,28_3_77,VD,2,0.09746934881766,0.90253065118234,3
28,RSVP_first,42,28_3_78,VD,2,0.11461500058864038,0.8853849994113596,3
28,RSVP_first,43,28_3_79,CD,2,0.10468666529912693,0.895313334700873,4
28,RSVP_first,44,28_3_80,CD,2,0.38657583132116724,0.6134241686788328,3
28,RSVP_first,45,28_3_81,VD,2,0.2258907761118407,0.7741092238881593,4
28,RSVP_first,46,28_3_82,CD,2,0.19492263852855718,0.8050773614714428,4
28,RSVP_first,48,28_3_84,CD,2,0.6298954889903334,0.37010451100966657,3
28,RSVP_first,50,28_3_86,VD,2,0.4602775232241352,0.5397224767758648,4
28,RSVP_first,51,28_3_87,CD,2,0.10768080044835046,0.8923191995516495,3
28,RSVP_first,52,28_3_88,VD,2,0.09643021715277919,0.9035697828472208,3
28,RSVP_first,53,28_3_89,CD,2,0.5157885617582725,0.48421143824172763,2
28,RSVP_first,54,28_3_90,VD,2,0.18408081540580667,0.8159191845941933,4
28,RSVP_first,55,28_3_91,CD,2,0.11611257879955926,0.8838874212004407,4
28,RSVP_first,56,28_3_92,CD,2,0.11417331970118624,0.8858266802988137,3
28,RSVP_first,57,28_3_93,CD,2,0.39631316662464317,0.6036868333753569,3
28,RSVP_first,58,28_3_94,CD,2,0.5140410766652408,0.4859589233347593,2
28,RSVP_first,59,28_3_95,VD,2,0.116777457688403,0.883222542311597,4
28,RSVP_first,60,28_3_96,CD,2,0.3900557304601254,0.6099442695398746,3
28,RSVP_first,61,28_4_97,CD,3,0.3832416555731042,0.6167583444268958,3
28,RSVP_first,62,28_4_98,CD,3,0.37557502522027453,0.6244249747797255,3
28,RSVP_first,63,28_4_99,CD,3,0.32740198402482146,0.6725980159751785,4
28,RSVP_first,64,28_4_100,CD,3,0.11345349411643027,0.8865465058835698,4
28,RSVP_first,65,28_4_101,CD,3,0.5158649040727399,0.4841350959272601,2
28,RSVP_first,66,28_4_102,VD,3,0.33721481731190406,0.6627851826880959,4
28,RSVP_first,67,28_4_103,CD,3,0.3859933739645749,0.6140066260354251,3
28,RSVP_first,68,28_4_104,CD,3,0.4223535649674965,0.5776464350325035,3
28,RSVP_first,69,28_4_106,CD,3,0.3845856531975069,0.6154143468024931,3
28,RSVP_first,70,28_4_107,VD,3,0.4724127291892104,0.5275872708107896,4
28,RSVP_first,71,28_4_108,VD,3,0.2113726220318083,0.7886273779681917,4
28,RSVP_first,72,28_4_109,VD,3,0.455992775909421,0.5440072240905791,4
28,RSVP_first,73,28_4_110,VD,3,0.21555440915965515,0.7844455908403448,4
28,RSVP_first,74,28_4_111,VD,3,0.10817850435880427,0.8918214956411957,4
28,RSVP_first,75,28_4_112,CD,3,0.1742296468803498,0.8257703531196502,4
28,RSVP_first,76,28_4_113,CD,3,0.5347561557554354,0.4652438442445645,4
28,RSVP_first,78,28_4_115,CD,3,0.3296313065474581,0.6703686934525419,4
28,RSVP_first,79,28_4_116,CD,3,0.0969780290167678,0.9030219709832322,3
28,RSVP_first,80,28_4_117,VD,3,0.1038044366007067,0.8961955633992933,4
28,RSVP_first,81,28_4_118,VD,3,0.09138247818274015,0.9086175218172599,3
28,RSVP_first,82,28_4_119,VD,3,0.5151047945627555,0.4848952054372445,2
28,RSVP_first,83,28_4_120,VD,3,0.4376521173236034,0.5623478826763966,4
28,RSVP_first,84,28_4_121,CD,3,0.38251773110667087,0.6174822688933291,3
28,RSVP_first,85,28_4_122,VD,3,0.09641624120919196,0.9035837587908081,3
28,RSVP_first,86,28_4_123,VD,3,0.15456096898374735,0.8454390310162526,3
28,RSVP_first,87,28_4_124,CD,3,0.6088626671712779,0.3911373328287221,3
28,RSVP_first,88,28_4_125,VD,3,0.3546105939559116,0.6453894060440883,4
28,RSVP_first,90,28_4_127,VD,3,0.24557028312217105,0.754429716877829,4
28,RSVP_first,91,28_4_128,VD,3,0.10019448475041719,0.8998055152495829,3
28,RSVP_first,92,28_5_129,CD,4,0.5224134228038309,0.47758657719616915,2
28,RSVP_first,93,28_5_130,CD,4,0.40362525548097167,0.5963747445190284,3
28,RSVP_first,94,28_5_131,CD,4,0.34555666556333053,0.6544433344366695,4
28,RSVP_first,96,28_5_133,CD,4,0.5222605556276195,0.47773944437238053,2
28,RSVP_first,98,28_5_136,VD,4,0.3349530205104141,0.6650469794895859,4
28,RSVP_first,99,28_5_137,VD,4,0.3563739684107703,0.6436260315892297,4
28,RSVP_first,100,28_5_138,VD,4,0.4646082707195764,0.5353917292804236,5
28,RSVP_first,101,28_5_139,VD,4,0.1006360425589001,0.8993639574410999,4
28,RSVP_first,103,28_5_141,CD,4,0.10487775940579352,0.8951222405942064,4
28,RSVP_first,104,28_5_142,VD,4,0.3301152795791751,0.6698847204208248,4
28,RSVP_first,105,28_5_143,CD,4,0.39239828575360836,0.6076017142463916,4
28,RSVP_first,106,28_5_144,VD,4,0.5151683223299425,0.4848316776700575,2
28,RSVP_first,107,28_5_145,VD,4,0.20425666596657577,0.7957433340334242,5
28,RSVP_first,108,28_5_146,CD,4,0.09781536266085306,0.902184637339147,4
28,RSVP_first,109,28_5_147,VD,4,0.32528690391675097,0.674713096083249,4
28,RSVP_first,110,28_5_148,VD,4,0.4247143720231624,0.5752856279768376,3
28,RSVP_first,111,28_5_149,VD,4,0.11355185048213248,0.8864481495178675,4
28,RSVP_first,112,28_5_151,CD,4,0.5181592197741133,0.4818407802258867,2
28,RSVP_first,114,28_5_153,VD,4,0.4232445390336665,0.5767554609663335,5
28,RSVP_first,115,28_5_154,VD,4,0.4767501308345553,0.5232498691654446,5
28,RSVP_first,117,28_5_156,VD,4,0.40302477842914125,0.5969752215708588,5
28,RSVP_first,118,28_5_157,CD,4,0.6760211073203435,0.3239788926796564,3
28,RSVP_first,119,28_5_158,CD,4,0.46304562795006554,0.5369543720499345,4
28,RSVP_first,120,28_5_159,CD,4,0.3921879256651438,0.6078120743348562,4
28,RSVP_first,121,28_5_160,CD,4,0.40259430362188114,0.5974056963781189,3
28,RSVP_first,122,28_6_161,CD,5,0.5169648619378224,0.4830351380621775,2
28,RSVP_first,127,28_6_166,VD,5,0.36551236679690685,0.6344876332030932,5
28,RSVP_first,128,28_6_167,VD,5,0.09869261881883509,0.9013073811811649,4
28,RSVP_first,129,28_6_168,VD,5,0.19732120466090047,0.8026787953390995,4
28,RSVP_first,130,28_6_169,CD,5,0.12966449208110567,0.8703355079188944,3
28,RSVP_first,131,28_6_170,CD,5,0.32896168099321377,0.6710383190067862,4
28,RSVP_first,132,28_6_171,CD,5,0.135107063244024,0.8648929367559761,4
28,RSVP_first,133,28_6_172,CD,5,0.23763946484716264,0.7623605351528373,4
28,RSVP_first,135,28_6_175,CD,5,0.10327432103728411,0.8967256789627159,4
28,RSVP_first,136,28_6_176,CD,5,0.5212539080403535,0.47874609195964646,2
28,RSVP_first,137,28_6_177,VD,5,0.13518075429545046,0.8648192457045495,4
28,RSVP_first,138,28_6_178,VD,5,0.22622286588301976,0.7737771341169802,4
28,RSVP_first,139,28_6_180,VD,5,0.4639498193044443,0.5360501806955558,4
28,RSVP_first,140,28_6_181,VD,5,0.5260375154632018,0.47396248453679823,2
28,RSVP_first,141,28_6_182,VD,5,0.10858634554612608,0.8914136544538739,4
28,RSVP_first,142,28_6_183,CD,5,0.31762779348032905,0.6823722065196709,5
28,RSVP_first,143,28_6_184,VD,5,0.14218078801762046,0.8578192119823795,4
28,RSVP_first,144,28_6_185,CD,5,0.3973846484629927,0.6026153515370072,3
28,RSVP_first,145,28_6_186,CD,5,0.38543328474249394,0.6145667152575061,3
28,RSVP_first,146,28_6_187,VD,5,0.6685724770594276,0.33142752294057243,4
28,RSVP_first,147,28_6_188,VD,5,0.39029095880187187,0.6097090411981281,3
28,RSVP_first,148,28_6_189,VD,5,0.2182672323219686,0.7817327676780313,4
28,RSVP_first,149,28_6_190,CD,5,0.11177962675052713,0.8882203732494729,4
28,RSVP_first,150,28_6_191,CD,5,0.38794324881505665,0.6120567511849433,3
28,RSVP_first,151,28_6_192,VD,5,0.0911747289387971,0.9088252710612029,3
28,RSVP_first,153,28_7_194,CD,6,0.5154588024789278,0.4845411975210722,2
28,RSVP_first,154,28_7_196,CD,6,0.6681845055434401,0.33181549445656,4
28,RSVP_first,155,28_7_197,VD,6,0.5177121579177839,0.48228784208221603,6
28,RSVP_first,156,28_7_198,VD,6,0.8211896189931724,0.1788103810068275,2
28,RSVP_first,157,28_7_199,VD,6,0.46759858145932987,0.5324014185406701,6
28,RSVP_first,159,28_7_201,CD,6,0.33473812051629803,0.665261879483702,5
28,RSVP_first,161,28_7_203,CD,6,0.31831302399739847,0.6816869760026015,4
28,RSVP_first,163,28_7_205,CD,6,0.10387792363562467,0.8961220763643754,4
28,RSVP_first,164,28_7_206,VD,6,0.35079016313998024,0.6492098368600198,3
28,RSVP_first,165,28_7_207,VD,6,0.10476807788781758,0.8952319221121824,4
28,RSVP_first,166,28_7_208,VD,6,0.10302634955534762,0.8969736504446524,4
28,RSVP_first,167,28_7_209,CD,6,0.3883628461595131,0.6116371538404869,3
28,RSVP_first,168,28_7_210,CD,6,0.11000461437978645,0.8899953856202135,4
28,RSVP_first,169,28_7_211,VD,6,0.09252055000432034,0.9074794499956796,3
28,RSVP_first,170,28_7_212,CD,6,0.10743958344432261,0.8925604165556774,3
28,RSVP_first,171,28_7_213,VD,6,0.514145066133717,0.485854933866283,2
28,RSVP_first,172,28_7_214,CD,6,0.09799126190050164,0.9020087380994983,3
28,RSVP_first,173,28_7_215,VD,6,0.19283122717265777,0.8071687728273422,3
28,RSVP_first,174,28_7_216,CD,6,0.10523984028002514,0.8947601597199748,4
28,RSVP_first,175,28_7_217,CD,6,0.6137638815305877,0.38623611846941236,5
28,RSVP_first,176,28_7_218,VD,6,0.11842735007583798,0.8815726499241621,4
28,RSVP_first,177,28_7_219,VD,6,0.10929446060728529,0.8907055393927147,4
28,RSVP_first,178,28_7_220,VD,6,0.3317348043060183,0.6682651956939817,5
28,RSVP_first,179,28_7_221,CD,6,0.13686097818049928,0.8631390218195008,4
28,RSVP_first,180,28_7_222,VD,6,0.1638704026693958,0.8361295973306042,4
28,RSVP_first,182,28_7_224,CD,6,0.28897110576505924,0.7110288942349408,5
28,RSVP_first,183,28_8_225,VD,7,0.13121394605543013,0.8687860539445699,4
28,RSVP_first,184,28_8_226,CD,7,0.11163888488441585,0.8883611151155841,4
28,RSVP_first,185,28_8_227,VD,7,0.38455161953014927,0.6154483804698507,3
28,RSVP_first,186,28_8_228,VD,7,0.1257426025823356,0.8742573974176644,4
28,RSVP_first,187,28_8_229,CD,7,0.3268232808732478,0.6731767191267523,4
28,RSVP_first,188,28_8_230,CD,7,0.5336776804170399,0.4663223195829601,4
28,RSVP_first,190,28_8_233,VD,7,0.5542067891301804,0.4457932108698196,2
28,RSVP_first,191,28_8_234,CD,7,0.4408357550962339,0.559164244903766,5
28,RSVP_first,193,28_8_236,CD,7,0.2274270683866788,0.7725729316133213,3
28,RSVP_first,194,28_8_237,VD,7,0.13154294036260658,0.8684570596373934,3
28,RSVP_first,195,28_8_238,CD,7,0.1396427326226512,0.8603572673773487,4
28,RSVP_first,196,28_8_239,VD,7,0.3575571443943343,0.6424428556056657,4
28,RSVP_first,197,28_8_240,VD,7,0.15934924824352134,0.8406507517564786,4
28,RSVP_first,199,28_8_242,VD,7,0.36105446186584683,0.6389455381341532,5
28,RSVP_first,200,28_8_243,VD,7,0.25746668497303526,0.7425333150269647,4
28,RSVP_first,201,28_8_244,VD,7,0.3429344911495289,0.6570655088504711,5
28,RSVP_first,202,28_8_245,CD,7,0.37581768280779937,0.6241823171922006,4
28,RSVP_first,203,28_8_246,CD,7,0.3859823393737829,0.6140176606262171,3
28,RSVP_first,205,28_8_248,VD,7,0.38527538262211014,0.6147246173778899,3
28,RSVP_first,206,28_8_249,CD,7,0.5170487871151875,0.4829512128848125,2
28,RSVP_first,207,28_8_250,CD,7,0.10244169009001228,0.8975583099099876,3
28,RSVP_first,208,28_8_251,CD,7,0.32968300154062963,0.6703169984593704,4
28,RSVP_first,209,28_8_252,VD,7,0.5222605556276195,0.47773944437238053,2
28,RSVP_first,210,28_8_253,CD,7,0.39144961187927263,0.6085503881207274,3
28,RSVP_first,211,28_8_254,CD,7,0.5222605556276195,0.47773944437238053,2
28,RSVP_first,212,28_8_255,CD,7,0.11067548508315356,0.8893245149168464,4
28,RSVP_first,213,28_8_256,VD,7,0.5164978493871855,0.4835021506128145,2
28,RSVP_first,214,28_9_257,VD,8,0.5203507274031904,0.4796492725968096,2
28,RSVP_first,215,28_9_258,CD,8,0.3280710266911645,0.6719289733088355,4
28,RSVP_first,216,28_9_259,CD,8,0.11445095173257692,0.8855490482674231,4
28,RSVP_first,217,28_9_260,CD,8,0.1147358560460847,0.8852641439539153,4
28,RSVP_first,218,28_9_261,VD,8,0.6004780338852235,0.39952196611477653,4
28,RSVP_first,219,28_9_262,VD,8,0.1265082942698054,0.8734917057301946,4
28,RSVP_first,220,28_9_263,CD,8,0.5139463903499893,0.4860536096500106,2
28,RSVP_first,221,28_9_264,CD,8,0.39937414009194694,0.6006258599080531,3
28,RSVP_first,222,28_9_265,CD,8,0.5222605556276195,0.47773944437238053,2
28,RSVP_first,223,28_9_266,CD,8,0.1370642883970393,0.8629357116029607,4
28,RSVP_first,224,28_9_267,VD,8,0.34604469743980293,0.6539553025601971,4
28,RSVP_first,225,28_9_268,VD,8,0.5793645080086807,0.42063549199131933,5
28,RSVP_first,226,28_9_269,VD,8,0.12005431393613133,0.8799456860638687,4
28,RSVP_first,228,28_9_271,CD,8,0.38248387790903304,0.617516122090967,3
28,RSVP_first,229,28_9_272,VD,8,0.5203507274031904,0.4796492725968096,2
28,RSVP_first,230,28_9_273,VD,8,0.10866050853936794,0.8913394914606321,4
28,RSVP_first,232,28_9_275,CD,8,0.36407836419182726,0.6359216358081727,4
28,RSVP_first,233,28_9_276,CD,8,0.12022864184441986,0.87977135815558,4
28,RSVP_first,234,28_9_277,VD,8,0.5307842987772452,0.46921570122275486,4
28,RSVP_first,236,28_9_279,VD,8,0.33372016212484423,0.6662798378751558,5
28,RSVP_first,237,28_9_280,CD,8,0.1071441527534144,0.8928558472465856,4
28,RSVP_first,238,28_9_281,VD,8,0.11641684204058664,0.8835831579594133,4
28,RSVP_first,239,28_9_282,CD,8,0.1480148625174098,0.8519851374825902,4
28,RSVP_first,242,28_9_285,CD,8,0.13557931650836874,0.8644206834916313,4
28,RSVP_first,243,28_9_286,VD,8,0.29507978200546536,0.7049202179945346,5
28,RSVP_first,244,28_9_287,VD,8,0.1092322549415989,0.8907677450584011,4
28,RSVP_first,245,28_9_288,VD,8,0.2952656425029402,0.7047343574970598,5
29,VST_first,1,29_2_33,CD,1,0.14615666133561336,0.8538433386643867,4
29,VST_first,2,29_2_34,CD,1,0.3774197830069585,0.6225802169930416,5
29,VST_first,3,29_2_35,CD,1,0.28222118221476444,0.7177788177852356,4
29,VST_first,4,29_2_36,VD,1,0.3534810014523334,0.6465189985476666,4
29,VST_first,5,29_2_37,VD,1,0.7028192128422682,0.2971807871577318,3
29,VST_first,6,29_2_38,CD,1,0.4502142474834952,0.5497857525165049,3
29,VST_first,7,29_2_39,CD,1,0.4354331061532376,0.5645668938467624,5
29,VST_first,8,29_2_40,CD,1,0.11556535453437349,0.8844346454656264,3
29,VST_first,10,29_2_43,CD,1,0.45668736151809414,0.5433126384819058,3
29,VST_first,11,29_2_44,CD,1,0.3793041235987222,0.6206958764012779,4
29,VST_first,12,29_2_45,VD,1,0.1900363243727819,0.809963675627218,4
29,VST_first,14,29_2_47,VD,1,0.28812215094200233,0.7118778490579978,4
29,VST_first,15,29_2_48,VD,1,0.5806554774293153,0.4193445225706847,2
29,VST_first,16,29_2_49,VD,1,0.39692798855476785,0.6030720114452321,2
29,VST_first,17,29_2_50,CD,1,0.32047950842432826,0.6795204915756717,3
29,VST_first,18,29_2_51,CD,1,0.32800786274773003,0.67199213725227,4
29,VST_first,19,29_2_52,VD,1,0.3108099342216856,0.6891900657783143,5
29,VST_first,20,29_2_53,CD,1,0.2728980247580055,0.7271019752419945,3
29,VST_first,21,29_2_54,VD,1,0.1296262436132831,0.8703737563867169,3
29,VST_first,22,29_2_56,CD,1,0.31626755707134313,0.6837324429286569,4
29,VST_first,23,29_2_57,VD,1,0.16574994915562213,0.8342500508443779,4
29,VST_first,24,29_2_58,VD,1,0.4869685315219653,0.5130314684780347,5
29,VST_first,25,29_2_60,CD,1,0.10930485508180693,0.890695144918193,3
29,VST_first,26,29_2_61,CD,1,0.31336288025956033,0.6866371197404397,5
29,VST_first,28,29_2_63,VD,1,0.12343987556612697,0.8765601244338731,4
29,VST_first,29,29_2_64,CD,1,0.3918179317498688,0.6081820682501312,3
29,VST_first,31,29_3_67,CD,2,0.52439739665094,0.47560260334906,4
29,VST_first,32,29_3_68,VD,2,0.38753847384260875,0.6124615261573912,3
29,VST_first,33,29_3_69,CD,2,0.24958679306027298,0.750413206939727,4
29,VST_first,35,29_3_71,VD,2,0.7259556109849805,0.27404438901501954,3
29,VST_first,36,29_3_72,VD,2,0.34095484408973264,0.6590451559102674,4
29,VST_first,37,29_3_73,CD,2,0.1428675728492941,0.8571324271507059,4
29,VST_first,38,29_3_74,VD,2,0.7180652698603597,0.2819347301396404,3
29,VST_first,39,29_3_75,VD,2,0.09904828727943442,0.9009517127205656,4
29,VST_first,41,29_3_77,CD,2,0.2864681060058574,0.7135318939941426,5
29,VST_first,42,29_3_78,VD,2,0.5404700920249754,0.4595299079750246,4
29,VST_first,43,29_3_79,CD,2,0.12464219041223314,0.8753578095877669,4
29,VST_first,44,29_3_80,CD,2,0.15033475604314417,0.8496652439568558,4
29,VST_first,45,29_3_81,CD,2,0.1301597589201688,0.8698402410798313,4
29,VST_first,46,29_3_82,VD,2,0.1428810501325372,0.8571189498674627,4
29,VST_first,47,29_3_83,CD,2,0.513877298348289,0.48612270165171106,2
29,VST_first,48,29_3_84,CD,2,0.5034586784143498,0.49654132158565023,4
29,VST_first,49,29_3_85,CD,2,0.40872717197699104,0.591272828023009,5
29,VST_first,50,29_3_86,VD,2,0.3088976123896869,0.6911023876103132,5
29,VST_first,51,29_3_87,VD,2,0.4720588016195515,0.5279411983804485,5
29,VST_first,52,29_3_89,VD,2,0.45106104391072305,0.548938956089277,5
29,VST_first,53,29_3_90,CD,2,0.37026561560504917,0.6297343843949508,4
29,VST_first,54,29_3_91,VD,2,0.20372126791181738,0.7962787320881826,4
29,VST_first,56,29_3_93,CD,2,0.6682237310090641,0.3317762689909359,3
29,VST_first,57,29_3_94,VD,2,0.44277567031492115,0.5572243296850788,3
29,VST_first,58,29_3_95,CD,2,0.4593667798072534,0.5406332201927466,4
29,VST_first,59,29_3_96,VD,2,0.10605797062528975,0.8939420293747102,4
29,VST_first,60,29_4_97,CD,3,0.5148404899325639,0.485159510067436,2
29,VST_first,61,29_4_98,VD,3,0.337868987672458,0.6621310123275421,4
29,VST_first,63,29_4_100,VD,3,0.13860759067754216,0.8613924093224579,4
29,VST_first,64,29_4_101,VD,3,0.3377615087611204,0.6622384912388797,4
29,VST_first,65,29_4_102,VD,3,0.32954266175509384,0.6704573382449062,4
29,VST_first,66,29_4_103,VD,3,0.2300987746212121,0.7699012253787879,4
29,VST_first,67,29_4_105,VD,3,0.3493623523037649,0.6506376476962351,5
29,VST_first,68,29_4_106,VD,3,0.34216582719998806,0.657834172800012,4
29,VST_first,69,29_4_107,VD,3,0.26263795803358014,0.7373620419664199,4
29,VST_first,70,29_4_109,CD,3,0.4888512615488668,0.5111487384511332,4
29,VST_first,71,29_4_110,CD,3,0.40931634577045684,0.5906836542295432,3
29,VST_first,72,29_4_111,CD,3,0.11502844845361779,0.8849715515463823,4
29,VST_first,73,29_4_112,VD,3,0.2841802223861538,0.7158197776138462,4
29,VST_first,74,29_4_113,VD,3,0.1634384610707938,0.8365615389292061,3
29,VST_first,75,29_4_114,VD,3,0.33174505195053405,0.668254948049466,4
29,VST_first,76,29_4_115,CD,3,0.6116899530338519,0.3883100469661481,2
29,VST_first,77,29_4_116,VD,3,0.55068746798863,0.44931253201137006,4
29,VST_first,78,29_4_117,VD,3,0.6123929559880954,0.3876070440119046,3
29,VST_first,79,29_4_118,CD,3,0.17941587723883337,0.8205841227611667,4
29,VST_first,80,29_4_119,CD,3,0.1424977307783365,0.8575022692216635,4
29,VST_first,81,29_4_121,CD,3,0.5281383808414264,0.47186161915857366,5
29,VST_first,82,29_4_122,VD,3,0.32157579410763953,0.6784242058923605,4
29,VST_first,83,29_4_123,CD,3,0.451122165230241,0.5488778347697589,6
29,VST_first,84,29_4_124,CD,3,0.1602940735226617,0.8397059264773383,4
29,VST_first,85,29_4_125,CD,3,0.6905882781364265,0.30941172186357346,3
29,VST_first,86,29_4_126,CD,3,0.46063279512894906,0.5393672048710509,6
29,VST_first,88,29_5_129,VD,4,0.4050640682730886,0.5949359317269114,5
29,VST_first,89,29_5_130,VD,4,0.33088583269919014,0.6691141673008099,4
29,VST_first,90,29_5_131,CD,4,0.31361806330745645,0.6863819366925435,5
29,VST_first,91,29_5_132,VD,4,0.4484354335394657,0.5515645664605343,6
29,VST_first,92,29_5_133,VD,4,0.12063297080768728,0.8793670291923128,4
29,VST_first,94,29_5_135,VD,4,0.2955536184626288,0.7044463815373712,5
29,VST_first,95,29_5_136,CD,4,0.13729063900818356,0.8627093609918164,4
29,VST_first,96,29_5_137,VD,4,0.4152048608932895,0.5847951391067105,5
29,VST_first,98,29_5_139,CD,4,0.5169029994153532,0.4830970005846468,2
29,VST_first,99,29_5_140,VD,4,0.22604509683575996,0.77395490316424,4
29,VST_first,100,29_5_141,CD,4,0.4841565513652669,0.515843448634733,3
29,VST_first,101,29_5_142,CD,4,0.5890454131412537,0.4109545868587462,4
29,VST_first,102,29_5_143,CD,4,0.3636075090321732,0.6363924909678268,4
29,VST_first,103,29_5_144,CD,4,0.16306816651194536,0.8369318334880547,4
29,VST_first,105,29_5_147,CD,4,0.10360638206912011,0.8963936179308799,3
29,VST_first,106,29_5_150,VD,4,0.10604529869433603,0.8939547013056639,3
29,VST_first,107,29_5_151,VD,4,0.5194443501862793,0.4805556498137206,2
29,VST_first,108,29_5_153,CD,4,0.3686628041286599,0.6313371958713401,4
29,VST_first,109,29_5_154,CD,4,0.327114466864745,0.672885533135255,4
29,VST_first,110,29_5_156,VD,4,0.3290397833816419,0.670960216618358,4
29,VST_first,111,29_5_157,VD,4,0.19047658870123094,0.8095234112987691,5
29,VST_first,112,29_5_158,VD,4,0.1201875684662834,0.8798124315337166,3
29,VST_first,113,29_5_160,VD,4,0.4325424015624315,0.5674575984375685,6
29,VST_first,115,29_6_162,CD,5,0.19202096052695783,0.8079790394730422,4
29,VST_first,116,29_6_163,VD,5,0.42402004628329915,0.5759799537167009,3
29,VST_first,117,29_6_164,VD,5,0.5896780982584652,0.4103219017415349,2
29,VST_first,118,29_6_166,VD,5,0.10179861079763845,0.8982013892023615,3
29,VST_first,120,29_6_168,CD,5,0.5322777285143151,0.4677222714856849,2
29,VST_first,121,29_6_169,CD,5,0.1959796609379999,0.8040203390620001,4
29,VST_first,122,29_6_170,VD,5,0.12361329006990081,0.8763867099300992,4
29,VST_first,123,29_6_171,VD,5,0.3069062701826255,0.6930937298173745,5
29,VST_first,124,29_6_172,CD,5,0.1345412988409838,0.8654587011590162,4
29,VST_first,125,29_6_173,VD,5,0.49740528791915517,0.5025947120808448,3
29,VST_first,126,29_6_176,VD,5,0.40972026424692737,0.5902797357530726,5
29,VST_first,128,29_6_178,CD,5,0.1855607076447248,0.8144392923552752,4
29,VST_first,129,29_6_179,VD,5,0.5140316609805153,0.48596833901948466,2
29,VST_first,131,29_6_181,CD,5,0.10571308150935253,0.8942869184906475,4
29,VST_first,132,29_6_182,VD,5,0.5139100472513202,0.48608995274867983,2
29,VST_first,133,29_6_183,VD,5,0.17134903667958187,0.8286509633204181,4
29,VST_first,134,29_6_184,VD,5,0.4608761288109029,0.5391238711890971,5
29,VST_first,135,29_6_185,CD,5,0.13961776964419273,0.8603822303558073,4
29,VST_first,136,29_6_186,CD,5,0.29639949436062896,0.703600505639371,5
29,VST_first,137,29_6_187,CD,5,0.5342979152380265,0.46570208476197356,3
29,VST_first,138,29_6_188,CD,5,0.20401337824706522,0.7959866217529348,4
29,VST_first,139,29_6_189,CD,5,0.740585413439809,0.25941458656019095,3
29,VST_first,140,29_6_190,VD,5,0.5199094897842349,0.48009051021576504,4
29,VST_first,141,29_6_191,VD,5,0.35194806791309213,0.6480519320869078,4
29,VST_first,142,29_6_192,CD,5,0.5157106384190858,0.4842893615809142,2
29,VST_first,144,29_7_194,CD,6,0.3430990755156867,0.6569009244843134,4
29,VST_first,145,29_7_195,VD,6,0.33201746947270416,0.6679825305272958,5
29,VST_first,146,29_7_196,CD,6,0.3315797094660464,0.6684202905339536,4
29,VST_first,147,29_7_197,VD,6,0.25970192778562073,0.7402980722143793,4
29,VST_first,148,29_7_198,CD,6,0.8472502868028104,0.15274971319718944,2
29,VST_first,149,29_7_199,VD,6,0.38714197410313383,0.6128580258968661,4
29,VST_first,150,29_7_200,CD,6,0.6796255687054605,0.3203744312945394,3
29,VST_first,152,29_7_202,CD,6,0.675746681638399,0.324253318361601,2
29,VST_first,153,29_7_203,VD,6,0.10298240981567373,0.8970175901843263,3
29,VST_first,154,29_7_204,CD,6,0.12126190165419244,0.8787380983458075,4
29,VST_first,155,29_7_205,CD,6,0.1579629515931882,0.8420370484068118,4
29,VST_first,156,29_7_206,VD,6,0.49117455134363586,0.5088254486563641,6
29,VST_first,157,29_7_207,VD,6,0.1268126922369477,0.8731873077630523,4
29,VST_first,158,29_7_208,CD,6,0.28993776048447223,0.7100622395155278,4
29,VST_first,159,29_7_209,VD,6,0.3197594776121754,0.6802405223878246,4
29,VST_first,160,29_7_210,VD,6,0.26268387183950315,0.7373161281604969,4
29,VST_first,161,29_7_211,CD,6,0.517573493272362,0.4824265067276379,2
29,VST_first,162,29_7_212,VD,6,0.5146213042955881,0.48537869570441194,2
29,VST_first,163,29_7_213,VD,6,0.3556834986894539,0.644316501310546,6
29,VST_first,164,29_7_214,CD,6,0.45927565999187736,0.5407243400081225,4
29,VST_first,165,29_7_215,CD,6,0.27674986563362686,0.7232501343663731,5
29,VST_first,166,29_7_216,VD,6,0.18913932841696668,0.8108606715830333,4
29,VST_first,167,29_7_217,CD,6,0.24491690681741765,0.7550830931825824,4
29,VST_first,168,29_7_218,VD,6,0.31226183176739786,0.6877381682326021,4
29,VST_first,169,29_7_219,VD,6,0.5350786792753232,0.4649213207246768,5
29,VST_first,170,29_7_221,CD,6,0.2550088042318509,0.7449911957681491,5
29,VST_first,171,29_7_222,VD,6,0.14453776190999573,0.8554622380900042,3
29,VST_first,172,29_7_223,CD,6,0.5532170286416054,0.44678297135839473,4
29,VST_first,173,29_7_224,VD,6,0.5069086936961598,0.4930913063038403,6
29,VST_first,174,29_8_225,VD,7,0.5200732628654783,0.47992673713452183,2
29,VST_first,175,29_8_226,CD,7,0.4367632055025054,0.5632367944974945,5
29,VST_first,176,29_8_227,CD,7,0.7855615127844342,0.21443848721556577,5
29,VST_first,177,29_8_228,VD,7,0.4821770453179219,0.5178229546820781,4
29,VST_first,178,29_8_230,CD,7,0.3961201455759565,0.6038798544240436,5
29,VST_first,179,29_8_231,CD,7,0.14092550508845528,0.8590744949115448,4
29,VST_first,181,29_8_233,CD,7,0.20816171020865953,0.7918382897913405,5
29,VST_first,182,29_8_234,CD,7,0.13140970401861427,0.8685902959813857,4
29,VST_first,183,29_8_235,VD,7,0.25838258270801007,0.7416174172919899,5
29,VST_first,184,29_8_236,CD,7,0.3508714156928908,0.6491285843071092,5
29,VST_first,185,29_8_237,VD,7,0.34814016466301684,0.6518598353369831,4
29,VST_first,186,29_8_238,VD,7,0.5284875888833828,0.47151241111661724,6
29,VST_first,188,29_8_240,VD,7,0.12422313501799492,0.8757768649820051,4
29,VST_first,189,29_8_241,CD,7,0.4147504242985719,0.5852495757014281,5
29,VST_first,190,29_8_242,CD,7,0.5894935337153627,0.4105064662846373,3
29,VST_first,192,29_8_245,VD,7,0.20151020725061444,0.7984897927493856,4
29,VST_first,193,29_8_246,VD,7,0.1489544434221387,0.8510455565778612,4
29,VST_first,194,29_8_247,VD,7,0.3849255785173271,0.6150744214826729,3
29,VST_first,196,29_8_249,VD,7,0.11027358272470941,0.8897264172752906,3
29,VST_first,197,29_8_250,CD,7,0.12196195716844702,0.878038042831553,4
29,VST_first,198,29_8_251,CD,7,0.6774214220832441,0.322578577916756,3
29,VST_first,199,29_8_252,CD,7,0.7023576847047179,0.29764231529528207,4
29,VST_first,201,29_8_254,VD,7,0.3684810467264432,0.6315189532735568,4
29,VST_first,202,29_8_255,CD,7,0.33784624032075755,0.6621537596792424,4
29,VST_first,203,29_8_256,VD,7,0.6780991284971102,0.3219008715028898,3
29,VST_first,204,29_9_257,VD,8,0.5143140658479859,0.4856859341520141,2
29,VST_first,205,29_9_258,CD,8,0.1822892975102861,0.8177107024897139,4
29,VST_first,206,29_9_259,VD,8,0.4488775523504517,0.5511224476495482,4
29,VST_first,209,29_9_262,CD,8,0.11419883848666948,0.8858011615133305,4
29,VST_first,210,29_9_263,VD,8,0.11663643950924835,0.8833635604907517,4
29,VST_first,212,29_9_265,CD,8,0.5066166678621185,0.4933833321378815,5
29,VST_first,213,29_9_266,VD,8,0.1071144437149809,0.8928855562850191,3
29,VST_first,214,29_9_267,CD,8,0.5141301019086996,0.48586989809130043,2
29,VST_first,215,29_9_272,CD,8,0.10086130454364553,0.8991386954563545,2
29,VST_first,216,29_9_273,CD,8,0.18577720553498006,0.81422279446502,4
29,VST_first,217,29_9_274,CD,8,0.31511080507911055,0.6848891949208894,5
29,VST_first,218,29_9_277,CD,8,0.11587951980801235,0.8841204801919876,3
29,VST_first,219,29_9_278,VD,8,0.40959676936608147,0.5904032306339184,5
29,VST_first,220,29_9_279,VD,8,0.454732722702968,0.545267277297032,4
29,VST_first,221,29_9_280,CD,8,0.3880581903020498,0.6119418096979502,3
29,VST_first,222,29_9_281,VD,8,0.3682900094972942,0.6317099905027058,4
29,VST_first,223,29_9_282,VD,8,0.3172854956192268,0.6827145043807732,4
29,VST_first,224,29_9_283,CD,8,0.10296021751789064,0.8970397824821094,4
29,VST_first,225,29_9_284,CD,8,0.23306773045283538,0.7669322695471646,4
29,VST_first,226,29_9_285,CD,8,0.32948840536444796,0.670511594635552,5
29,VST_first,227,29_9_286,CD,8,0.5210403104223492,0.47895968957765084,2
29,VST_first,228,29_9_287,CD,8,0.2058911869686471,0.794108813031353,4
29,VST_first,229,29_9_288,VD,8,0.1321129046293574,0.8678870953706427,4
30,RSVP_first,1,30_2_34,VD,1,0.1494405426473905,0.8505594573526094,4
30,RSVP_first,3,30_2_37,VD,1,0.13645217210078658,0.8635478278992135,3
30,RSVP_first,4,30_2_39,VD,1,0.3978550770435599,0.6021449229564401,3
30,RSVP_first,5,30_2_40,CD,1,0.5139100472513202,0.48608995274867983,2
30,RSVP_first,6,30_2_41,CD,1,0.10165953123672722,0.8983404687632728,4
30,RSVP_first,7,30_2_42,CD,1,0.33256392167179,0.6674360783282101,4
30,RSVP_first,8,30_2_43,CD,1,0.3299132949243455,0.6700867050756545,4
30,RSVP_first,9,30_2_44,CD,1,0.28427483577980733,0.7157251642201927,3
30,RSVP_first,10,30_2_45,VD,1,0.33093986763190436,0.6690601323680957,4
30,RSVP_first,11,30_2_46,VD,1,0.2081243784400246,0.7918756215599754,3
30,RSVP_first,12,30_2_47,VD,1,0.5245862250948687,0.47541377490513126,2
30,RSVP_first,14,30_2_49,VD,1,0.110799278812175,0.889200721187825,3
30,RSVP_first,15,30_2_50,CD,1,0.11456881097992018,0.8854311890200799,3
30,RSVP_first,16,30_2_51,CD,1,0.3936692453777904,0.6063307546222096,3
30,RSVP_first,17,30_2_52,VD,1,0.1695820131220157,0.8304179868779843,3
30,RSVP_first,18,30_2_53,VD,1,0.42299108906880234,0.5770089109311977,3
30,RSVP_first,19,30_2_54,CD,1,0.10605261165510774,0.8939473883448923,4
30,RSVP_first,20,30_2_55,CD,1,0.27844671798334414,0.7215532820166559,3
30,RSVP_first,21,30_2_56,CD,1,0.4183145871450746,0.5816854128549254,3
30,RSVP_first,22,30_2_57,VD,1,0.5244670755190625,0.4755329244809375,2
30,RSVP_first,23,30_2_58,VD,1,0.10197650788246547,0.8980234921175345,4
30,RSVP_first,24,30_2_59,VD,1,0.13453024312552053,0.8654697568744795,3
30,RSVP_first,26,30_2_61,CD,1,0.11523401679362114,0.8847659832063788,3
30,RSVP_first,27,30_2_62,CD,1,0.10759968511418411,0.892400314885816,4
30,RSVP_first,28,30_2_63,CD,1,0.18576820320946458,0.8142317967905355,3
30,RSVP_first,29,30_2_64,VD,1,0.10486382845778255,0.8951361715422175,4
30,RSVP_first,30,30_3_65,VD,2,0.12612240316554485,0.8738775968344552,4
30,RSVP_first,31,30_3_66,CD,2,0.10971715540351025,0.8902828445964898,4
30,RSVP_first,32,30_3_67,CD,2,0.40391044542705934,0.5960895545729407,3
30,RSVP_first,34,30_3_70,VD,2,0.33724825004887704,0.6627517499511228,4
30,RSVP_first,36,30_3_73,VD,2,0.10483576635732386,0.8951642336426762,4
30,RSVP_first,37,30_3_74,CD,2,0.10399843793110845,0.8960015620688916,4
30,RSVP_first,38,30_3_75,VD,2,0.32881670048482503,0.671183299515175,4
30,RSVP_first,39,30_3_76,CD,2,0.5153373123650038,0.48466268763499615,2
30,RSVP_first,40,30_3_77,CD,2,0.5139443400733589,0.4860556599266411,2
30,RSVP_first,42,30_3_79,CD,2,0.32902908408185383,0.6709709159181462,4
30,RSVP_first,43,30_3_80,CD,2,0.36781514934439546,0.6321848506556045,3
30,RSVP_first,44,30_3_81,CD,2,0.11353001620432507,0.8864699837956749,4
30,RSVP_first,45,30_3_82,CD,2,0.21888162438787065,0.7811183756121293,3
30,RSVP_first,46,30_3_83,VD,2,0.4707567297945718,0.5292432702054282,3
30,RSVP_first,47,30_3_84,VD,2,0.14528462482319088,0.8547153751768092,3
30,RSVP_first,48,30_3_85,VD,2,0.5238242070352374,0.47617579296476265,2
30,RSVP_first,49,30_3_86,CD,2,0.13155520262230516,0.8684447973776948,3
30,RSVP_first,50,30_3_87,CD,2,0.09872979542506569,0.9012702045749343,4
30,RSVP_first,51,30_3_88,VD,2,0.86009170644108,0.13990829355891996,2
30,RSVP_first,52,30_3_89,CD,2,0.5188901908263122,0.48110980917368784,2
30,RSVP_first,53,30_3_90,VD,2,0.38761947386938,0.61238052613062,3
30,RSVP_first,54,30_3_91,CD,2,0.18563889193516506,0.814361108064835,3
30,RSVP_first,55,30_3_93,VD,2,0.17166893645696246,0.8283310635430375,3
30,RSVP_first,56,30_3_94,CD,2,0.5545075054696369,0.4454924945303632,2
30,RSVP_first,57,30_3_96,VD,2,0.19330753752232416,0.8066924624776759,2
30,RSVP_first,58,30_4_98,VD,3,0.10538834453727638,0.8946116554627236,4
30,RSVP_first,59,30_4_100,CD,3,0.15409318596370558,0.8459068140362944,3
30,RSVP_first,61,30_4_102,CD,3,0.09410664074525532,0.9058933592547447,3
30,RSVP_first,62,30_4_103,VD,3,0.5147005926764545,0.4852994073235455,2
30,RSVP_first,63,30_4_104,CD,3,0.4681392753515388,0.5318607246484612,3
30,RSVP_first,64,30_4_105,CD,3,0.3276898569070939,0.6723101430929062,4
30,RSVP_first,65,30_4_106,VD,3,0.09980757250791496,0.900192427492085,3
30,RSVP_first,66,30_4_107,VD,3,0.12049763050030762,0.8795023694996924,4
30,RSVP_first,67,30_4_108,CD,3,0.3918115311461615,0.6081884688538385,3
30,RSVP_first,68,30_4_109,VD,3,0.12344681598391231,0.8765531840160877,4
30,RSVP_first,70,30_4_111,VD,3,0.3854783387735464,0.6145216612264536,3
30,RSVP_first,71,30_4_112,VD,3,0.42829246285446027,0.5717075371455398,3
30,RSVP_first,72,30_4_113,VD,3,0.12516826293250966,0.8748317370674903,3
30,RSVP_first,73,30_4_115,CD,3,0.09462741280229349,0.9053725871977065,3
30,RSVP_first,74,30_4_116,CD,3,0.21810300495970839,0.7818969950402916,3
30,RSVP_first,76,30_4_118,CD,3,0.11903074497459719,0.8809692550254028,3
30,RSVP_first,77,30_4_119,VD,3,0.5147736591067572,0.48522634089324274,2
30,RSVP_first,78,30_4_120,CD,3,0.5140328213632861,0.48596717863671385,2
30,RSVP_first,79,30_4_121,VD,3,0.11940087737619591,0.880599122623804,4
30,RSVP_first,80,30_4_123,CD,3,0.11915209639754375,0.8808479036024562,3
30,RSVP_first,81,30_4_124,CD,3,0.1102886137624466,0.8897113862375534,4
30,RSVP_first,82,30_4_125,VD,3,0.33953565603003105,0.6604643439699689,4
30,RSVP_first,83,30_4_126,CD,3,0.3886629706186261,0.6113370293813739,3
30,RSVP_first,84,30_4_127,VD,3,0.09616294307121392,0.903837056928786,3
30,RSVP_first,86,30_5_129,VD,4,0.17769205631943102,0.822307943680569,4
30,RSVP_first,87,30_5_130,VD,4,0.17424329987908008,0.8257567001209198,4
30,RSVP_first,88,30_5_131,CD,4,0.4650179539585507,0.5349820460414493,3
30,RSVP_first,89,30_5_132,VD,4,0.21880813528762671,0.7811918647123733,4
30,RSVP_first,90,30_5_133,VD,4,0.3327504534923568,0.6672495465076431,4
30,RSVP_first,91,30_5_134,CD,4,0.12753279809849422,0.8724672019015058,4
30,RSVP_first,93,30_5_136,VD,4,0.12184465924398838,0.8781553407560116,4
30,RSVP_first,95,30_5_138,CD,4,0.14919479539620986,0.8508052046037902,4
30,RSVP_first,96,30_5_139,VD,4,0.2905882089621492,0.7094117910378508,5
30,RSVP_first,97,30_5_140,VD,4,0.5139621586732607,0.48603784132673933,2
30,RSVP_first,98,30_5_141,CD,4,0.5072449412906058,0.4927550587093942,5
30,RSVP_first,100,30_5_143,CD,4,0.20554809045685496,0.794451909543145,4
30,RSVP_first,101,30_5_144,VD,4,0.5216554947996879,0.4783445052003121,2
30,RSVP_first,102,30_5_145,CD,4,0.2672948388170207,0.7327051611829792,3
30,RSVP_first,103,30_5_146,VD,4,0.10077601537395081,0.8992239846260491,3
30,RSVP_first,104,30_5_147,VD,4,0.10511572258956825,0.8948842774104317,4
30,RSVP_first,105,30_5_148,CD,4,0.19667105351511752,0.8033289464848825,4
30,RSVP_first,106,30_5_149,CD,4,0.10196255291926565,0.8980374470807343,3
30,RSVP_first,107,30_5_150,CD,4,0.10063877683894296,0.899361223161057,4
30,RSVP_first,108,30_5_151,CD,4,0.10664174803254768,0.8933582519674523,4
30,RSVP_first,111,30_5_155,CD,4,0.32193966473553914,0.678060335264461,4
30,RSVP_first,112,30_5_157,CD,4,0.3237899247295531,0.676210075270447,4
30,RSVP_first,113,30_5_158,CD,4,0.5176591262570529,0.48234087374294704,2
30,RSVP_first,114,30_5_159,VD,4,0.1339665260607576,0.8660334739392423,3
30,RSVP_first,115,30_5_160,VD,4,0.10867568343824768,0.8913243165617524,4
30,RSVP_first,117,30_6_162,CD,5,0.48465651517239394,0.5153434848276061,4
30,RSVP_first,118,30_6_163,CD,5,0.40247469814669457,0.5975253018533054,3
30,RSVP_first,119,30_6_165,CD,5,0.15910546496157144,0.8408945350384285,4
30,RSVP_first,120,30_6_166,VD,5,0.5184245270165734,0.48157547298342657,2
30,RSVP_first,122,30_6_170,VD,5,0.3338772820810795,0.6661227179189206,4
30,RSVP_first,123,30_6_171,CD,5,0.5180743235472342,0.4819256764527659,2
30,RSVP_first,124,30_6_172,VD,5,0.11748792136320474,0.8825120786367953,3
30,RSVP_first,125,30_6_173,VD,5,0.35657265121571113,0.6434273487842889,4
30,RSVP_first,126,30_6_174,CD,5,0.5237085661837642,0.47629143381623584,2
30,RSVP_first,127,30_6_175,CD,5,0.11793019137177203,0.8820698086282279,3
30,RSVP_first,128,30_6_176,CD,5,0.13600236282641925,0.8639976371735807,3
30,RSVP_first,129,30_6_177,VD,5,0.22953160098782086,0.7704683990121791,3
30,RSVP_first,130,30_6_178,CD,5,0.11845034656916772,0.8815496534308322,3
30,RSVP_first,131,30_6_179,VD,5,0.10131578828759075,0.8986842117124093,4
30,RSVP_first,132,30_6_180,CD,5,0.16981780185355244,0.8301821981464476,4
30,RSVP_first,133,30_6_181,CD,5,0.12709329390820318,0.8729067060917969,3
30,RSVP_first,134,30_6_182,VD,5,0.5322777285143151,0.4677222714856849,2
30,RSVP_first,135,30_6_183,VD,5,0.26233903189015817,0.7376609681098418,4
30,RSVP_first,137,30_6_185,VD,5,0.1374149223755828,0.8625850776244172,4
30,RSVP_first,138,30_6_186,CD,5,0.21214657778550375,0.7878534222144963,3
30,RSVP_first,139,30_6_187,VD,5,0.5506259447969047,0.44937405520309526,4
30,RSVP_first,140,30_6_189,VD,5,0.11351994380504304,0.886480056194957,4
30,RSVP_first,141,30_6_190,VD,5,0.13902050501590457,0.8609794949840954,3
30,RSVP_first,143,30_6_192,CD,5,0.10121428032443684,0.8987857196755631,4
30,RSVP_first,145,30_7_194,VD,6,0.10391632438141099,0.896083675618589,4
30,RSVP_first,146,30_7_195,CD,6,0.11394811733844569,0.8860518826615543,4
30,RSVP_first,147,30_7_196,CD,6,0.1801324286780427,0.8198675713219573,3
30,RSVP_first,148,30_7_198,CD,6,0.1602209124969664,0.8397790875030335,4
30,RSVP_first,149,30_7_199,CD,6,0.12089346454934811,0.8791065354506519,3
30,RSVP_first,150,30_7_200,CD,6,0.18572274456115,0.81427725543885,4
30,RSVP_first,151,30_7_201,CD,6,0.4540323189499283,0.5459676810500717,3
30,RSVP_first,152,30_7_202,CD,6,0.13161989118873074,0.8683801088112693,4
30,RSVP_first,153,30_7_203,CD,6,0.44655709976853747,0.5534429002314626,3
30,RSVP_first,154,30_7_205,VD,6,0.09980145852342373,0.9001985414765763,4
30,RSVP_first,155,30_7_206,VD,6,0.10995171687386655,0.8900482831261334,4
30,RSVP_first,156,30_7_207,CD,6,0.10578409836732895,0.8942159016326711,4
30,RSVP_first,158,30_7_209,CD,6,0.1089993367082454,0.8910006632917546,3
30,RSVP_first,159,30_7_210,VD,6,0.3681337815865654,0.6318662184134346,4
30,RSVP_first,160,30_7_211,VD,6,0.5154134429736363,0.4845865570263636,2
30,RSVP_first,161,30_7_212,VD,6,0.17843115722403236,0.8215688427759676,3
30,RSVP_first,162,30_7_214,CD,6,0.35181832790928835,0.6481816720907116,3
30,RSVP_first,163,30_7_215,VD,6,0.3906985600236861,0.6093014399763139,3
30,RSVP_first,164,30_7_216,VD,6,0.10819789542539605,0.891802104574604,3
30,RSVP_first,167,30_7_219,CD,6,0.10921070996563091,0.8907892900343691,4
30,RSVP_first,168,30_7_220,CD,6,0.5172689486031135,0.4827310513968865,2
30,RSVP_first,169,30_7_221,VD,6,0.5436218036465785,0.4563781963534215,3
30,RSVP_first,170,30_7_222,VD,6,0.31289488402107063,0.6871051159789293,3
30,RSVP_first,171,30_7_223,CD,6,0.25050894417199543,0.7494910558280046,4
30,RSVP_first,172,30_7_224,VD,6,0.10750061594964755,0.8924993840503525,4
30,RSVP_first,173,30_8_225,VD,7,0.10895411124762641,0.8910458887523736,4
30,RSVP_first,175,30_8_227,CD,7,0.1163139062679197,0.8836860937320803,4
30,RSVP_first,176,30_8_228,VD,7,0.5145284173108647,0.48547158268913526,2
30,RSVP_first,177,30_8_229,CD,7,0.1137926055796806,0.8862073944203195,4
30,RSVP_first,178,30_8_231,VD,7,0.10568332394315175,0.8943166760568483,3
30,RSVP_first,179,30_8_232,CD,7,0.09621181765136078,0.9037881823486392,3
30,RSVP_first,180,30_8_233,CD,7,0.38425277698784954,0.6157472230121505,3
30,RSVP_first,181,30_8_235,CD,7,0.39095192592457795,0.609048074075422,3
30,RSVP_first,182,30_8_236,CD,7,0.5134428787252565,0.4865571212747435,2
30,RSVP_first,183,30_8_237,VD,7,0.3210859597420962,0.6789140402579037,4
30,RSVP_first,184,30_8_238,CD,7,0.10342459121168018,0.8965754087883198,4
30,RSVP_first,185,30_8_239,VD,7,0.5497862792772201,0.4502137207227799,2
30,RSVP_first,187,30_8_241,VD,7,0.11013650456012793,0.889863495439872,3
30,RSVP_first,188,30_8_242,VD,7,0.10715978228702214,0.8928402177129778,4
30,RSVP_first,189,30_8_243,CD,7,0.1049699269789098,0.8950300730210902,4
30,RSVP_first,190,30_8_244,VD,7,0.38634331760225904,0.613656682397741,3
30,RSVP_first,191,30_8_245,CD,7,0.4791305592661617,0.5208694407338383,3
30,RSVP_first,192,30_8_246,CD,7,0.5146006537234802,0.48539934627651976,2
30,RSVP_first,193,30_8_248,VD,7,0.10589624235163839,0.8941037576483617,4
30,RSVP_first,194,30_8_249,VD,7,0.09543320881874809,0.9045667911812519,3
30,RSVP_first,196,30_8_251,CD,7,0.10544472181704628,0.8945552781829538,3
30,RSVP_first,198,30_8_254,VD,7,0.4357327487370166,0.5642672512629834,3
30,RSVP_first,199,30_8_255,VD,7,0.3200240877769759,0.6799759122230241,4
30,RSVP_first,200,30_8_256,VD,7,0.11383248279013342,0.8861675172098666,4
30,RSVP_first,201,30_9_257,CD,8,0.09841732040453609,0.9015826795954639,3
30,RSVP_first,202,30_9_258,VD,8,0.09872371240447814,0.9012762875955218,3
30,RSVP_first,203,30_9_259,CD,8,0.1118792998136368,0.8881207001863631,4
30,RSVP_first,204,30_9_260,VD,8,0.13472456630720125,0.8652754336927987,3
30,RSVP_first,205,30_9_261,VD,8,0.3829465450107374,0.6170534549892626,4
30,RSVP_first,206,30_9_263,CD,8,0.5146939885707045,0.48530601142929547,2
30,RSVP_first,208,30_9_265,CD,8,0.10758589569374781,0.8924141043062521,4
30,RSVP_first,209,30_9_266,VD,8,0.211286990821552,0.788713009178448,4
30,RSVP_first,210,30_9_267,CD,8,0.30271698440230127,0.6972830155976988,3
30,RSVP_first,211,30_9_268,CD,8,0.31495073318647127,0.6850492668135287,3
30,RSVP_first,212,30_9_269,VD,8,0.3842524907446212,0.6157475092553788,3
30,RSVP_first,214,30_9_271,VD,8,0.10518348418541466,0.8948165158145853,4
30,RSVP_first,215,30_9_272,VD,8,0.12338919335357004,0.87661080664643,3
30,RSVP_first,216,30_9_273,VD,8,0.1102142021974413,0.8897857978025587,4
30,RSVP_first,217,30_9_274,CD,8,0.13701373635519426,0.8629862636448058,3
30,RSVP_first,219,30_9_276,CD,8,0.10214391895908921,0.8978560810409109,4
30,RSVP_first,220,30_9_277,VD,8,0.5158649040727399,0.4841350959272601,2
30,RSVP_first,221,30_9_278,CD,8,0.11012480650054295,0.8898751934994571,4
30,RSVP_first,223,30_9_280,VD,8,0.38964242512813374,0.6103575748718663,3
30,RSVP_first,224,30_9_281,CD,8,0.3182264177520945,0.6817735822479054,4
30,RSVP_first,225,30_9_282,VD,8,0.6566356499793118,0.3433643500206882,3
30,RSVP_first,227,30_9_284,CD,8,0.10654902311094668,0.8934509768890533,4
30,RSVP_first,228,30_9_285,CD,8,0.31305969370605985,0.6869403062939401,4
30,RSVP_first,229,30_9_286,CD,8,0.39061230873076624,0.6093876912692338,3
30,RSVP_first,230,30_9_287,VD,8,0.9115888719463366,0.08841112805366337,2
30,RSVP_first,231,30_9_288,VD,8,0.10489194931971536,0.8951080506802847,4
31,VST_first,1,31_2_33,CD,1,0.3918031926884525,0.6081968073115475,4
31,VST_first,2,31_2_34,VD,1,0.4935224400824335,0.5064775599175665,3
31,VST_first,3,31_2_35,VD,1,0.5631774516944166,0.43682254830558354,3
31,VST_first,6,31_2_38,CD,1,0.3259735191078337,0.6740264808921663,5
31,VST_first,7,31_2_39,CD,1,0.5388510848289882,0.46114891517101175,2
31,VST_first,8,31_2_40,CD,1,0.13181171337765904,0.8681882866223409,3
31,VST_first,9,31_2_41,CD,1,0.3503598712868852,0.6496401287131148,4
31,VST_first,10,31_2_42,VD,1,0.10827154132519498,0.891728458674805,4
31,VST_first,11,31_2_43,CD,1,0.38745615269847655,0.6125438473015234,3
31,VST_first,12,31_2_45,CD,1,0.33306754665247984,0.6669324533475202,4
31,VST_first,13,31_2_46,VD,1,0.4989690223639165,0.5010309776360835,3
31,VST_first,14,31_2_47,VD,1,0.2131825444304429,0.7868174555695572,3
31,VST_first,15,31_2_48,CD,1,0.3199182676066205,0.6800817323933794,5
31,VST_first,16,31_2_49,CD,1,0.22032005677606753,0.7796799432239324,3
31,VST_first,17,31_2_50,CD,1,0.42932264556623245,0.5706773544337675,4
31,VST_first,18,31_2_51,CD,1,0.10857992352197948,0.8914200764780205,4
31,VST_first,20,31_2_53,VD,1,0.24870137230911915,0.7512986276908808,3
31,VST_first,21,31_2_54,VD,1,0.5151555143877433,0.48484448561225674,3
31,VST_first,22,31_2_55,VD,1,0.27161092582848967,0.7283890741715103,5
31,VST_first,23,31_2_56,CD,1,0.44818295645550993,0.55181704354449,3
31,VST_first,24,31_2_57,VD,1,0.2502350746452336,0.7497649253547665,4
31,VST_first,25,31_2_59,CD,1,0.15376658343835994,0.8462334165616401,3
31,VST_first,26,31_2_60,VD,1,0.4460982602493665,0.5539017397506335,4
31,VST_first,27,31_2_61,VD,1,0.2639416822910007,0.7360583177089993,5
31,VST_first,29,31_2_63,VD,1,0.24620415393230227,0.7537958460676978,3
31,VST_first,30,31_2_64,CD,1,0.426311117238949,0.573688882761051,4
31,VST_first,31,31_3_65,VD,2,0.398090829576248,0.601909170423752,6
31,VST_first,32,31_3_66,CD,2,0.3999830808457492,0.6000169191542509,3
31,VST_first,33,31_3_68,VD,2,0.1492893646246639,0.8507106353753361,4
31,VST_first,35,31_3_70,CD,2,0.5403637857349195,0.4596362142650805,2
31,VST_first,36,31_3_71,VD,2,0.27822086993693784,0.7217791300630622,3
31,VST_first,38,31_3_73,VD,2,0.15818370890828937,0.8418162910917106,4
31,VST_first,39,31_3_74,CD,2,0.41929517280863987,0.5807048271913601,4
31,VST_first,41,31_3_76,CD,2,0.2699121097670612,0.7300878902329389,4
31,VST_first,42,31_3_77,CD,2,0.12443191389166791,0.875568086108332,4
31,VST_first,43,31_3_78,VD,2,0.5205578842140702,0.47944211578592977,2
31,VST_first,44,31_3_79,CD,2,0.29275569273697993,0.70724430726302,4
31,VST_first,45,31_3_80,VD,2,0.14497585728625217,0.8550241427137478,4
31,VST_first,46,31_3_81,CD,2,0.4365799415210663,0.5634200584789337,2
31,VST_first,47,31_3_82,CD,2,0.23490481661267576,0.7650951833873243,4
31,VST_first,48,31_3_83,CD,2,0.4411312885557178,0.5588687114442822,5
31,VST_first,49,31_3_84,VD,2,0.4202549872513847,0.5797450127486152,3
31,VST_first,50,31_3_85,CD,2,0.40639037706720205,0.593609622932798,3
31,VST_first,51,31_3_86,CD,2,0.19605003980290972,0.8039499601970903,4
31,VST_first,52,31_3_87,VD,2,0.167994712654718,0.832005287345282,3
31,VST_first,53,31_3_88,CD,2,0.326635815090821,0.6733641849091789,4
31,VST_first,54,31_3_89,VD,2,0.12230432829980874,0.8776956717001914,4
31,VST_first,55,31_3_90,VD,2,0.5431104116657275,0.4568895883342725,4
31,VST_first,56,31_3_91,CD,2,0.1915248953257765,0.8084751046742235,3
31,VST_first,57,31_3_92,VD,2,0.16346758238041323,0.8365324176195867,4
31,VST_first,58,31_3_93,VD,2,0.5188901908263122,0.48110980917368784,2
31,VST_first,59,31_3_94,CD,2,0.17722733011910674,0.8227726698808933,4
31,VST_first,60,31_3_95,VD,2,0.40900748228760053,0.5909925177123995,3
31,VST_first,61,31_3_96,CD,2,0.2778879220619097,0.7221120779380902,3
31,VST_first,62,31_4_97,CD,3,0.1060902681789446,0.8939097318210554,4
31,VST_first,63,31_4_98,CD,3,0.5550924933387771,0.4449075066612229,4
31,VST_first,64,31_4_99,CD,3,0.12900362584668623,0.8709963741533138,4
31,VST_first,65,31_4_100,VD,3,0.4239398666886503,0.5760601333113496,5
31,VST_first,66,31_4_101,VD,3,0.12044550448774557,0.8795544955122544,3
31,VST_first,67,31_4_102,CD,3,0.40039899270262636,0.5996010072973736,3
31,VST_first,68,31_4_103,VD,3,0.5159435673658215,0.48405643263417847,2
31,VST_first,69,31_4_104,VD,3,0.39149958951536923,0.6085004104846308,3
31,VST_first,70,31_4_105,VD,3,0.13357283597829714,0.8664271640217028,3
31,VST_first,71,31_4_106,CD,3,0.20706457621574603,0.792935423784254,4
31,VST_first,72,31_4_107,CD,3,0.1671740228308019,0.8328259771691982,4
31,VST_first,74,31_4_109,CD,3,0.6015485957421771,0.39845140425782294,2
31,VST_first,75,31_4_110,CD,3,0.23928747938644063,0.7607125206135594,4
31,VST_first,76,31_4_111,CD,3,0.5024478480787097,0.4975521519212903,3
31,VST_first,77,31_4_112,VD,3,0.15498290555441452,0.8450170944455855,4
31,VST_first,78,31_4_113,VD,3,0.2681769976386064,0.7318230023613935,3
31,VST_first,79,31_4_114,VD,3,0.12708500356842595,0.872914996431574,3
31,VST_first,80,31_4_115,VD,3,0.19270509984584477,0.8072949001541552,4
31,VST_first,81,31_4_116,CD,3,0.45920075016706957,0.5407992498329304,5
31,VST_first,83,31_4_118,VD,3,0.6061406039306487,0.3938593960693514,2
31,VST_first,84,31_4_119,VD,3,0.4383440938234701,0.5616559061765299,3
31,VST_first,85,31_4_120,VD,3,0.13113196433100552,0.8688680356689945,3
31,VST_first,86,31_4_121,VD,3,0.1759756377362308,0.8240243622637693,4
31,VST_first,87,31_4_122,CD,3,0.21774576549235403,0.782254234507646,4
31,VST_first,89,31_4_124,VD,3,0.31002478964003877,0.6899752103599612,5
31,VST_first,91,31_4_126,CD,3,0.23253750478863258,0.7674624952113674,4
31,VST_first,92,31_4_127,CD,3,0.15459262369695467,0.8454073763030454,3
31,VST_first,93,31_4_128,CD,3,0.13197704848851677,0.8680229515114832,3
31,VST_first,94,31_5_129,CD,4,0.25079705262502083,0.7492029473749792,3
31,VST_first,95,31_5_131,CD,4,0.5139345507308902,0.4860654492691097,2
31,VST_first,96,31_5_132,VD,4,0.3167392851311309,0.6832607148688692,4
31,VST_first,97,31_5_134,CD,4,0.15822912810519887,0.8417708718948012,3
31,VST_first,98,31_5_135,VD,4,0.4841817154990309,0.5158182845009691,4
31,VST_first,99,31_5_136,VD,4,0.5361956670734133,0.46380433292658674,7
31,VST_first,100,31_5_137,CD,4,0.1398465876191925,0.8601534123808076,3
31,VST_first,101,31_5_138,CD,4,0.4186047685483052,0.5813952314516948,5
31,VST_first,102,31_5_139,VD,4,0.39608714694046204,0.6039128530595379,3
31,VST_first,103,31_5_140,CD,4,0.35678868602286273,0.6432113139771373,3
31,VST_first,105,31_5_142,CD,4,0.3453498359317637,0.6546501640682363,5
31,VST_first,107,31_5_144,VD,4,0.38600388601641084,0.6139961139835891,3
31,VST_first,108,31_5_145,VD,4,0.13024462627323974,0.8697553737267603,4
31,VST_first,109,31_5_146,VD,4,0.5182674486075977,0.4817325513924023,3
31,VST_first,111,31_5_148,CD,4,0.516478947716138,0.48352105228386194,2
31,VST_first,112,31_5_149,VD,4,0.6093718680587366,0.3906281319412634,3
31,VST_first,113,31_5_150,CD,4,0.10458849475758002,0.89541150524242,4
31,VST_first,114,31_5_151,VD,4,0.15293279718000138,0.8470672028199986,3
31,VST_first,115,31_5_152,VD,4,0.10983255833824718,0.8901674416617528,4
31,VST_first,116,31_5_153,CD,4,0.4261084561060546,0.5738915438939454,4
31,VST_first,117,31_5_154,CD,4,0.34687502132428283,0.6531249786757172,4
31,VST_first,119,31_5_156,VD,4,0.4027671429682541,0.5972328570317458,3
31,VST_first,120,31_5_157,CD,4,0.3600997830179574,0.6399002169820426,3
31,VST_first,121,31_5_158,VD,4,0.22393280764385426,0.7760671923561457,4
31,VST_first,122,31_5_160,VD,4,0.4306104462149868,0.5693895537850132,5
31,VST_first,123,31_6_161,VD,5,0.3392976789321325,0.6607023210678675,4
31,VST_first,124,31_6_162,CD,5,0.2960919478761106,0.7039080521238894,5
31,VST_first,125,31_6_163,VD,5,0.5151798071594968,0.4848201928405031,2
31,VST_first,126,31_6_164,CD,5,0.15167289840495235,0.8483271015950477,3
31,VST_first,127,31_6_165,VD,5,0.2457020255724467,0.7542979744275533,3
31,VST_first,128,31_6_166,VD,5,0.3097393860352982,0.6902606139647017,5
31,VST_first,129,31_6_168,CD,5,0.5407330084426345,0.4592669915573655,4
31,VST_first,130,31_6_169,VD,5,0.41706373929010276,0.5829362607098972,3
31,VST_first,131,31_6_170,CD,5,0.16303290095501483,0.8369670990449851,4
31,VST_first,133,31_6_172,VD,5,0.11775035625399191,0.8822496437460081,3
31,VST_first,134,31_6_173,CD,5,0.4515204612386117,0.5484795387613882,5
31,VST_first,135,31_6_174,VD,5,0.10529249115770112,0.8947075088422989,4
31,VST_first,136,31_6_176,CD,5,0.20832142120793487,0.7916785787920652,5
31,VST_first,137,31_6_177,CD,5,0.3942024527846912,0.6057975472153088,4
31,VST_first,138,31_6_178,VD,5,0.3369954827304007,0.6630045172695993,4
31,VST_first,140,31_6_180,VD,5,0.3722922864298316,0.6277077135701685,4
31,VST_first,141,31_6_181,VD,5,0.3349407820830057,0.6650592179169943,4
31,VST_first,142,31_6_182,CD,5,0.5179855380203087,0.4820144619796914,2
31,VST_first,143,31_6_183,CD,5,0.3144078075308763,0.6855921924691236,4
31,VST_first,145,31_6_185,CD,5,0.5165605514890546,0.48343944851094534,2
31,VST_first,146,31_6_186,CD,5,0.25509200841393276,0.7449079915860672,5
31,VST_first,147,31_6_187,CD,5,0.18796273031653876,0.8120372696834612,4
31,VST_first,148,31_6_188,VD,5,0.5205578842140702,0.47944211578592977,2
31,VST_first,149,31_6_189,VD,5,0.1026819030988224,0.8973180969011776,4
31,VST_first,150,31_6_190,CD,5,0.48419476489494984,0.5158052351050502,4
31,VST_first,152,31_6_192,VD,5,0.11955792038790827,0.8804420796120918,4
31,VST_first,153,31_7_193,VD,6,0.4782523433253945,0.5217476566746054,5
31,VST_first,154,31_7_194,CD,6,0.4443460692086767,0.5556539307913233,3
31,VST_first,155,31_7_195,CD,6,0.11800617544559105,0.8819938245544089,4
31,VST_first,156,31_7_196,CD,6,0.4452337017597656,0.5547662982402343,3
31,VST_first,157,31_7_197,CD,6,0.3920001052484182,0.6079998947515818,3
31,VST_first,158,31_7_198,CD,6,0.31852749724109075,0.6814725027589092,4
31,VST_first,159,31_7_199,VD,6,0.42086892713954754,0.5791310728604524,3
31,VST_first,160,31_7_200,CD,6,0.1227973328598697,0.8772026671401303,4
31,VST_first,161,31_7_201,CD,6,0.4540601283222501,0.5459398716777499,3
31,VST_first,162,31_7_202,CD,6,0.1252898170841663,0.8747101829158337,4
31,VST_first,163,31_7_203,CD,6,0.11372881094106306,0.886271189058937,4
31,VST_first,164,31_7_204,VD,6,0.11592226367009945,0.8840777363299006,4
31,VST_first,165,31_7_205,VD,6,0.46731582181568565,0.5326841781843143,5
31,VST_first,166,31_7_206,CD,6,0.31869175697816776,0.6813082430218322,4
31,VST_first,168,31_7_208,CD,6,0.13206735074572495,0.867932649254275,3
31,VST_first,170,31_7_210,VD,6,0.13713027017845375,0.8628697298215462,4
31,VST_first,172,31_7_212,VD,6,0.10686454690997427,0.8931354530900257,4
31,VST_first,173,31_7_213,VD,6,0.11748375918861842,0.8825162408113816,4
31,VST_first,174,31_7_214,VD,6,0.8538632803565083,0.14613671964349167,2
31,VST_first,175,31_7_215,VD,6,0.5199055486902573,0.4800944513097427,2
31,VST_first,176,31_7_216,VD,6,0.10370080000393467,0.8962991999960653,4
31,VST_first,177,31_7_217,CD,6,0.1397341908366403,0.8602658091633597,4
31,VST_first,178,31_7_218,VD,6,0.23568501742393677,0.7643149825760633,3
31,VST_first,179,31_7_219,CD,6,0.6019626301622726,0.3980373698377274,2
31,VST_first,180,31_7_220,VD,6,0.39267832063072455,0.6073216793692754,3
31,VST_first,181,31_7_221,VD,6,0.5142795170482071,0.48572048295179304,2
31,VST_first,182,31_7_222,CD,6,0.11309520390506639,0.8869047960949337,4
31,VST_first,183,31_7_223,VD,6,0.10390694766233771,0.8960930523376623,4
31,VST_first,185,31_8_225,CD,7,0.12848330997062157,0.8715166900293785,3
31,VST_first,186,31_8_226,VD,7,0.10221121080632589,0.897788789193674,4
31,VST_first,187,31_8_227,VD,7,0.10711106619154466,0.8928889338084554,4
31,VST_first,188,31_8_229,VD,7,0.39121195759051963,0.6087880424094804,3
31,VST_first,189,31_8_230,VD,7,0.2681341385519294,0.7318658614480705,3
31,VST_first,190,31_8_231,CD,7,0.18345159937236621,0.8165484006276338,5
31,VST_first,192,31_8_233,VD,7,0.13482619689462894,0.8651738031053711,3
31,VST_first,193,31_8_234,VD,7,0.27070591563030244,0.7292940843696977,3
31,VST_first,194,31_8_235,CD,7,0.10732560117606697,0.892674398823933,4
31,VST_first,195,31_8_236,VD,7,0.32465568475981005,0.6753443152401899,4
31,VST_first,196,31_8_237,VD,7,0.12365363827644996,0.8763463617235501,4
31,VST_first,198,31_8_239,VD,7,0.10315743039376618,0.8968425696062338,4
31,VST_first,200,31_8_241,VD,7,0.11393804607164593,0.8860619539283541,4
31,VST_first,201,31_8_242,CD,7,0.10367661057662153,0.8963233894233784,4
31,VST_first,202,31_8_243,VD,7,0.12280954318465744,0.8771904568153426,4
31,VST_first,203,31_8_244,CD,7,0.4552855690637423,0.5447144309362577,5
31,VST_first,204,31_8_245,CD,7,0.5159435673658215,0.48405643263417847,2
31,VST_first,205,31_8_246,CD,7,0.3829285188054081,0.6170714811945919,3
31,VST_first,206,31_8_247,VD,7,0.2702328042321798,0.7297671957678202,4
31,VST_first,207,31_8_248,CD,7,0.3533941172995133,0.6466058827004868,4
31,VST_first,208,31_8_249,VD,7,0.5334694255015485,0.4665305744984515,2
31,VST_first,209,31_8_250,VD,7,0.5145284173108647,0.48547158268913526,2
31,VST_first,210,31_8_251,CD,7,0.4371109896581681,0.5628890103418319,5
31,VST_first,211,31_8_252,CD,7,0.3895674441268836,0.6104325558731164,3
31,VST_first,212,31_8_253,CD,7,0.5175723059139086,0.4824276940860914,2
31,VST_first,213,31_8_254,VD,7,0.5162409410360242,0.4837590589639757,2
31,VST_first,214,31_8_255,CD,7,0.0973899520440806,0.9026100479559195,4
31,VST_first,215,31_9_257,VD,8,0.13835477102424168,0.8616452289757583,4
31,VST_first,216,31_9_258,VD,8,0.3888584253969678,0.6111415746030322,3
31,VST_first,218,31_9_260,CD,8,0.38894881473333215,0.6110511852666679,3
31,VST_first,219,31_9_261,VD,8,0.17452329562347468,0.8254767043765253,3
31,VST_first,220,31_9_262,VD,8,0.5185153963681497,0.48148460363185025,2
31,VST_first,221,31_9_263,CD,8,0.16978844558362874,0.8302115544163713,4
31,VST_first,222,31_9_264,VD,8,0.11062358383360726,0.8893764161663928,4
31,VST_first,224,31_9_266,CD,8,0.2638424185316271,0.736157581468373,3
31,VST_first,225,31_9_267,VD,8,0.52903157579585,0.47096842420414997,2
31,VST_first,226,31_9_268,VD,8,0.2426359527523967,0.7573640472476033,4
31,VST_first,227,31_9_270,CD,8,0.4433840676238345,0.5566159323761655,3
31,VST_first,228,31_9_271,VD,8,0.10464110052580097,0.895358899474199,4
31,VST_first,230,31_9_273,CD,8,0.13165943659616067,0.8683405634038392,3
31,VST_first,231,31_9_274,VD,8,0.337734094353045,0.6622659056469549,4
31,VST_first,232,31_9_275,CD,8,0.1256219541117703,0.8743780458882296,3
31,VST_first,233,31_9_276,CD,8,0.15415638806890392,0.8458436119310961,4
31,VST_first,234,31_9_277,CD,8,0.5169029994153532,0.4830970005846468,2
31,VST_first,235,31_9_278,VD,8,0.1290734020872155,0.8709265979127845,3
31,VST_first,236,31_9_279,CD,8,0.10435971065725189,0.8956402893427481,4
31,VST_first,237,31_9_280,VD,8,0.11431242655605107,0.885687573443949,4
31,VST_first,239,31_9_282,CD,8,0.1389764478054697,0.8610235521945302,4
31,VST_first,240,31_9_283,CD,8,0.1477236014564972,0.8522763985435028,4
31,VST_first,241,31_9_284,VD,8,0.5013224324851929,0.4986775675148071,4
31,VST_first,242,31_9_285,CD,8,0.5145284173108647,0.48547158268913526,2
31,VST_first,243,31_9_286,VD,8,0.3396645714711283,0.6603354285288717,4
31,VST_first,244,31_9_287,CD,8,0.31999322376410444,0.6800067762358954,4
31,VST_first,245,31_9_288,VD,8,0.11447338109970595,0.885526618900294,4
32,RSVP_first,2,32_2_34,CD,1,0.13764869861969364,0.8623513013803064,3
32,RSVP_first,3,32_2_35,VD,1,0.17356089109385833,0.8264391089061416,3
32,RSVP_first,4,32_2_36,CD,1,0.5139463903499893,0.4860536096500106,2
32,RSVP_first,5,32_2_37,CD,1,0.09821130480443682,0.9017886951955632,2
32,RSVP_first,6,32_2_38,CD,1,0.42121825895459286,0.5787817410454071,3
32,RSVP_first,7,32_2_39,CD,1,0.3170655824915785,0.6829344175084214,3
32,RSVP_first,8,32_2_40,VD,1,0.3624574675260837,0.6375425324739162,4
32,RSVP_first,9,32_2_41,CD,1,0.1164213558704885,0.8835786441295115,4
32,RSVP_first,10,32_2_42,VD,1,0.10062659297407478,0.8993734070259252,4
32,RSVP_first,11,32_2_43,CD,1,0.49693376707527587,0.5030662329247242,5
32,RSVP_first,13,32_2_46,CD,1,0.10929688307733756,0.8907031169226625,4
32,RSVP_first,14,32_2_47,CD,1,0.42918557472548347,0.5708144252745165,3
32,RSVP_first,15,32_2_48,VD,1,0.154422508113269,0.845577491886731,4
32,RSVP_first,16,32_2_49,CD,1,0.1629394639808341,0.8370605360191659,3
32,RSVP_first,18,32_2_57,CD,1,0.3417348418659338,0.6582651581340662,3
32,RSVP_first,19,32_2_58,CD,1,0.1240177285827265,0.8759822714172735,3
32,RSVP_first,20,32_2_59,VD,1,0.5145284173108647,0.48547158268913526,2
32,RSVP_first,21,32_2_60,VD,1,0.09918796710341886,0.9008120328965812,3
32,RSVP_first,22,32_2_61,VD,1,0.1083839784180465,0.8916160215819534,3
32,RSVP_first,23,32_2_64,VD,1,0.10470247101273562,0.8952975289872643,3
32,RSVP_first,24,32_3_65,CD,2,0.15506384812613386,0.8449361518738662,4
32,RSVP_first,25,32_3_67,VD,2,0.34744775060860844,0.6525522493913917,3
32,RSVP_first,26,32_3_68,CD,2,0.383549857321526,0.6164501426784739,3
32,RSVP_first,27,32_3_69,VD,2,0.5172689486031135,0.4827310513968865,2
32,RSVP_first,28,32_3_70,VD,2,0.10262871864610128,0.8973712813538987,3
32,RSVP_first,29,32_3_71,VD,2,0.5194789216827469,0.48052107831725305,2
32,RSVP_first,30,32_3_72,CD,2,0.10544327366715989,0.8945567263328401,3
32,RSVP_first,32,32_3_74,CD,2,0.5181592197741133,0.4818407802258867,2
32,RSVP_first,33,32_3_75,CD,2,0.1532138525653428,0.8467861474346572,3
32,RSVP_first,34,32_3_78,VD,2,0.3929075537397772,0.6070924462602229,3
32,RSVP_first,35,32_3_79,CD,2,0.10008667010103574,0.8999133298989642,3
32,RSVP_first,37,32_3_81,CD,2,0.12640856357574815,0.8735914364242517,3
32,RSVP_first,38,32_3_82,CD,2,0.43441477862129074,0.5655852213787093,3
32,RSVP_first,39,32_3_83,CD,2,0.10205278023775595,0.897947219762244,3
32,RSVP_first,40,32_3_84,CD,2,0.13448602442561666,0.8655139755743834,3
32,RSVP_first,41,32_3_85,VD,2,0.11667750325936346,0.8833224967406366,3
32,RSVP_first,42,32_3_86,CD,2,0.08606151187823076,0.9139384881217691,2
32,RSVP_first,43,32_3_87,VD,2,0.38869970745670573,0.6113002925432943,3
32,RSVP_first,44,32_3_88,VD,2,0.16623303341753135,0.8337669665824686,4
32,RSVP_first,45,32_3_89,VD,2,0.11166536021257073,0.8883346397874292,3
32,RSVP_first,46,32_3_90,VD,2,0.09558105714408463,0.9044189428559153,3
32,RSVP_first,47,32_3_91,VD,2,0.10984090186976611,0.8901590981302339,4
32,RSVP_first,49,32_3_93,VD,2,0.12221146410944891,0.8777885358905511,3
32,RSVP_first,51,32_3_95,CD,2,0.13468166128201814,0.8653183387179819,4
32,RSVP_first,52,32_3_96,VD,2,0.12387303051798922,0.8761269694820109,4
32,RSVP_first,53,32_4_97,VD,3,0.10676949118329933,0.8932305088167007,3
32,RSVP_first,54,32_4_98,VD,3,0.3230013117405054,0.6769986882594946,4
32,RSVP_first,55,32_4_99,VD,3,0.1252428566626393,0.8747571433373608,3
32,RSVP_first,56,32_4_100,CD,3,0.10239583768143462,0.8976041623185654,3
32,RSVP_first,57,32_4_101,CD,3,0.10593718201720452,0.8940628179827955,4
32,RSVP_first,58,32_4_103,CD,3,0.09653247290633972,0.9034675270936603,3
32,RSVP_first,60,32_4_105,CD,3,0.10622571064496514,0.8937742893550349,4
32,RSVP_first,63,32_4_108,CD,3,0.12354223325772853,0.8764577667422715,3
32,RSVP_first,64,32_4_109,CD,3,0.3524854588611802,0.6475145411388199,4
32,RSVP_first,65,32_4_110,CD,3,0.1355467183727865,0.8644532816272136,3
32,RSVP_first,66,32_4_111,CD,3,0.3352162478937784,0.6647837521062216,3
32,RSVP_first,67,32_4_112,VD,3,0.4004907141199304,0.5995092858800696,3
32,RSVP_first,68,32_4_114,VD,3,0.1581099622834647,0.8418900377165354,3
32,RSVP_first,69,32_4_115,CD,3,0.3969362130780927,0.6030637869219073,3
32,RSVP_first,70,32_4_116,CD,3,0.5195400451995655,0.4804599548004344,2
32,RSVP_first,71,32_4_117,CD,3,0.1547513876379475,0.8452486123620525,4
32,RSVP_first,72,32_4_118,VD,3,0.5151683223299425,0.4848316776700575,2
32,RSVP_first,73,32_4_119,VD,3,0.4062085721211263,0.5937914278788737,3
32,RSVP_first,75,32_4_121,CD,3,0.4436211207537507,0.5563788792462493,3
32,RSVP_first,76,32_4_122,VD,3,0.12931028197389463,0.8706897180261054,3
32,RSVP_first,77,32_4_123,VD,3,0.12367627581826564,0.8763237241817343,3
32,RSVP_first,78,32_4_124,CD,3,0.13887038918929473,0.8611296108107053,4
32,RSVP_first,79,32_4_125,VD,3,0.5331005720260569,0.46689942797394307,4
32,RSVP_first,80,32_4_126,VD,3,0.12178604334518789,0.8782139566548121,4
32,RSVP_first,81,32_4_127,CD,3,0.38315612423465334,0.6168438757653466,3
32,RSVP_first,82,32_4_128,VD,3,0.3617082845478823,0.6382917154521177,4
32,RSVP_first,83,32_5_129,CD,4,0.23508000788841998,0.76491999211158,3
32,RSVP_first,85,32_5_132,CD,4,0.1096566917887624,0.8903433082112375,4
32,RSVP_first,86,32_5_133,VD,4,0.5148926477333505,0.48510735226664947,2
32,RSVP_first,87,32_5_134,VD,4,0.11938848488350638,0.8806115151164936,3
32,RSVP_first,88,32_5_135,CD,4,0.3980738509432838,0.6019261490567162,3
32,RSVP_first,89,32_5_136,CD,4,0.38782029862978823,0.6121797013702117,3
32,RSVP_first,90,32_5_137,VD,4,0.11349307429122078,0.8865069257087792,4
32,RSVP_first,91,32_5_138,VD,4,0.13118732085826293,0.8688126791417371,3
32,RSVP_first,92,32_5_139,VD,4,0.6014455716599503,0.3985544283400496,3
32,RSVP_first,93,32_5_141,VD,4,0.09688381382243556,0.9031161861775644,3
32,RSVP_first,94,32_5_142,CD,4,0.10246688268613773,0.8975331173138623,3
32,RSVP_first,95,32_5_144,CD,4,0.1543244136296921,0.8456755863703079,3
32,RSVP_first,96,32_5_145,CD,4,0.329930893018064,0.670069106981936,4
32,RSVP_first,98,32_5_147,CD,4,0.20776110455292401,0.792238895447076,3
32,RSVP_first,99,32_5_148,CD,4,0.217607551855967,0.782392448144033,4
32,RSVP_first,100,32_5_149,VD,4,0.11264502078086742,0.8873549792191325,4
32,RSVP_first,101,32_5_150,CD,4,0.1431632505334654,0.8568367494665345,4
32,RSVP_first,102,32_5_151,VD,4,0.36051806962287025,0.6394819303771297,4
32,RSVP_first,104,32_5_153,VD,4,0.49501179245877136,0.5049882075412288,4
32,RSVP_first,106,32_5_155,VD,4,0.5188901908263122,0.48110980917368784,2
32,RSVP_first,107,32_5_157,CD,4,0.5140316609805153,0.48596833901948466,2
32,RSVP_first,108,32_5_158,CD,4,0.7126898109552707,0.2873101890447292,2
32,RSVP_first,109,32_5_159,VD,4,0.12899887387972447,0.8710011261202755,4
32,RSVP_first,110,32_6_161,VD,5,0.11818357934136876,0.8818164206586312,4
32,RSVP_first,111,32_6_162,VD,5,0.5112610677849078,0.48873893221509224,2
32,RSVP_first,112,32_6_163,VD,5,0.7043770020971694,0.29562299790283064,3
32,RSVP_first,114,32_6_165,CD,5,0.11894446197286508,0.881055538027135,3
32,RSVP_first,115,32_6_166,VD,5,0.5595235316374636,0.4404764683625365,2
32,RSVP_first,117,32_6_168,CD,5,0.40375052290567515,0.5962494770943249,3
32,RSVP_first,118,32_6_169,CD,5,0.3930472618988764,0.6069527381011236,3
32,RSVP_first,119,32_6_170,VD,5,0.30816100676460895,0.691838993235391,4
32,RSVP_first,121,32_6_174,CD,5,0.11919351716614196,0.880806482833858,4
32,RSVP_first,122,32_6_175,CD,5,0.6338469059187525,0.3661530940812475,2
32,RSVP_first,123,32_6_176,VD,5,0.5165605514890546,0.48343944851094534,2
32,RSVP_first,124,32_6_177,CD,5,0.26945997550777573,0.7305400244922243,3
32,RSVP_first,125,32_6_178,CD,5,0.20866158767739942,0.7913384123226005,3
32,RSVP_first,126,32_6_179,VD,5,0.1017607752936566,0.8982392247063434,3
32,RSVP_first,127,32_6_180,VD,5,0.2812839448764571,0.7187160551235429,3
32,RSVP_first,128,32_6_181,VD,5,0.14885849923399633,0.8511415007660037,3
32,RSVP_first,129,32_6_182,CD,5,0.562992896791724,0.437007103208276,3
32,RSVP_first,130,32_6_183,CD,5,0.10552179452846265,0.8944782054715374,3
32,RSVP_first,131,32_6_184,VD,5,0.5321238230807928,0.46787617691920724,2
32,RSVP_first,132,32_6_185,CD,5,0.5388744682036026,0.4611255317963974,2
32,RSVP_first,133,32_6_187,CD,5,0.329078509539089,0.6709214904609109,4
32,RSVP_first,134,32_6_188,CD,5,0.12864607352313912,0.8713539264768609,3
32,RSVP_first,135,32_6_189,VD,5,0.12663896144534975,0.8733610385546502,3
32,RSVP_first,136,32_6_190,VD,5,0.4905437900113513,0.5094562099886487,2
32,RSVP_first,138,32_6_192,CD,5,0.1037754924183436,0.8962245075816563,3
32,RSVP_first,139,32_7_193,VD,6,0.1422189365189346,0.8577810634810654,4
32,RSVP_first,141,32_7_195,CD,6,0.3597910619823086,0.6402089380176914,4
32,RSVP_first,142,32_7_196,CD,6,0.10204115780909884,0.8979588421909012,3
32,RSVP_first,143,32_7_197,CD,6,0.09918844203632209,0.900811557963678,3
32,RSVP_first,144,32_7_199,VD,6,0.20722413415381796,0.7927758658461821,2
32,RSVP_first,147,32_7_202,CD,6,0.36634835444308855,0.6336516455569114,4
32,RSVP_first,149,32_7_204,VD,6,0.10237790068777157,0.8976220993122285,3
32,RSVP_first,150,32_7_205,CD,6,0.11165690243871552,0.8883430975612845,3
32,RSVP_first,151,32_7_206,VD,6,0.16319575585114493,0.8368042441488551,4
32,RSVP_first,153,32_7_208,CD,6,0.5533836824019938,0.44661631759800624,4
32,RSVP_first,154,32_7_209,VD,6,0.17095175621267364,0.8290482437873264,3
32,RSVP_first,155,32_7_210,CD,6,0.29917151810649023,0.7008284818935098,4
32,RSVP_first,156,32_7_211,CD,6,0.1861404350971324,0.8138595649028677,4
32,RSVP_first,157,32_7_212,VD,6,0.31795288801471133,0.6820471119852887,4
32,RSVP_first,160,32_7_216,VD,6,0.5512306825209079,0.4487693174790921,2
32,RSVP_first,161,32_7_217,CD,6,0.2225529910015381,0.777447008998462,4
32,RSVP_first,162,32_7_218,CD,6,0.0942572664427554,0.9057427335572446,3
32,RSVP_first,163,32_7_219,VD,6,0.13699007046088346,0.8630099295391166,3
32,RSVP_first,164,32_7_220,CD,6,0.16328544716226262,0.8367145528377373,3
32,RSVP_first,165,32_7_222,VD,6,0.5218246338968624,0.47817536610313754,2
32,RSVP_first,166,32_7_223,VD,6,0.5050999546150291,0.4949000453849709,3
32,RSVP_first,167,32_7_224,CD,6,0.16515963340618697,0.834840366593813,3
32,RSVP_first,168,32_8_225,VD,7,0.12474638182158959,0.8752536181784103,3
32,RSVP_first,169,32_8_226,VD,7,0.5142004157962058,0.4857995842037942,2
32,RSVP_first,170,32_8_227,VD,7,0.1017991851843579,0.8982008148156421,4
32,RSVP_first,171,32_8_228,CD,7,0.5188901908263122,0.48110980917368784,2
32,RSVP_first,172,32_8_230,CD,7,0.5144268928290874,0.4855731071709126,2
32,RSVP_first,173,32_8_231,VD,7,0.39147709369222067,0.6085229063077794,3
32,RSVP_first,175,32_8_233,VD,7,0.5169029994153532,0.4830970005846468,2
32,RSVP_first,176,32_8_234,VD,7,0.30212196281829484,0.6978780371817052,4
32,RSVP_first,177,32_8_235,VD,7,0.5496286580130736,0.4503713419869264,2
32,RSVP_first,178,32_8_237,CD,7,0.5334694255015485,0.4665305744984515,2
32,RSVP_first,179,32_8_238,CD,7,0.2823666829032573,0.7176333170967427,4
32,RSVP_first,180,32_8_239,CD,7,0.5026317089659568,0.49736829103404323,5
32,RSVP_first,181,32_8_240,CD,7,0.5884771887010525,0.4115228112989475,2
32,RSVP_first,182,32_8_241,CD,7,0.42253311312240877,0.5774668868775912,3
32,RSVP_first,184,32_8_243,CD,7,0.1526474919300402,0.8473525080699598,4
32,RSVP_first,185,32_8_244,CD,7,0.12448772573448796,0.875512274265512,3
32,RSVP_first,186,32_8_245,VD,7,0.166733014581634,0.833266985418366,3
32,RSVP_first,187,32_8_246,CD,7,0.5640666541253612,0.43593334587463883,4
32,RSVP_first,188,32_8_248,VD,7,0.17567369189080642,0.8243263081091936,4
32,RSVP_first,189,32_8_249,CD,7,0.383126660581548,0.616873339418452,3
32,RSVP_first,190,32_8_250,CD,7,0.2650185838874451,0.734981416112555,3
32,RSVP_first,191,32_8_252,CD,7,0.19081864691712544,0.8091813530828745,3
32,RSVP_first,193,32_8_254,VD,7,0.16815575389680937,0.8318442461031906,3
32,RSVP_first,195,32_9_257,CD,8,0.110277640718985,0.8897223592810151,3
32,RSVP_first,196,32_9_258,CD,8,0.2021818834100431,0.7978181165899569,3
32,RSVP_first,197,32_9_259,VD,8,0.3315095552472279,0.668490444752772,4
32,RSVP_first,198,32_9_260,VD,8,0.20948136236166054,0.7905186376383394,3
32,RSVP_first,201,32_9_263,VD,8,0.1334656960872167,0.8665343039127833,3
32,RSVP_first,202,32_9_264,VD,8,0.5162409410360242,0.4837590589639757,2
32,RSVP_first,203,32_9_265,VD,8,0.10555875608282322,0.8944412439171768,3
32,RSVP_first,205,32_9_268,VD,8,0.10907627925288353,0.8909237207471165,3
32,RSVP_first,207,32_9_270,CD,8,0.10050435447183219,0.8994956455281677,4
32,RSVP_first,208,32_9_272,VD,8,0.11465795955114187,0.885342040448858,3
32,RSVP_first,209,32_9_273,VD,8,0.41774384109868185,0.5822561589013182,3
32,RSVP_first,210,32_9_274,CD,8,0.5154588024789278,0.4845411975210722,2
32,RSVP_first,211,32_9_275,CD,8,0.33436233431925466,0.6656376656807453,4
32,RSVP_first,212,32_9_277,VD,8,0.19997821129062146,0.8000217887093786,3
32,RSVP_first,213,32_9_278,CD,8,0.4216202128550901,0.5783797871449099,4
32,RSVP_first,214,32_9_279,CD,8,0.10728469557404306,0.8927153044259569,4
32,RSVP_first,215,32_9_280,CD,8,0.5626342790304546,0.4373657209695454,4
32,RSVP_first,216,32_9_281,VD,8,0.7668475904724559,0.23315240952754407,2
32,RSVP_first,218,32_9_283,CD,8,0.19021733770557486,0.8097826622944252,3
32,RSVP_first,219,32_9_286,CD,8,0.39014127900269124,0.6098587209973088,3
32,RSVP_first,220,32_9_287,CD,8,0.11261890927762994,0.88738109072237,3
32,RSVP_first,221,32_9_288,CD,8,0.9563435824397528,0.043656417560247136,3
33,VST_first,1,33_2_33,VD,1,0.1136637290751898,0.8863362709248102,3
33,VST_first,2,33_2_34,VD,1,0.5176591262570529,0.48234087374294704,2
33,VST_first,3,33_2_35,VD,1,0.5604647063486964,0.4395352936513036,2
33,VST_first,4,33_2_36,CD,1,0.22922920182239365,0.7707707981776064,3
33,VST_first,5,33_2_37,VD,1,0.1553437764110927,0.8446562235889074,3
33,VST_first,7,33_2_39,VD,1,0.3651520269031941,0.634847973096806,4
33,VST_first,8,33_2_41,CD,1,0.18929095880815985,0.8107090411918402,3
33,VST_first,9,33_2_42,VD,1,0.16122350536807806,0.8387764946319219,3
33,VST_first,10,33_2_43,VD,1,0.10005532079809107,0.8999446792019089,2
33,VST_first,11,33_2_45,VD,1,0.21655267257267316,0.7834473274273268,3
33,VST_first,12,33_2_46,CD,1,0.5576299336429931,0.4423700663570069,2
33,VST_first,13,33_2_47,CD,1,0.1490312898771694,0.8509687101228306,3
33,VST_first,14,33_2_48,CD,1,0.17553410963747043,0.8244658903625296,2
33,VST_first,15,33_2_49,VD,1,0.35722403374174816,0.6427759662582517,3
33,VST_first,16,33_2_50,CD,1,0.1253416120931814,0.8746583879068187,3
33,VST_first,17,33_2_51,VD,1,0.1372629427251162,0.8627370572748838,2
33,VST_first,18,33_2_52,VD,1,0.13699177140153077,0.8630082285984692,3
33,VST_first,19,33_2_53,VD,1,0.5194789216827469,0.48052107831725305,2
33,VST_first,20,33_2_54,CD,1,0.145093098743814,0.8549069012561861,3
33,VST_first,22,33_2_56,CD,1,0.5738376969410476,0.4261623030589524,2
33,VST_first,23,33_2_57,VD,1,0.15593823361173395,0.844061766388266,3
33,VST_first,27,33_2_61,CD,1,0.18450715978960747,0.8154928402103926,3
33,VST_first,28,33_2_62,CD,1,0.16780278832169285,0.8321972116783072,3
33,VST_first,30,33_3_66,VD,2,0.15120315476277352,0.8487968452372265,3
33,VST_first,31,33_3_67,VD,2,0.44351844897837833,0.5564815510216217,3
33,VST_first,32,33_3_68,CD,2,0.12959350409713644,0.8704064959028636,3
33,VST_first,33,33_3_69,VD,2,0.13583782378666903,0.864162176213331,3
33,VST_first,35,33_3_71,CD,2,0.26824856478740366,0.7317514352125962,3
33,VST_first,36,33_3_72,CD,2,0.4021369318774132,0.5978630681225868,3
33,VST_first,37,33_3_73,VD,2,0.17716425759991644,0.8228357424000836,3
33,VST_first,38,33_3_74,CD,2,0.12775525371014396,0.872244746289856,3
33,VST_first,39,33_3_75,CD,2,0.12409459093576086,0.8759054090642392,4
33,VST_first,40,33_3_76,CD,2,0.5471721113932437,0.45282788860675627,2
33,VST_first,41,33_3_77,CD,2,0.39530230170312286,0.6046976982968771,3
33,VST_first,43,33_3_79,CD,2,0.4056494255170207,0.5943505744829793,3
33,VST_first,44,33_3_80,CD,2,0.1631824523925163,0.8368175476074837,3
33,VST_first,45,33_3_81,VD,2,0.40807846030934997,0.59192153969065,3
33,VST_first,46,33_3_82,VD,2,0.5573699721347221,0.4426300278652779,2
33,VST_first,47,33_3_83,CD,2,0.22198398740824304,0.7780160125917569,3
33,VST_first,49,33_3_85,CD,2,0.5179855380203087,0.4820144619796914,2
33,VST_first,50,33_3_86,CD,2,0.146041194892878,0.853958805107122,3
33,VST_first,51,33_3_87,VD,2,0.12036687097667506,0.8796331290233249,3
33,VST_first,52,33_3_88,VD,2,0.4314196916012837,0.5685803083987163,3
33,VST_first,53,33_3_89,VD,2,0.18433173087084073,0.8156682691291592,3
33,VST_first,55,33_3_93,VD,2,0.13736357232016994,0.8626364276798301,3
33,VST_first,56,33_3_95,VD,2,0.5321238230807928,0.46787617691920724,2
33,VST_first,57,33_3_96,CD,2,0.1562967987563135,0.8437032012436866,3
33,VST_first,58,33_4_98,VD,3,0.5210403104223492,0.47895968957765084,2
33,VST_first,59,33_4_99,CD,3,0.10874823489794061,0.8912517651020594,4
33,VST_first,60,33_4_100,CD,3,0.114001532364744,0.885998467635256,3
33,VST_first,61,33_4_101,VD,3,0.4361932341154585,0.5638067658845415,3
33,VST_first,63,33_4_103,VD,3,0.1581675463362785,0.8418324536637215,3
33,VST_first,65,33_4_105,VD,3,0.12902598505653867,0.8709740149434614,3
33,VST_first,66,33_4_106,VD,3,0.25679700493659663,0.7432029950634034,3
33,VST_first,68,33_4_108,VD,3,0.30175676005537555,0.6982432399446246,3
33,VST_first,69,33_4_109,VD,3,0.23043479953831125,0.7695652004616886,3
33,VST_first,70,33_4_110,VD,3,0.10171464244199174,0.8982853575580082,3
33,VST_first,71,33_4_111,VD,3,0.4701363681000556,0.5298636318999443,3
33,VST_first,72,33_4_112,CD,3,0.898125136416342,0.10187486358365799,2
33,VST_first,73,33_4_114,CD,3,0.0936190883211845,0.9063809116788155,3
33,VST_first,74,33_4_116,CD,3,0.17479326648113694,0.8252067335188631,3
33,VST_first,75,33_4_117,CD,3,0.10497659328445355,0.8950234067155465,3
33,VST_first,76,33_4_118,CD,3,0.33276403826845674,0.6672359617315433,3
33,VST_first,78,33_4_120,VD,3,0.5490793978088013,0.45092060219119867,2
33,VST_first,79,33_4_121,CD,3,0.12621084487997988,0.8737891551200202,3
33,VST_first,80,33_4_122,CD,3,0.5519653069597008,0.4480346930402993,2
33,VST_first,81,33_4_123,VD,3,0.1614179122878947,0.8385820877121053,3
33,VST_first,82,33_4_124,VD,3,0.25940836203514445,0.7405916379648556,3
33,VST_first,83,33_4_126,CD,3,0.37025058936431626,0.6297494106356838,2
33,VST_first,84,33_4_128,CD,3,0.5550961881535771,0.4449038118464229,2
33,VST_first,86,33_5_131,CD,4,0.39841919724019664,0.6015808027598034,3
33,VST_first,87,33_5_132,VD,4,0.16014889173024824,0.8398511082697517,3
33,VST_first,88,33_5_133,CD,4,0.16701042907100855,0.8329895709289915,3
33,VST_first,89,33_5_134,CD,4,0.12743742601930552,0.8725625739806945,3
33,VST_first,90,33_5_135,VD,4,0.13644744208392126,0.8635525579160788,3
33,VST_first,91,33_5_136,VD,4,0.37411445505812524,0.6258855449418748,3
33,VST_first,92,33_5_137,VD,4,0.4284108272839113,0.5715891727160887,3
33,VST_first,93,33_5_138,CD,4,0.1911912732456932,0.8088087267543068,3
33,VST_first,94,33_5_139,CD,4,0.39389906277535397,0.606100937224646,3
33,VST_first,95,33_5_140,VD,4,0.1997079123922451,0.8002920876077549,3
33,VST_first,96,33_5_142,CD,4,0.25481905054623005,0.74518094945377,3
33,VST_first,97,33_5_143,CD,4,0.5168197669054784,0.48318023309452157,2
33,VST_first,98,33_5_144,VD,4,0.11368925957893278,0.8863107404210673,3
33,VST_first,99,33_5_145,CD,4,0.12449838386484818,0.8755016161351519,3
33,VST_first,100,33_5_146,VD,4,0.17403297891264524,0.8259670210873548,3
33,VST_first,102,33_5_148,VD,4,0.5211435143424554,0.4788564856575446,2
33,VST_first,103,33_5_149,CD,4,0.12792392307693867,0.8720760769230613,3
33,VST_first,105,33_5_151,VD,4,0.17296785797987593,0.8270321420201241,3
33,VST_first,106,33_5_152,VD,4,0.21144520984710108,0.788554790152899,3
33,VST_first,107,33_5_153,CD,4,0.12266438752251517,0.8773356124774848,3
33,VST_first,108,33_5_154,CD,4,0.13082004153913543,0.8691799584608646,4
33,VST_first,109,33_5_155,VD,4,0.412663444616907,0.5873365553830929,3
33,VST_first,110,33_5_156,CD,4,0.1392702999758929,0.8607297000241071,3
33,VST_first,111,33_5_157,CD,4,0.18701381732381792,0.8129861826761822,3
33,VST_first,112,33_5_158,VD,4,0.1103816487399489,0.8896183512600512,3
33,VST_first,113,33_5_159,VD,4,0.5172689486031135,0.4827310513968865,2
33,VST_first,114,33_5_160,CD,4,0.3950832790210954,0.6049167209789046,3
33,VST_first,115,33_6_161,VD,5,0.17223425137510634,0.8277657486248936,3
33,VST_first,116,33_6_162,VD,5,0.2905924246462177,0.7094075753537823,3
33,VST_first,117,33_6_164,CD,5,0.4516621976362723,0.5483378023637278,3
33,VST_first,118,33_6_165,VD,5,0.14189279960733606,0.8581072003926639,3
33,VST_first,119,33_6_166,CD,5,0.3442068590422891,0.6557931409577109,3
33,VST_first,120,33_6_167,VD,5,0.15232356553782897,0.847676434462171,3
33,VST_first,121,33_6_168,VD,5,0.5334694255015485,0.4665305744984515,2
33,VST_first,122,33_6_169,VD,5,0.5205578842140702,0.47944211578592977,2
33,VST_first,123,33_6_170,VD,5,0.1830799715798141,0.8169200284201859,3
33,VST_first,124,33_6_172,CD,5,0.1945707148787973,0.8054292851212027,3
33,VST_first,125,33_6_173,CD,5,0.10303933595406835,0.8969606640459317,3
33,VST_first,126,33_6_174,CD,5,0.36085035285344164,0.6391496471465584,3
33,VST_first,127,33_6_175,CD,5,0.130316242255704,0.869683757744296,3
33,VST_first,128,33_6_176,VD,5,0.6149420182179899,0.3850579817820102,2
33,VST_first,129,33_6_177,CD,5,0.5211435143424554,0.4788564856575446,2
33,VST_first,130,33_6_178,CD,5,0.14750468695562613,0.8524953130443739,3
33,VST_first,132,33_6_181,VD,5,0.45497331216186765,0.5450266878381324,3
33,VST_first,133,33_6_182,CD,5,0.11887071907252295,0.881129280927477,3
33,VST_first,134,33_6_183,CD,5,0.5299171235163013,0.47008287648369873,2
33,VST_first,135,33_6_184,VD,5,0.20699122865800842,0.7930087713419915,3
33,VST_first,136,33_6_185,VD,5,0.2106281907335092,0.7893718092664909,3
33,VST_first,137,33_6_186,CD,5,0.182184067643323,0.817815932356677,3
33,VST_first,139,33_6_188,CD,5,0.36248817145424816,0.637511828545752,2
33,VST_first,140,33_6_189,VD,5,0.31373948618508063,0.6862605138149194,3
33,VST_first,141,33_6_190,CD,5,0.14175180240362317,0.8582481975963768,4
33,VST_first,143,33_6_192,CD,5,0.13309446171007552,0.8669055382899246,3
33,VST_first,144,33_7_193,CD,6,0.2030675700062774,0.7969324299937226,4
33,VST_first,145,33_7_194,VD,6,0.5276300604847909,0.472369939515209,3
33,VST_first,148,33_7_197,CD,6,0.18433071831788514,0.8156692816821148,3
33,VST_first,149,33_7_198,CD,6,0.16655340134030774,0.8334465986596923,3
33,VST_first,150,33_7_199,CD,6,0.11751951049020137,0.8824804895097986,3
33,VST_first,151,33_7_200,VD,6,0.2374482185552469,0.7625517814447531,4
33,VST_first,152,33_7_202,CD,6,0.1817383229703606,0.8182616770296394,3
33,VST_first,153,33_7_203,CD,6,0.14183915397855754,0.8581608460214425,3
33,VST_first,154,33_7_204,CD,6,0.5761598372231134,0.4238401627768866,2
33,VST_first,155,33_7_205,VD,6,0.18251591737626283,0.8174840826237373,2
33,VST_first,157,33_7_208,VD,6,0.4060621841558064,0.5939378158441936,3
33,VST_first,158,33_7_209,CD,6,0.11510918665674183,0.8848908133432581,3
33,VST_first,159,33_7_211,VD,6,0.12779408151135704,0.8722059184886429,3
33,VST_first,160,33_7_212,CD,6,0.5510753716838325,0.4489246283161675,2
33,VST_first,161,33_7_213,VD,6,0.5464062003947687,0.4535937996052313,2
33,VST_first,162,33_7_214,VD,6,0.2183084460833689,0.7816915539166311,3
33,VST_first,163,33_7_215,VD,6,0.13520310174473185,0.8647968982552682,3
33,VST_first,164,33_7_216,VD,6,0.43160399321717363,0.5683960067828264,3
33,VST_first,165,33_7_217,VD,6,0.17564898175064295,0.824351018249357,3
33,VST_first,166,33_7_218,VD,6,0.4909286129525817,0.5090713870474183,3
33,VST_first,168,33_7_220,CD,6,0.4019402315896832,0.5980597684103168,3
33,VST_first,169,33_7_221,CD,6,0.3416320702605846,0.6583679297394154,4
33,VST_first,170,33_7_222,VD,6,0.32218631222818805,0.677813687771812,2
33,VST_first,171,33_7_223,CD,6,0.09679509134998113,0.9032049086500189,3
33,VST_first,172,33_7_224,CD,6,0.16642858998197388,0.833571410018026,3
33,VST_first,173,33_8_225,CD,7,0.10514037274339785,0.8948596272566021,3
33,VST_first,174,33_8_226,VD,7,0.3335638269101814,0.6664361730898186,3
33,VST_first,175,33_8_227,CD,7,0.11095259603669991,0.8890474039633001,3
33,VST_first,176,33_8_229,CD,7,0.15926544690752428,0.8407345530924758,3
33,VST_first,177,33_8_230,VD,7,0.11590529502769945,0.8840947049723006,3
33,VST_first,178,33_8_231,VD,7,0.45023710160921065,0.5497628983907894,3
33,VST_first,179,33_8_232,CD,7,0.1550819694822715,0.8449180305177286,3
33,VST_first,180,33_8_233,CD,7,0.09884679309861638,0.9011532069013837,3
33,VST_first,181,33_8_234,VD,7,0.15062874345729957,0.8493712565427004,4
33,VST_first,182,33_8_235,CD,7,0.44873996434923125,0.5512600356507689,3
33,VST_first,184,33_8_237,CD,7,0.5184308519678301,0.4815691480321699,2
33,VST_first,185,33_8_238,CD,7,0.7920413402431796,0.20795865975682032,2
33,VST_first,186,33_8_239,VD,7,0.2938890041043515,0.7061109958956485,4
33,VST_first,187,33_8_241,VD,7,0.6103351968792771,0.389664803120723,2
33,VST_first,188,33_8_242,VD,7,0.9796286399407215,0.020371360059278584,2
33,VST_first,189,33_8_243,CD,7,0.8126011576250063,0.18739884237499377,2
33,VST_first,190,33_8_244,VD,7,0.10361985841191888,0.8963801415880811,3
33,VST_first,191,33_8_245,VD,7,0.2811338451440383,0.7188661548559617,4
33,VST_first,194,33_8_249,VD,7,0.10186746206489115,0.8981325379351088,3
33,VST_first,195,33_8_250,CD,7,0.09156242826311092,0.9084375717368891,3
33,VST_first,196,33_8_251,VD,7,0.1271168490537834,0.8728831509462166,3
33,VST_first,197,33_8_252,VD,7,0.14141641768099159,0.8585835823190084,3
33,VST_first,199,33_8_255,VD,7,0.14831595945900478,0.8516840405409952,3
33,VST_first,200,33_9_257,CD,8,0.25932662831372993,0.74067337168627,3
33,VST_first,201,33_9_258,CD,8,0.1508362418183084,0.8491637581816917,4
33,VST_first,202,33_9_259,VD,8,0.10381527436464769,0.8961847256353523,3
33,VST_first,203,33_9_260,CD,8,0.733202039064915,0.26679796093508507,2
33,VST_first,204,33_9_261,CD,8,0.3537016574497794,0.6462983425502207,2
33,VST_first,205,33_9_262,CD,8,0.11484488886560454,0.8851551111343954,4
33,VST_first,206,33_9_263,CD,8,0.34342626444408025,0.6565737355559197,3
33,VST_first,208,33_9_265,CD,8,0.3254629213562,0.6745370786438001,4
33,VST_first,209,33_9_266,VD,8,0.6393619200966967,0.3606380799033032,2
33,VST_first,210,33_9_267,VD,8,0.42762321341278814,0.5723767865872119,2
33,VST_first,211,33_9_268,VD,8,0.4116328360702482,0.5883671639297519,3
33,VST_first,212,33_9_269,CD,8,0.18808207645298947,0.8119179235470105,3
33,VST_first,213,33_9_270,VD,8,0.31704271655157573,0.6829572834484242,3
33,VST_first,214,33_9_271,VD,8,0.4005982025462274,0.5994017974537726,3
33,VST_first,215,33_9_272,CD,8,0.19803198400426658,0.8019680159957334,3
33,VST_first,216,33_9_273,VD,8,0.2646911449493391,0.7353088550506609,5
33,VST_first,219,33_9_276,VD,8,0.5611485329083917,0.43885146709160827,2
33,VST_first,221,33_9_278,CD,8,0.2860488971949145,0.7139511028050856,4
33,VST_first,222,33_9_279,CD,8,0.5006031760125154,0.4993968239874847,3
33,VST_first,223,33_9_280,CD,8,0.21047550492673842,0.7895244950732616,3
33,VST_first,224,33_9_281,CD,8,0.3697900017324697,0.6302099982675303,5
33,VST_first,225,33_9_282,VD,8,0.14451947432577492,0.8554805256742251,3
33,VST_first,226,33_9_283,VD,8,0.14885271020393562,0.8511472897960644,3
33,VST_first,227,33_9_284,VD,8,0.24459067541459217,0.7554093245854078,4
33,VST_first,228,33_9_285,VD,8,0.14273634003315525,0.8572636599668448,3
33,VST_first,229,33_9_286,CD,8,0.20993073317079772,0.7900692668292022,4
34,RSVP_first,1,34_2_33,VD,1,0.3458497033071961,0.6541502966928039,4
34,RSVP_first,2,34_2_34,CD,1,0.5139443400733589,0.4860556599266411,2
34,RSVP_first,3,34_2_35,CD,1,0.3367634264894308,0.6632365735105692,4
34,RSVP_first,4,34_2_36,VD,1,0.35021469633345176,0.6497853036665482,4
34,RSVP_first,5,34_2_37,VD,1,0.3929454907145502,0.6070545092854498,4
34,RSVP_first,6,34_2_38,CD,1,0.6688662596550049,0.3311337403449951,3
34,RSVP_first,7,34_2_39,CD,1,0.10101077619405967,0.8989892238059403,4
34,RSVP_first,8,34_2_40,VD,1,0.45613619400473804,0.543863805995262,3
34,RSVP_first,9,34_2_41,VD,1,0.2142965851880319,0.7857034148119681,4
34,RSVP_first,10,34_2_42,CD,1,0.4617625936984068,0.5382374063015932,4
34,RSVP_first,11,34_2_43,VD,1,0.1600523130511013,0.8399476869488987,4
34,RSVP_first,13,34_2_45,CD,1,0.4028315691573504,0.5971684308426496,4
34,RSVP_first,14,34_2_46,VD,1,0.30665094382524877,0.6933490561747513,5
34,RSVP_first,15,34_2_47,VD,1,0.5292188611351285,0.47078113886487144,4
34,RSVP_first,16,34_2_48,CD,1,0.18799088651567739,0.8120091134843226,4
34,RSVP_first,17,34_2_49,VD,1,0.2872569224519836,0.7127430775480165,5
34,RSVP_first,18,34_2_50,CD,1,0.20705466819439725,0.7929453318056028,5
34,RSVP_first,20,34_2_52,VD,1,0.31042107547052544,0.6895789245294746,5
34,RSVP_first,21,34_2_53,VD,1,0.12073973588632766,0.8792602641136723,3
34,RSVP_first,24,34_2_56,CD,1,0.09655749229368692,0.9034425077063131,3
34,RSVP_first,25,34_2_57,CD,1,0.14956594062102907,0.850434059378971,3
34,RSVP_first,26,34_2_58,CD,1,0.32895361451064864,0.6710463854893514,4
34,RSVP_first,27,34_2_59,CD,1,0.3938156737036521,0.6061843262963479,3
34,RSVP_first,28,34_2_60,VD,1,0.4022366289572811,0.5977633710427189,4
34,RSVP_first,29,34_2_61,VD,1,0.5158649040727399,0.4841350959272601,2
34,RSVP_first,30,34_2_62,CD,1,0.10293110487265202,0.897068895127348,3
34,RSVP_first,31,34_2_63,VD,1,0.12571573070526473,0.87428426929473535,3
34,RSVP_first,33,34_3_66,CD,2,0.5147005926764545,0.4852994073235455,2
34,RSVP_first,34,34_3_67,CD,2,0.1884358228105783,0.8115641771894218,4
34,RSVP_first,35,34_3_68,VD,2,0.39234356759112154,0.6076564324088785,3
34,RSVP_first,36,34_3_69,CD,2,0.2296806135507565,0.7703193864492435,5
34,RSVP_first,37,34_3_70,CD,2,0.17980456997893798,0.820195430021062,4
34,RSVP_first,38,34_3_71,CD,2,0.22229594713790962,0.7777040528620904,4
34,RSVP_first,40,34_3_74,VD,2,0.5239364746283758,0.4760635253716242,4
34,RSVP_first,41,34_3_75,VD,2,0.09816899161381756,0.9018310083861825,3
34,RSVP_first,42,34_3_76,CD,2,0.09354854170769218,0.9064514582923078,2
34,RSVP_first,44,34_3_78,VD,2,0.43630667513935006,0.56369332486065,4
34,RSVP_first,45,34_3_79,VD,2,0.40888932427095126,0.5911106757290487,3
34,RSVP_first,46,34_3_80,CD,2,0.5147736591067572,0.48522634089324274,2
34,RSVP_first,47,34_3_81,VD,2,0.5239402804944242,0.4760597195055758,5
34,RSVP_first,48,34_3_82,VD,2,0.1831645663410482,0.8168354336589518,4
34,RSVP_first,49,34_3_83,VD,2,0.10478840463182748,0.8952115953681725,3
34,RSVP_first,51,34_3_85,CD,2,0.45632539591489174,0.5436746040851083,4
34,RSVP_first,52,34_3_86,VD,2,0.32231166588629323,0.6776883341137067,4
34,RSVP_first,53,34_3_87,CD,2,0.12629046008992184,0.8737095399100782,3
34,RSVP_first,54,34_3_88,VD,2,0.579150854894934,0.4208491451050661,3
34,RSVP_first,55,34_3_89,VD,2,0.09909517207377466,0.9009048279262254,3
34,RSVP_first,56,34_3_90,CD,2,0.2168282247995718,0.7831717752004281,4
34,RSVP_first,57,34_3_91,CD,2,0.2910678152738557,0.7089321847261443,3
34,RSVP_first,58,34_3_92,CD,2,0.16898430506679857,0.8310156949332015,4
34,RSVP_first,59,34_3_93,VD,2,0.13021863639227785,0.8697813636077221,4
34,RSVP_first,60,34_3_94,CD,2,0.3699992560325764,0.6300007439674236,3
34,RSVP_first,61,34_3_95,VD,2,0.31453844078111054,0.6854615592188895,4
34,RSVP_first,62,34_3_96,CD,2,0.34706068935693973,0.6529393106430603,4
34,RSVP_first,63,34_4_97,CD,3,0.4089437048838337,0.5910562951161662,4
34,RSVP_first,64,34_4_98,VD,3,0.33544678236556086,0.6645532176344391,4
34,RSVP_first,65,34_4_99,CD,3,0.36135086217082363,0.6386491378291763,5
34,RSVP_first,66,34_4_100,VD,3,0.5168197669054784,0.48318023309452157,2
34,RSVP_first,67,34_4_101,CD,3,0.5147736591067572,0.48522634089324274,2
34,RSVP_first,68,34_4_102,CD,3,0.5145284173108647,0.48547158268913526,2
34,RSVP_first,69,34_4_103,CD,3,0.3266097496427179,0.6733902503572821,4
34,RSVP_first,70,34_4_104,CD,3,0.5376178917577656,0.46238210824223436,4
34,RSVP_first,71,34_4_105,CD,3,0.45491626600863,0.5450837339913699,5
34,RSVP_first,72,34_4_107,VD,3,0.5873901806466919,0.4126098193533081,5
34,RSVP_first,73,34_4_109,VD,3,0.10147848872012681,0.8985215112798732,2
34,RSVP_first,76,34_4_113,CD,3,0.4533187861980721,0.5466812138019279,4
34,RSVP_first,78,34_4_115,CD,3,0.47229964365695065,0.5277003563430493,5
34,RSVP_first,79,34_4_116,VD,3,0.41394901384020927,0.5860509861597907,4
34,RSVP_first,80,34_4_117,VD,3,0.2529071006782812,0.7470928993217189,4
34,RSVP_first,81,34_4_118,VD,3,0.4266658311492331,0.5733341688507669,5
34,RSVP_first,82,34_4_119,VD,3,0.3207511306335767,0.6792488693664234,4
34,RSVP_first,83,34_4_120,CD,3,0.2920771004627066,0.7079228995372935,4
34,RSVP_first,84,34_4_121,CD,3,0.21199104287603032,0.7880089571239697,4
34,RSVP_first,85,34_4_122,VD,3,0.14467676055297804,0.8553232394470219,4
34,RSVP_first,86,34_4_123,VD,3,0.39832350438648834,0.6016764956135116,5
34,RSVP_first,87,34_4_124,VD,3,0.3577337868455209,0.6422662131544792,4
34,RSVP_first,89,34_4_126,CD,3,0.34955649333700567,0.6504435066629944,4
34,RSVP_first,90,34_4_127,VD,3,0.4389077519722687,0.5610922480277312,4
34,RSVP_first,91,34_4_128,VD,3,0.584034715709706,0.41596528429029395,3
34,RSVP_first,92,34_5_129,VD,4,0.428979131855593,0.571020868144407,4
34,RSVP_first,93,34_5_130,VD,4,0.09996533980329542,0.9000346601967046,3
34,RSVP_first,94,34_5_131,CD,4,0.4555289974429978,0.5444710025570022,3
34,RSVP_first,95,34_5_132,CD,4,0.2653178109716012,0.7346821890283988,3
34,RSVP_first,97,34_5_134,VD,4,0.161119053189559,0.838880946810441,4
34,RSVP_first,98,34_5_135,VD,4,0.15186230128680137,0.8481376987131987,3
34,RSVP_first,99,34_5_136,CD,4,0.2105566449608012,0.7894433550391988,4
34,RSVP_first,100,34_5_137,CD,4,0.28922449863889904,0.710775501361101,4
34,RSVP_first,102,34_5_139,VD,4,0.5332558721945956,0.4667441278054045,4
34,RSVP_first,103,34_5_140,CD,4,0.4287329694806773,0.5712670305193227,5
34,RSVP_first,104,34_5_141,CD,4,0.3074169436433715,0.6925830563566284,4
34,RSVP_first,106,34_5_143,VD,4,0.36249356101795954,0.6375064389820404,5
34,RSVP_first,107,34_5_144,VD,4,0.2594056332212972,0.7405943667787027,4
34,RSVP_first,108,34_5_145,VD,4,0.4224513914282619,0.5775486085717381,3
34,RSVP_first,109,34_5_146,VD,4,0.20304308585531028,0.7969569141446897,4
34,RSVP_first,110,34_5_147,CD,4,0.18797471474863925,0.8120252852513608,4
34,RSVP_first,111,34_5_148,VD,4,0.3123553087651504,0.6876446912348496,5
34,RSVP_first,112,34_5_149,CD,4,0.1981918923074372,0.8018081076925628,4
34,RSVP_first,113,34_5_150,CD,4,0.16055035013787916,0.8394496498621209,3
34,RSVP_first,114,34_5_151,VD,4,0.6739861237092182,0.3260138762907819,3
34,RSVP_first,115,34_5_152,CD,4,0.33672138590887174,0.6632786140911282,4
34,RSVP_first,116,34_5_153,CD,4,0.5328918819086239,0.46710811809137603,4
34,RSVP_first,117,34_5_154,CD,4,0.6773146370106441,0.32268536298935596,3
34,RSVP_first,118,34_5_155,CD,4,0.11139784541680936,0.8886021545831907,3
34,RSVP_first,120,34_5_157,CD,4,0.39450307296567355,0.6054969270343263,3
34,RSVP_first,121,34_5_158,VD,4,0.3983821170763811,0.601617882923619,4
34,RSVP_first,122,34_5_159,VD,4,0.4768686144311007,0.5231313855688993,5
34,RSVP_first,123,34_5_160,VD,4,0.43652579313452633,0.5634742068654737,4
34,RSVP_first,125,34_6_163,VD,5,0.22410760558982692,0.7758923944101731,4
34,RSVP_first,126,34_6_164,VD,5,0.11717065509939949,0.8828293449006005,4
34,RSVP_first,127,34_6_165,CD,5,0.16447803502863576,0.8355219649713643,4
34,RSVP_first,128,34_6_166,CD,5,0.32419204979672556,0.6758079502032744,4
34,RSVP_first,130,34_6_168,CD,5,0.09395877158525327,0.9060412284147468,3
34,RSVP_first,131,34_6_169,CD,5,0.18086391535367174,0.8191360846463283,4
34,RSVP_first,132,34_6_170,VD,5,0.5949874171992037,0.4050125828007964,3
34,RSVP_first,133,34_6_171,VD,5,0.3495769453165256,0.6504230546834744,5
34,RSVP_first,134,34_6_172,CD,5,0.15907430810941825,0.8409256918905818,3
34,RSVP_first,135,34_6_173,CD,5,0.38533140747047445,0.6146685925295255,3
34,RSVP_first,136,34_6_174,VD,5,0.5140367494551353,0.48596325054486467,2
34,RSVP_first,137,34_6_175,VD,5,0.2540732233311062,0.7459267766688938,4
34,RSVP_first,138,34_6_176,CD,5,0.20083095337869214,0.7991690466213078,3
34,RSVP_first,139,34_6_177,VD,5,0.1482414757575426,0.8517585242424575,4
34,RSVP_first,140,34_6_178,CD,5,0.5231004658715331,0.47689953412846686,2
34,RSVP_first,141,34_6_179,CD,5,0.13709989414241075,0.8629001058575893,4
34,RSVP_first,142,34_6_180,VD,5,0.40338399037999617,0.5966160096200038,3
34,RSVP_first,143,34_6_181,CD,5,0.2845066087470733,0.7154933912529267,5
34,RSVP_first,144,34_6_182,CD,5,0.23838072525069215,0.7616192747493078,4
34,RSVP_first,145,34_6_183,VD,5,0.12238435947441376,0.8776156405255862,4
34,RSVP_first,146,34_6_184,VD,5,0.4734501776480313,0.5265498223519687,3
34,RSVP_first,147,34_6_185,CD,5,0.47820193587776527,0.5217980641222346,4
34,RSVP_first,148,34_6_186,VD,5,0.4333051534667307,0.5666948465332693,5
34,RSVP_first,150,34_6_188,VD,5,0.24326876518162857,0.7567312348183715,4
34,RSVP_first,151,34_6_189,CD,5,0.5143140658479859,0.4856859341520141,2
34,RSVP_first,152,34_6_191,VD,5,0.35101503030094644,0.6489849696990535,4
34,RSVP_first,153,34_6_192,CD,5,0.12029195569948295,0.8797080443005171,4
34,RSVP_first,154,34_7_193,CD,6,0.23613425357834222,0.7638657464216578,4
34,RSVP_first,155,34_7_194,CD,6,0.09401530435608357,0.9059846956439165,3
34,RSVP_first,156,34_7_195,VD,6,0.09256102347632633,0.9074389765236737,3
34,RSVP_first,158,34_7_198,CD,6,0.4828968795077924,0.5171031204922075,5
34,RSVP_first,160,34_7_200,CD,6,0.3725698424892211,0.6274301575107789,5
34,RSVP_first,161,34_7_201,VD,6,0.4158001694509098,0.5841998305490902,4
34,RSVP_first,163,34_7_203,CD,6,0.4705991215624559,0.529400878437544,5
34,RSVP_first,165,34_7_205,CD,6,0.5180743235472342,0.4819256764527659,2
34,RSVP_first,166,34_7_206,VD,6,0.4233980056203611,0.576601994379639,4
34,RSVP_first,167,34_7_207,CD,6,0.3841154058305679,0.6158845941694321,3
34,RSVP_first,168,34_7_208,VD,6,0.27879927814646904,0.7212007218535309,4
34,RSVP_first,169,34_7_209,CD,6,0.4196385567214244,0.5803614432785755,4
34,RSVP_first,170,34_7_210,CD,6,0.27759238690741006,0.7224076130925899,5
34,RSVP_first,171,34_7_211,CD,6,0.270572474794653,0.729427525205347,4
34,RSVP_first,172,34_7_212,CD,6,0.6749455695367745,0.32505443046322546,3
34,RSVP_first,173,34_7_213,VD,6,0.3181900028533755,0.6818099971466245,4
34,RSVP_first,174,34_7_214,VD,6,0.28392348393138195,0.7160765160686181,4
34,RSVP_first,175,34_7_215,CD,6,0.24301232000022796,0.756987679999772,5
34,RSVP_first,176,34_7_216,VD,6,0.2837149462196039,0.7162850537803961,3
34,RSVP_first,177,34_7_217,VD,6,0.4946600454032229,0.5053399545967772,4
34,RSVP_first,178,34_7_218,VD,6,0.307358536786142,0.6926414632138581,4
34,RSVP_first,179,34_7_219,CD,6,0.2780971513627303,0.7219028486372698,5
34,RSVP_first,180,34_7_220,VD,6,0.09329300705698963,0.9067069929430104,3
34,RSVP_first,181,34_7_221,VD,6,0.5444441187320231,0.45555588126797686,3
34,RSVP_first,182,34_7_222,VD,6,0.3704238362079252,0.6295761637920748,5
34,RSVP_first,183,34_7_223,CD,6,0.319958113560983,0.680041886439017,4
34,RSVP_first,184,34_7_224,VD,6,0.326170648174684,0.673829351825316,4
34,RSVP_first,185,34_8_225,VD,7,0.5188901908263122,0.48110980917368784,2
34,RSVP_first,186,34_8_226,VD,7,0.31319132079577056,0.6868086792042294,5
34,RSVP_first,187,34_8_227,VD,7,0.2538101621632817,0.7461898378367183,4
34,RSVP_first,188,34_8_228,VD,7,0.2561685584295691,0.7438314415704309,4
34,RSVP_first,189,34_8_229,VD,7,0.3330018908681849,0.6669981091318151,4
34,RSVP_first,191,34_8_231,CD,7,0.10452521205875404,0.895474787941246,4
34,RSVP_first,192,34_8_232,VD,7,0.2241560699828078,0.7758439300171922,4
34,RSVP_first,193,34_8_233,VD,7,0.09922653048624067,0.9007734695137594,4
34,RSVP_first,194,34_8_234,CD,7,0.449491296179718,0.5505087038202819,5
34,RSVP_first,195,34_8_235,VD,7,0.38770619192665673,0.6122938080733433,3
34,RSVP_first,197,34_8_237,VD,7,0.31748917048196795,0.6825108295180321,5
34,RSVP_first,198,34_8_238,CD,7,0.20730663690056556,0.7926933630994344,4
34,RSVP_first,199,34_8_239,CD,7,0.22534567858856913,0.774654321411431,4
34,RSVP_first,200,34_8_240,CD,7,0.30954834738823134,0.6904516526117687,5
34,RSVP_first,201,34_8_241,VD,7,0.10000575665564612,0.8999942433443539,3
34,RSVP_first,202,34_8_242,VD,7,0.13890965277247305,0.8610903472275269,4
34,RSVP_first,204,34_8_244,CD,7,0.15203447672442844,0.8479655232755716,4
34,RSVP_first,206,34_8_246,CD,7,0.5165237541011181,0.48347624589888194,4
34,RSVP_first,207,34_8_247,CD,7,0.5204574167015363,0.4795425832984637,2
34,RSVP_first,208,34_8_248,CD,7,0.30544621605282257,0.6945537839471774,4
34,RSVP_first,209,34_8_249,CD,7,0.24612393378912986,0.7538760662108701,5
34,RSVP_first,210,34_8_250,VD,7,0.5377619936153872,0.46223800638461277,4
34,RSVP_first,211,34_8_251,CD,7,0.5374081068282048,0.4625918931717951,2
34,RSVP_first,212,34_8_252,CD,7,0.23760128851392692,0.7623987114860731,4
34,RSVP_first,213,34_8_253,CD,7,0.10942059360202426,0.8905794063979757,3
34,RSVP_first,214,34_8_254,CD,7,0.4994857752443099,0.5005142247556901,4
34,RSVP_first,215,34_8_255,VD,7,0.5205367274382177,0.4794632725617824,3
34,RSVP_first,216,34_8_256,VD,7,0.23315710219777436,0.7668428978022256,4
34,RSVP_first,217,34_9_257,CD,8,0.3462869861839906,0.6537130138160094,4
34,RSVP_first,218,34_9_258,VD,8,0.10326722837916187,0.8967327716208382,3
34,RSVP_first,219,34_9_259,CD,8,0.38147979480539007,0.6185202051946099,3
34,RSVP_first,220,34_9_260,VD,8,0.3252297957059347,0.6747702042940653,4
34,RSVP_first,222,34_9_262,CD,8,0.3720882766625412,0.6279117233374588,4
34,RSVP_first,223,34_9_263,VD,8,0.5144474797559201,0.48555252024407997,2
34,RSVP_first,224,34_9_264,VD,8,0.4810789225825366,0.5189210774174634,4
34,RSVP_first,225,34_9_265,CD,8,0.538670401654309,0.461329598345691,4
34,RSVP_first,226,34_9_266,CD,8,0.30389176902740134,0.6961082309725987,4
34,RSVP_first,227,34_9_267,VD,8,0.3222488819686025,0.6777511180313975,4
34,RSVP_first,228,34_9_268,VD,8,0.33698643717322124,0.6630135628267788,5
34,RSVP_first,230,34_9_270,VD,8,0.3107906204321516,0.6892093795678484,4
34,RSVP_first,231,34_9_271,VD,8,0.3929994970600657,0.6070005029399343,4
34,RSVP_first,232,34_9_272,CD,8,0.6764601569358603,0.3235398430641398,3
34,RSVP_first,233,34_9_273,CD,8,0.10825092134792555,0.8917490786520745,3
34,RSVP_first,234,34_9_274,CD,8,0.343936677746747,0.6560633222532529,4
34,RSVP_first,235,34_9_275,CD,8,0.42611011763880324,0.5738898823611968,4
34,RSVP_first,236,34_9_276,VD,8,0.22847440549186301,0.771525594508137,3
34,RSVP_first,237,34_9_277,VD,8,0.2329977733616889,0.7670022266383111,5
34,RSVP_first,238,34_9_278,CD,8,0.5142432057171187,0.48575679428288143,2
34,RSVP_first,239,34_9_279,CD,8,0.4089181587125462,0.5910818412874538,3
34,RSVP_first,241,34_9_281,CD,8,0.3765887474042063,0.6234112525957937,5
34,RSVP_first,242,34_9_282,CD,8,0.3885387819166129,0.611461218083387,5
34,RSVP_first,243,34_9_283,CD,8,0.3187123833181487,0.6812876166818513,4
34,RSVP_first,245,34_9_285,VD,8,0.11201433347795113,0.8879856665220488,4
34,RSVP_first,246,34_9_286,VD,8,0.43676189678316857,0.5632381032168314,5
34,RSVP_first,247,34_9_287,VD,8,0.5141066122915907,0.48589338770840934,2
34,RSVP_first,248,34_9_288,VD,8,0.3386761091148689,0.6613238908851311,4
35,VST_first,1,35_2_33,VD,1,0.3871563114305435,0.6128436885694565,3
35,VST_first,2,35_2_34,CD,1,0.5255349740088835,0.4744650259911165,3
35,VST_first,3,35_2_35,VD,1,0.3868270418509764,0.6131729581490236,3
35,VST_first,4,35_2_36,CD,1,0.4553112118126156,0.5446887881873844,3
35,VST_first,6,35_2_38,VD,1,0.5869218929332831,0.41307810706671677,2
35,VST_first,7,35_2_39,CD,1,0.34253140874761634,0.6574685912523837,3
35,VST_first,8,35_2_40,VD,1,0.2634812750180182,0.7365187249819818,2
35,VST_first,9,35_2_42,CD,1,0.14265541297164488,0.8573445870283551,4
35,VST_first,10,35_2_43,VD,1,0.4994448512961562,0.5005551487038438,3
35,VST_first,11,35_2_45,VD,1,0.38323347520928214,0.6167665247907178,3
35,VST_first,12,35_2_46,CD,1,0.2549943731768286,0.7450056268231714,4
35,VST_first,13,35_2_47,CD,1,0.18341971173426935,0.8165802882657306,4
35,VST_first,16,35_2_50,CD,1,0.42599371404854364,0.5740062859514563,3
35,VST_first,17,35_2_51,VD,1,0.22604168372783195,0.773958316272168,3
35,VST_first,18,35_2_52,VD,1,0.47372662758358086,0.5262733724164191,3
35,VST_first,19,35_2_54,CD,1,0.5305727082237459,0.46942729177625414,3
35,VST_first,21,35_2_57,VD,1,0.3699909581501493,0.6300090418498506,3
35,VST_first,22,35_2_58,CD,1,0.23704036946826892,0.7629596305317311,3
35,VST_first,23,35_2_59,VD,1,0.3394575785217032,0.6605424214782968,4
35,VST_first,24,35_2_60,VD,1,0.08752258902447252,0.9124774109755275,2
35,VST_first,25,35_2_61,VD,1,0.5388190851032238,0.4611809148967762,3
35,VST_first,26,35_2_62,VD,1,0.5129563253797935,0.4870436746202065,2
35,VST_first,27,35_2_63,CD,1,0.4811200961778572,0.5188799038221428,2
35,VST_first,28,35_2_64,CD,1,0.20718613003145778,0.7928138699685422,4
35,VST_first,29,35_3_65,CD,2,0.15863853404246642,0.8413614659575336,3
35,VST_first,30,35_3_66,VD,2,0.11402786722121974,0.8859721327787803,4
35,VST_first,31,35_3_67,VD,2,0.6233282180641242,0.3766717819358758,4
35,VST_first,32,35_3_69,CD,2,0.3990288485559609,0.6009711514440391,3
35,VST_first,33,35_3_70,CD,2,0.5863278349396227,0.4136721650603773,2
35,VST_first,34,35_3_71,CD,2,0.4288928081749306,0.5711071918250694,3
35,VST_first,35,35_3_72,VD,2,0.11611882683600688,0.8838811731639932,3
35,VST_first,36,35_3_73,VD,2,0.6692201703399369,0.33077982966006314,4
35,VST_first,37,35_3_74,VD,2,0.24992585603789166,0.7500741439621083,3
35,VST_first,38,35_3_75,CD,2,0.2873240539449687,0.7126759460550314,2
35,VST_first,40,35_3_78,VD,2,0.2129352485084291,0.787064751491571,3
35,VST_first,41,35_3_79,CD,2,0.6705739711809481,0.3294260288190519,3
35,VST_first,42,35_3_80,CD,2,0.1105932731625656,0.8894067268374344,3
35,VST_first,43,35_3_81,CD,2,0.1907433080135159,0.8092566919864841,3
35,VST_first,44,35_3_82,CD,2,0.26720754558789545,0.7327924544121046,3
35,VST_first,45,35_3_83,CD,2,0.3811234592938574,0.6188765407061426,2
35,VST_first,46,35_3_85,VD,2,0.46614510571448914,0.5338548942855108,3
35,VST_first,47,35_3_88,VD,2,0.18731337828578284,0.8126866217142171,3
35,VST_first,48,35_3_89,CD,2,0.37342666757992216,0.6265733324200778,4
35,VST_first,49,35_3_90,VD,2,0.5140410766652408,0.4859589233347593,2
35,VST_first,50,35_3_91,VD,2,0.2353303026808075,0.7646696973191925,2
35,VST_first,51,35_3_92,VD,2,0.13537717703991128,0.8646228229600887,3
35,VST_first,52,35_3_93,VD,2,0.2693289737492105,0.7306710262507895,3
35,VST_first,53,35_3_94,VD,2,0.19987599023712785,0.8001240097628721,4
35,VST_first,54,35_3_95,CD,2,0.42860186696531255,0.5713981330346874,2
35,VST_first,56,35_4_98,VD,3,0.14065140528734982,0.8593485947126502,4
35,VST_first,57,35_4_99,CD,3,0.1498179281979483,0.8501820718020516,4
35,VST_first,58,35_4_100,CD,3,0.40605199436009604,0.5939480056399039,3
35,VST_first,60,35_4_102,CD,3,0.5140316609805153,0.48596833901948466,2
35,VST_first,61,35_4_103,VD,3,0.3410503428139288,0.6589496571860712,3
35,VST_first,62,35_4_104,CD,3,0.7133790682259076,0.2866209317740925,3
35,VST_first,63,35_4_105,VD,3,0.18765809579657097,0.812341904203429,4
35,VST_first,64,35_4_106,CD,3,0.515619851471993,0.48438014852800704,3
35,VST_first,68,35_4_110,CD,3,0.6606480449319371,0.3393519550680629,3
35,VST_first,70,35_4_112,VD,3,0.26258647209527197,0.737413527904728,3
35,VST_first,71,35_4_113,CD,3,0.49879267189391024,0.5012073281060898,3
35,VST_first,72,35_4_114,CD,3,0.25894744074427345,0.7410525592557266,4
35,VST_first,73,35_4_115,CD,3,0.517153589122104,0.4828464108778961,3
35,VST_first,74,35_4_116,VD,3,0.3216299266434689,0.6783700733565311,4
35,VST_first,75,35_4_117,VD,3,0.30904493885125195,0.690955061148748,3
35,VST_first,76,35_4_118,CD,3,0.15418382237848827,0.8458161776215117,4
35,VST_first,77,35_4_119,VD,3,0.4657307673895323,0.5342692326104678,3
35,VST_first,78,35_4_121,VD,3,0.16338232080233042,0.8366176791976695,3
35,VST_first,79,35_4_122,VD,3,0.23230025418523678,0.7676997458147632,3
35,VST_first,80,35_4_123,CD,3,0.4809341671097769,0.5190658328902231,2
35,VST_first,81,35_4_124,CD,3,0.09523831031736059,0.9047616896826394,3
35,VST_first,82,35_4_125,CD,3,0.13118671927334707,0.868813280726653,3
35,VST_first,83,35_4_126,VD,3,0.5149810855280863,0.4850189144719137,2
35,VST_first,84,35_4_127,VD,3,0.3813021115432955,0.6186978884567045,3
35,VST_first,85,35_4_128,VD,3,0.7079689836672945,0.29203101633270556,3
35,VST_first,86,35_5_129,VD,4,0.2843436742193516,0.7156563257806484,3
35,VST_first,87,35_5_130,VD,4,0.4363261694171305,0.5636738305828696,2
35,VST_first,88,35_5_132,VD,4,0.18034945816923845,0.8196505418307616,3
35,VST_first,89,35_5_133,CD,4,0.27181049897369547,0.7281895010263044,3
35,VST_first,90,35_5_134,VD,4,0.20563918750614066,0.7943608124938593,3
35,VST_first,91,35_5_136,CD,4,0.532277459491263,0.46772254050873696,2
35,VST_first,93,35_5_138,VD,4,0.3917963753239913,0.6082036246760087,3
35,VST_first,94,35_5_139,CD,4,0.20431213043589727,0.7956878695641028,4
35,VST_first,95,35_5_140,CD,4,0.49723054286013973,0.5027694571398603,3
35,VST_first,96,35_5_141,VD,4,0.5550961881535771,0.4449038118464229,2
35,VST_first,98,35_5_143,CD,4,0.5437633222221143,0.4562366777778857,3
35,VST_first,99,35_5_144,VD,4,0.16701007650932922,0.8329899234906708,4
35,VST_first,101,35_5_147,CD,4,0.4999054512382898,0.5000945487617102,2
35,VST_first,102,35_5_148,VD,4,0.10161511432400111,0.898384885675999,3
35,VST_first,103,35_5_149,VD,4,0.38707237488878016,0.6129276251112198,3
35,VST_first,104,35_5_150,VD,4,0.8361109569892442,0.1638890430107558,2
35,VST_first,105,35_5_151,CD,4,0.4505867765626118,0.5494132234373882,3
35,VST_first,106,35_5_152,CD,4,0.40725077125691256,0.5927492287430874,3
35,VST_first,107,35_5_155,CD,4,0.32875078118844536,0.6712492188115546,5
35,VST_first,108,35_5_156,CD,4,0.14995748127517053,0.8500425187248295,3
35,VST_first,109,35_5_157,VD,4,0.36025378284132725,0.6397462171586727,3
35,VST_first,110,35_5_158,VD,4,0.19733853386917644,0.8026614661308236,3
35,VST_first,111,35_5_159,CD,4,0.12416098869616965,0.8758390113038304,3
35,VST_first,112,35_5_160,VD,4,0.5219534859473107,0.4780465140526894,2
35,VST_first,113,35_6_161,VD,5,0.15172972941570972,0.8482702705842903,3
35,VST_first,114,35_6_162,CD,5,0.1391362955893135,0.8608637044106865,4
35,VST_first,116,35_6_164,CD,5,0.4392185285322762,0.5607814714677238,3
35,VST_first,117,35_6_165,VD,5,0.40279094299991625,0.5972090570000838,3
35,VST_first,118,35_6_166,CD,5,0.1146766172291582,0.8853233827708418,4
35,VST_first,120,35_6_168,VD,5,0.15022962875615672,0.8497703712438432,3
35,VST_first,121,35_6_169,CD,5,0.18882917564191173,0.8111708243580883,3
35,VST_first,122,35_6_171,CD,5,0.11232876376570122,0.8876712362342988,3
35,VST_first,123,35_6_172,CD,5,0.3721322098281602,0.6278677901718399,4
35,VST_first,127,35_6_177,CD,5,0.251899592610734,0.7481004073892659,3
35,VST_first,128,35_6_178,CD,5,0.1291421184863637,0.8708578815136363,4
35,VST_first,129,35_6_179,VD,5,0.20890546848572258,0.7910945315142774,3
35,VST_first,130,35_6_180,CD,5,0.2536924736315777,0.7463075263684222,3
35,VST_first,131,35_6_181,VD,5,0.34635996592603757,0.6536400340739624,3
35,VST_first,133,35_6_183,CD,5,0.11994324453724388,0.8800567554627562,3
35,VST_first,135,35_6_185,VD,5,0.3910373355865173,0.6089626644134827,3
35,VST_first,136,35_6_186,VD,5,0.12822662868850357,0.8717733713114965,3
35,VST_first,137,35_6_187,VD,5,0.1089060438341434,0.8910939561658566,2
35,VST_first,138,35_6_188,CD,5,0.22893448863723279,0.7710655113627672,4
35,VST_first,139,35_6_189,VD,5,0.3504429835139742,0.6495570164860258,4
35,VST_first,140,35_6_190,VD,5,0.12393832889671437,0.8760616711032856,3
35,VST_first,141,35_6_191,VD,5,0.11284635591038865,0.8871536440896114,3
35,VST_first,142,35_6_192,VD,5,0.21432347146135317,0.7856765285386469,4
35,VST_first,144,35_7_194,VD,6,0.3285792746734588,0.6714207253265412,4
35,VST_first,145,35_7_195,CD,6,0.367449951563225,0.632550048436775,4
35,VST_first,146,35_7_196,CD,6,0.17623002572133545,0.8237699742786646,3
35,VST_first,147,35_7_197,VD,6,0.4126168208824262,0.5873831791175738,3
35,VST_first,148,35_7_198,CD,6,0.9956561745170476,0.004343825482952492,2
35,VST_first,149,35_7_199,VD,6,0.5386470414604,0.46135295853959996,4
35,VST_first,150,35_7_200,CD,6,0.11542147772147432,0.8845785222785257,4
35,VST_first,151,35_7_201,CD,6,0.3840033910164331,0.6159966089835669,3
35,VST_first,152,35_7_203,VD,6,0.5291957754309868,0.4708042245690132,2
35,VST_first,153,35_7_204,VD,6,0.10827980356043057,0.8917201964395695,4
35,VST_first,154,35_7_205,VD,6,0.527472306026739,0.47252769397326094,2
35,VST_first,155,35_7_206,VD,6,0.3254578330253297,0.6745421669746703,4
35,VST_first,156,35_7_207,CD,6,0.6585317501947945,0.34146824980520546,2
35,VST_first,157,35_7_208,CD,6,0.09865907620710114,0.9013409237928989,3
35,VST_first,158,35_7_209,VD,6,0.16459038080305757,0.8354096191969425,3
35,VST_first,159,35_7_210,CD,6,0.10417187950506092,0.8958281204949391,3
35,VST_first,160,35_7_211,CD,6,0.5417532538771718,0.45824674612282823,2
35,VST_first,161,35_7_212,CD,6,0.19241842526890632,0.8075815747310937,3
35,VST_first,162,35_7_213,CD,6,0.4293628801167876,0.5706371198832124,3
35,VST_first,163,35_7_214,VD,6,0.10799972274859149,0.8920002772514085,4
35,VST_first,165,35_7_217,CD,6,0.5224134228038309,0.47758657719616915,2
35,VST_first,166,35_7_218,CD,6,0.23845482427176992,0.7615451757282301,3
35,VST_first,168,35_7_220,CD,6,0.38770619192665673,0.6122938080733433,3
35,VST_first,169,35_7_222,VD,6,0.14770689008046817,0.8522931099195318,3
35,VST_first,170,35_7_223,VD,6,0.2625945885139989,0.7374054114860011,3
35,VST_first,171,35_7_224,VD,6,0.42950234008996047,0.5704976599100395,3
35,VST_first,172,35_8_225,VD,7,0.28446472968170133,0.7155352703182987,5
35,VST_first,173,35_8_226,CD,7,0.20217807358026843,0.7978219264197316,3
35,VST_first,175,35_8_228,VD,7,0.14348889294619116,0.8565111070538088,3
35,VST_first,177,35_8_230,CD,7,0.12327482475323306,0.876725175246767,3
35,VST_first,178,35_8_231,CD,7,0.6409944780335678,0.35900552196643215,3
35,VST_first,179,35_8_232,CD,7,0.43068012398628963,0.5693198760137104,3
35,VST_first,181,35_8_234,VD,7,0.5199055486902573,0.4800944513097427,2
35,VST_first,182,35_8_235,VD,7,0.6219945539520302,0.3780054460479698,2
35,VST_first,183,35_8_236,CD,7,0.4062644867808368,0.5937355132191632,3
35,VST_first,184,35_8_237,CD,7,0.11650929377532356,0.8834907062246765,3
35,VST_first,185,35_8_238,VD,7,0.17287457278782747,0.8271254272121725,3
35,VST_first,186,35_8_239,CD,7,0.25499298038734153,0.7450070196126584,4
35,VST_first,187,35_8_240,VD,7,0.11647596413830887,0.8835240358616911,4
35,VST_first,188,35_8_241,VD,7,0.17334174149968043,0.8266582585003196,3
35,VST_first,189,35_8_242,CD,7,0.3976966302660738,0.6023033697339262,3
35,VST_first,190,35_8_243,VD,7,0.15293704492387017,0.8470629550761297,4
35,VST_first,191,35_8_244,CD,7,0.5137744070071875,0.48622559299281254,2
35,VST_first,192,35_8_245,CD,7,0.10463672653672748,0.8953632734632725,3
35,VST_first,193,35_8_246,CD,7,0.42212461790279815,0.5778753820972018,2
35,VST_first,194,35_8_247,VD,7,0.10487967514891608,0.8951203248510838,3
35,VST_first,196,35_8_249,CD,7,0.5137803219067596,0.48621967809324046,3
35,VST_first,197,35_8_250,VD,7,0.11575442612630392,0.8842455738736961,3
35,VST_first,198,35_8_251,CD,7,0.516578632475152,0.48342136752484793,2
35,VST_first,200,35_8_253,CD,7,0.14359479503318465,0.8564052049668153,3
35,VST_first,201,35_8_254,VD,7,0.53133500633392,0.4686649936660801,2
35,VST_first,202,35_8_255,CD,7,0.4009681801727392,0.5990318198272607,3
35,VST_first,203,35_8_256,VD,7,0.16676830577916973,0.8332316942208302,4
35,VST_first,205,35_9_258,VD,8,0.5436102385671027,0.45638976143289733,2
35,VST_first,206,35_9_259,VD,8,0.09852057721244384,0.9014794227875561,2
35,VST_first,207,35_9_260,CD,8,0.3153797249968234,0.6846202750031766,4
35,VST_first,208,35_9_262,CD,8,0.3537743304905972,0.6462256695094029,4
35,VST_first,209,35_9_263,CD,8,0.531185296245569,0.4688147037544311,2
35,VST_first,210,35_9_264,VD,8,0.17067491417685177,0.8293250858231482,3
35,VST_first,211,35_9_265,VD,8,0.3903239519482782,0.6096760480517218,3
35,VST_first,212,35_9_266,CD,8,0.31658743284654167,0.6834125671534583,4
35,VST_first,213,35_9_267,CD,8,0.13914909718371918,0.8608509028162807,4
35,VST_first,214,35_9_268,VD,8,0.11022927629531801,0.889770723704682,3
35,VST_first,215,35_9_269,CD,8,0.3805475612581691,0.619452438741831,4
35,VST_first,216,35_9_270,CD,8,0.19877550839021016,0.8012244916097898,3
35,VST_first,217,35_9_271,CD,8,0.10221347301331635,0.8977865269866836,3
35,VST_first,218,35_9_272,CD,8,0.33148941894241785,0.6685105810575821,4
35,VST_first,219,35_9_274,CD,8,0.11669295433163998,0.88330704566836,4
35,VST_first,220,35_9_275,CD,8,0.5388510848289882,0.46114891517101175,2
35,VST_first,222,35_9_277,VD,8,0.12649409330948352,0.8735059066905164,4
35,VST_first,223,35_9_278,VD,8,0.3298255776026859,0.6701744223973141,3
35,VST_first,225,35_9_280,VD,8,0.11178878795282698,0.888211212047173,4
35,VST_first,226,35_9_281,CD,8,0.38579544627050233,0.6142045537294977,3
35,VST_first,227,35_9_282,VD,8,0.160308367207345,0.839691632792655,3
35,VST_first,229,35_9_284,CD,8,0.3402041448347092,0.6597958551652908,4
35,VST_first,230,35_9_285,VD,8,0.2736526263405147,0.7263473736594853,3
35,VST_first,231,35_9_286,CD,8,0.12398115186902826,0.87601884813097175,3
35,VST_first,232,35_9_287,VD,8,0.2949250930689527,0.7050749069310474,4
35,VST_first,233,35_9_288,VD,8,0.10831663448707356,0.8916833655129264,3
36,RSVP_first,1,36_2_33,VD,1,0.3357435076875652,0.6642564923124349,5
36,RSVP_first,2,36_2_34,VD,1,0.39422118446472953,0.6057788155352705,3
36,RSVP_first,4,36_2_36,CD,1,0.4753463415400726,0.5246536584599274,5
36,RSVP_first,5,36_2_37,VD,1,0.09930561931830424,0.9006943806816958,3
36,RSVP_first,6,36_2_38,VD,1,0.5470979093589416,0.4529020906410583,4
36,RSVP_first,7,36_2_39,CD,1,0.11146741173755992,0.8885325882624401,4
36,RSVP_first,8,36_2_40,CD,1,0.11596048977779362,0.8840395102222064,4
36,RSVP_first,9,36_2_41,VD,1,0.11760191891376812,0.8823980810862319,3
36,RSVP_first,10,36_2_42,VD,1,0.5376282866320818,0.46237171336791816,6
36,RSVP_first,11,36_2_43,CD,1,0.10406571226116162,0.8959342877388383,4
36,RSVP_first,12,36_2_44,CD,1,0.5533621284634349,0.4466378715365651,4
36,RSVP_first,13,36_2_45,CD,1,0.38491436222910175,0.6150856377708983,3
36,RSVP_first,14,36_2_46,VD,1,0.31052168520548296,0.689478314794517,5
36,RSVP_first,15,36_2_47,VD,1,0.5180743235472342,0.4819256764527659,2
36,RSVP_first,18,36_2_50,CD,1,0.13492180631341033,0.8650781936865897,4
36,RSVP_first,19,36_2_51,VD,1,0.09963414192741166,0.9003658580725884,4
36,RSVP_first,20,36_2_52,VD,1,0.33419615976517303,0.665803840234827,4
36,RSVP_first,21,36_2_54,CD,1,0.3472842052080991,0.6527157947919009,4
36,RSVP_first,22,36_2_55,CD,1,0.5147736591067572,0.48522634089324274,2
36,RSVP_first,23,36_2_56,VD,1,0.33387199061354644,0.6661280093864536,4
36,RSVP_first,25,36_2_58,CD,1,0.48497363380289543,0.5150263661971046,3
36,RSVP_first,26,36_2_59,VD,1,0.347774365202992,0.652225634797008,4
36,RSVP_first,27,36_2_60,VD,1,0.39614153653978745,0.6038584634602125,3
36,RSVP_first,28,36_2_61,CD,1,0.3907395764739827,0.6092604235260173,4
36,RSVP_first,29,36_2_62,CD,1,0.2444104506422478,0.7555895493577521,4
36,RSVP_first,30,36_2_63,VD,1,0.5805130796297883,0.4194869203702118,3
36,RSVP_first,31,36_2_64,CD,1,0.4675389999902763,0.5324610000097237,5
36,RSVP_first,32,36_3_65,VD,2,0.4570984772613081,0.5429015227386919,3
36,RSVP_first,33,36_3_66,CD,2,0.14688492010090906,0.8531150798990909,4
36,RSVP_first,34,36_3_67,VD,2,0.5162409410360242,0.4837590589639757,2
36,RSVP_first,35,36_3_68,CD,2,0.4644063034945504,0.5355936965054496,3
36,RSVP_first,36,36_3_69,VD,2,0.36470449436693786,0.6352955056330621,5
36,RSVP_first,37,36_3_70,VD,2,0.3501796251086168,0.6498203748913832,5
36,RSVP_first,38,36_3_71,VD,2,0.5415311420330026,0.45846885796699743,5
36,RSVP_first,39,36_3_72,VD,2,0.40418864355693296,0.595811356443067,3
36,RSVP_first,40,36_3_73,CD,2,0.5165605514890546,0.48343944851094534,2
36,RSVP_first,41,36_3_74,VD,2,0.1659043022992856,0.8340956977007143,4
36,RSVP_first,42,36_3_75,VD,2,0.5180743235472342,0.4819256764527659,2
36,RSVP_first,43,36_3_76,VD,2,0.2850596498124741,0.7149403501875259,5
36,RSVP_first,44,36_3_77,VD,2,0.11533125065271493,0.884668749347285,4
36,RSVP_first,45,36_3_78,CD,2,0.2211847055697214,0.7788152944302786,4
36,RSVP_first,47,36_3_80,CD,2,0.5009212738971415,0.49907872610285847,3
36,RSVP_first,48,36_3_81,VD,2,0.354389003905646,0.645610996094354,4
36,RSVP_first,49,36_3_82,CD,2,0.20391009561560547,0.7960899043843945,4
36,RSVP_first,50,36_3_83,VD,2,0.15659906261843054,0.8434009373815694,4
36,RSVP_first,52,36_3_85,CD,2,0.14666883543337897,0.8533311645666211,4
36,RSVP_first,53,36_3_86,CD,2,0.18462144698167124,0.8153785530183287,4
36,RSVP_first,54,36_3_87,CD,2,0.20645989086873123,0.7935401091312688,5
36,RSVP_first,57,36_3_90,VD,2,0.15652942102637055,0.8434705789736294,4
36,RSVP_first,58,36_3_91,CD,2,0.13775768497096924,0.8622423150290308,3
36,RSVP_first,59,36_3_92,VD,2,0.18936079763555458,0.8106392023644454,5
36,RSVP_first,60,36_3_93,CD,2,0.11016957965234517,0.8898304203476548,4
36,RSVP_first,61,36_3_94,CD,2,0.26944126537026786,0.7305587346297322,5
36,RSVP_first,62,36_3_95,CD,2,0.34290772430481314,0.6570922756951868,4
36,RSVP_first,63,36_3_96,CD,2,0.1889094632892827,0.8110905367107173,4
36,RSVP_first,64,36_4_97,CD,3,0.2545814654870216,0.7454185345129783,5
36,RSVP_first,65,36_4_98,VD,3,0.18336173495789293,0.816638265042107,4
36,RSVP_first,67,36_4_100,VD,3,0.5434073126723028,0.4565926873276972,2
36,RSVP_first,68,36_4_101,VD,3,0.5512139068145463,0.4487860931854537,4
36,RSVP_first,69,36_4_102,CD,3,0.38375521365708176,0.6162447863429182,4
36,RSVP_first,70,36_4_103,VD,3,0.13021012452588093,0.8697898754741191,4
36,RSVP_first,71,36_4_104,CD,3,0.15727714647756838,0.8427228535224316,4
36,RSVP_first,72,36_4_105,CD,3,0.4742434576075002,0.5257565423924998,3
36,RSVP_first,73,36_4_106,CD,3,0.42139479231400145,0.5786052076859985,6
36,RSVP_first,74,36_4_107,CD,3,0.45022023623034374,0.5497797637696562,3
36,RSVP_first,75,36_4_108,VD,3,0.2729669376016375,0.7270330623983625,4
36,RSVP_first,76,36_4_109,CD,3,0.3464721786820797,0.6535278213179203,4
36,RSVP_first,77,36_4_111,CD,3,0.5352627990094275,0.4647372009905724,5
36,RSVP_first,78,36_4_112,CD,3,0.5145053708702474,0.48549462912975266,2
36,RSVP_first,79,36_4_113,CD,3,0.5140410766652408,0.4859589233347593,2
36,RSVP_first,81,36_4_115,CD,3,0.24868347338019875,0.7513165266198013,5
36,RSVP_first,83,36_4_117,CD,3,0.17958660846712887,0.8204133915328712,4
36,RSVP_first,84,36_4_118,VD,3,0.14873678747500976,0.8512632125249903,5
36,RSVP_first,85,36_4_119,VD,3,0.19932920026676487,0.8006707997332351,4
36,RSVP_first,86,36_4_120,VD,3,0.5172689486031135,0.4827310513968865,2
36,RSVP_first,87,36_4_121,VD,3,0.39966545673557763,0.6003345432644224,4
36,RSVP_first,88,36_4_122,VD,3,0.15889548129127323,0.8411045187087268,4
36,RSVP_first,89,36_4_123,CD,3,0.24731181947531053,0.7526881805246894,5
36,RSVP_first,90,36_4_124,VD,3,0.18949056182967064,0.8105094381703294,4
36,RSVP_first,91,36_4_125,VD,3,0.12350894954393941,0.8764910504560606,4
36,RSVP_first,92,36_4_126,VD,3,0.21591658555706744,0.7840834144429326,5
36,RSVP_first,93,36_4_127,CD,3,0.37096917214583597,0.6290308278541641,4
36,RSVP_first,94,36_4_128,CD,3,0.2908247281743562,0.7091752718256439,5
36,RSVP_first,95,36_5_129,VD,4,0.18900987553580312,0.8109901244641968,4
36,RSVP_first,96,36_5_130,CD,4,0.5138655157107779,0.4861344842892221,2
36,RSVP_first,97,36_5_131,VD,4,0.7473911713675643,0.2526088286324357,3
36,RSVP_first,98,36_5_132,CD,4,0.15706700405391721,0.8429329959460827,4
36,RSVP_first,100,36_5_134,CD,4,0.40938044212397423,0.5906195578760257,5
36,RSVP_first,101,36_5_135,VD,4,0.5675249986038506,0.4324750013961494,2
36,RSVP_first,102,36_5_136,VD,4,0.33105154380279345,0.6689484561972066,5
36,RSVP_first,103,36_5_137,CD,4,0.14348696582262496,0.856513034177375,5
36,RSVP_first,104,36_5_138,VD,4,0.15430116280613332,0.8456988371938667,4
36,RSVP_first,105,36_5_139,CD,4,0.11657439686547885,0.8834256031345211,4
36,RSVP_first,106,36_5_141,VD,4,0.5222605556276195,0.47773944437238053,2
36,RSVP_first,108,36_5_143,VD,4,0.19836243718033617,0.8016375628196638,5
36,RSVP_first,109,36_5_144,CD,4,0.19632554303688562,0.8036744569631143,5
36,RSVP_first,111,36_5_146,CD,4,0.5169648619378224,0.4830351380621775,2
36,RSVP_first,112,36_5_147,VD,4,0.26771252834094383,0.7322874716590562,5
36,RSVP_first,113,36_5_148,VD,4,0.17197396666648376,0.8280260333335162,4
36,RSVP_first,114,36_5_149,VD,4,0.37215986056703043,0.6278401394329696,5
36,RSVP_first,115,36_5_150,CD,4,0.14397391503940357,0.8560260849605965,4
36,RSVP_first,116,36_5_151,CD,4,0.10695478553178779,0.8930452144682122,4
36,RSVP_first,117,36_5_152,VD,4,0.10427266671241389,0.8957273332875861,4
36,RSVP_first,118,36_5_153,VD,4,0.25497952925735773,0.7450204707426422,5
36,RSVP_first,119,36_5_154,CD,4,0.37043726109862946,0.6295627389013705,5
36,RSVP_first,120,36_5_155,CD,4,0.39548419591749184,0.6045158040825082,3
36,RSVP_first,121,36_5_156,CD,4,0.41209668547809036,0.5879033145219097,3
36,RSVP_first,122,36_5_157,CD,4,0.3661577572006844,0.6338422427993157,4
36,RSVP_first,124,36_5_159,CD,4,0.19565262082434942,0.8043473791756506,5
36,RSVP_first,125,36_5_160,VD,4,0.12928731347327768,0.8707126865267224,4
36,RSVP_first,126,36_6_161,VD,5,0.5903683963271662,0.4096316036728338,5
36,RSVP_first,129,36_6_164,VD,5,0.20876626742840618,0.7912337325715938,5
36,RSVP_first,130,36_6_165,VD,5,0.5161608923392826,0.48383910766071736,2
36,RSVP_first,131,36_6_166,CD,5,0.13087462442777487,0.8691253755722251,4
36,RSVP_first,132,36_6_167,VD,5,0.4611881216751629,0.5388118783248371,4
36,RSVP_first,133,36_6_168,CD,5,0.5021605872451516,0.4978394127548485,3
36,RSVP_first,134,36_6_169,CD,5,0.1941687839640535,0.8058312160359464,4
36,RSVP_first,135,36_6_170,VD,5,0.2250497942141416,0.7749502057858584,5
36,RSVP_first,136,36_6_171,VD,5,0.0995809260641009,0.9004190739358992,4
36,RSVP_first,137,36_6_172,VD,5,0.5169648619378224,0.4830351380621775,2
36,RSVP_first,138,36_6_173,CD,5,0.35229836896125905,0.647701631038741,5
36,RSVP_first,139,36_6_174,CD,5,0.27805807821675443,0.7219419217832456,5
36,RSVP_first,140,36_6_175,VD,5,0.10815251824571354,0.8918474817542865,4
36,RSVP_first,142,36_6_177,VD,5,0.11498132316183869,0.8850186768381614,4
36,RSVP_first,143,36_6_178,VD,5,0.13173298529622163,0.8682670147037783,4
36,RSVP_first,144,36_6_179,VD,5,0.1006334657025088,0.8993665342974911,4
36,RSVP_first,145,36_6_180,CD,5,0.5139621586732607,0.48603784132673933,2
36,RSVP_first,146,36_6_181,CD,5,0.3147503839209109,0.6852496160790891,5
36,RSVP_first,147,36_6_182,CD,5,0.3885823782449552,0.6114176217550448,5
36,RSVP_first,149,36_6_184,VD,5,0.5622264928212949,0.43777350717870506,3
36,RSVP_first,150,36_6_186,CD,5,0.26289516853674,0.73710483146326,4
36,RSVP_first,151,36_6_187,CD,5,0.4805979487892743,0.5194020512107257,4
36,RSVP_first,152,36_6_188,VD,5,0.1751895488561109,0.8248104511438891,4
36,RSVP_first,153,36_6_189,CD,5,0.44379090589158454,0.5562090941084153,4
36,RSVP_first,154,36_6_190,VD,5,0.3656802039206777,0.6343197960793223,4
36,RSVP_first,155,36_6_191,CD,5,0.5141066122915907,0.48589338770840934,2
36,RSVP_first,156,36_6_192,CD,5,0.17930966871480264,0.8206903312851974,4
36,RSVP_first,157,36_7_193,CD,6,0.5167683893215174,0.4832316106784826,4
36,RSVP_first,158,36_7_194,CD,6,0.3046712119927356,0.6953287880072644,5
36,RSVP_first,159,36_7_195,VD,6,0.17654529919849837,0.8234547008015016,4
36,RSVP_first,160,36_7_196,CD,6,0.3544435375122298,0.6455564624877702,4
36,RSVP_first,161,36_7_197,CD,6,0.37727377890139613,0.6227262210986039,4
36,RSVP_first,162,36_7_198,VD,6,0.15201190016410665,0.8479880998358933,4
36,RSVP_first,163,36_7_199,CD,6,0.5734495174735732,0.4265504825264268,4
36,RSVP_first,164,36_7_200,CD,6,0.21935149298476148,0.7806485070152386,3
36,RSVP_first,166,36_7_202,CD,6,0.6762126967738071,0.32378730322619287,3
36,RSVP_first,167,36_7_203,VD,6,0.32769392850357526,0.6723060714964246,4
36,RSVP_first,168,36_7_204,VD,6,0.4652781370132806,0.5347218629867194,4
36,RSVP_first,169,36_7_205,CD,6,0.16851914612144825,0.8314808538785518,4
36,RSVP_first,170,36_7_206,VD,6,0.17104143144384776,0.8289585685561522,4
36,RSVP_first,171,36_7_207,VD,6,0.3858180360633851,0.6141819639366148,5
36,RSVP_first,172,36_7_208,CD,6,0.3633548335853851,0.6366451664146149,4
36,RSVP_first,173,36_7_209,VD,6,0.5531634569828183,0.4468365430171817,2
36,RSVP_first,174,36_7_210,VD,6,0.40036157811850714,0.5996384218814929,3
36,RSVP_first,176,36_7_212,VD,6,0.1768038627473964,0.8231961372526035,4
36,RSVP_first,177,36_7_213,CD,6,0.2667345585940081,0.7332654414059919,4
36,RSVP_first,178,36_7_214,VD,6,0.5140367494551353,0.48596325054486467,2
36,RSVP_first,180,36_7_216,CD,6,0.5347991932556163,0.4652008067443837,3
36,RSVP_first,181,36_7_217,CD,6,0.3421054835584198,0.6578945164415801,5
36,RSVP_first,182,36_7_218,CD,6,0.23162463154530255,0.7683753684546974,4
36,RSVP_first,183,36_7_219,VD,6,0.4126697245017391,0.5873302754982609,3
36,RSVP_first,184,36_7_220,VD,6,0.13519131322128503,0.864808686778715,4
36,RSVP_first,186,36_7_222,CD,6,0.4501077034578576,0.5498922965421424,3
36,RSVP_first,187,36_7_223,VD,6,0.17406142682179784,0.8259385731782022,4
36,RSVP_first,188,36_7_224,VD,6,0.18597323568706386,0.8140267643129362,4
36,RSVP_first,190,36_8_226,CD,7,0.5735333533780451,0.42646664662195494,5
36,RSVP_first,191,36_8_227,VD,7,0.2295575382956574,0.7704424617043426,4
36,RSVP_first,192,36_8_228,CD,7,0.24306304004574253,0.7569369599542575,5
36,RSVP_first,193,36_8_229,VD,7,0.5142432057171187,0.48575679428288143,2
36,RSVP_first,194,36_8_230,CD,7,0.5008459050697608,0.49915409493023916,5
36,RSVP_first,197,36_8_233,CD,7,0.138708820762239,0.861291179237761,4
36,RSVP_first,198,36_8_234,CD,7,0.5205578842140702,0.47944211578592977,2
36,RSVP_first,199,36_8_235,VD,7,0.5243045407413707,0.4756954592586294,3
36,RSVP_first,200,36_8_236,VD,7,0.16905219573694275,0.8309478042630574,4
36,RSVP_first,201,36_8_237,CD,7,0.5139621586732607,0.48603784132673933,2
36,RSVP_first,203,36_8_239,VD,7,0.36784218882043007,0.6321578111795699,5
36,RSVP_first,204,36_8_240,VD,7,0.5142004157962058,0.4857995842037942,2
36,RSVP_first,205,36_8_241,VD,7,0.15953591229505687,0.8404640877049431,4
36,RSVP_first,206,36_8_242,CD,7,0.4270540878070665,0.5729459121929334,3
36,RSVP_first,207,36_8_243,VD,7,0.2552078372034431,0.744792162796557,4
36,RSVP_first,208,36_8_244,CD,7,0.4726136238535562,0.5273863761464438,3
36,RSVP_first,209,36_8_245,VD,7,0.3388540079361494,0.6611459920638507,4
36,RSVP_first,210,36_8_246,CD,7,0.17092134268349318,0.8290786573165069,4
36,RSVP_first,211,36_8_247,CD,7,0.16569316712312665,0.8343068328768732,4
36,RSVP_first,212,36_8_248,VD,7,0.23909836910692261,0.7609016308930774,4
36,RSVP_first,213,36_8_249,CD,7,0.29024810607650076,0.7097518939234992,5
36,RSVP_first,214,36_8_250,CD,7,0.41706175048377453,0.5829382495162254,5
36,RSVP_first,215,36_8_251,VD,7,0.44955336488117303,0.5504466351188271,4
36,RSVP_first,216,36_8_252,VD,7,0.4223262553954185,0.5776737446045814,5
36,RSVP_first,217,36_8_253,CD,7,0.30265049553743845,0.6973495044625615,5
36,RSVP_first,218,36_8_254,VD,7,0.19687910481577198,0.8031208951842279,4
36,RSVP_first,219,36_8_255,VD,7,0.6943772975994716,0.3056227024005284,4
36,RSVP_first,220,36_8_256,CD,7,0.4878567697064421,0.512143230293558,4
36,RSVP_first,221,36_9_257,CD,8,0.5062383019093345,0.4937616980906655,4
36,RSVP_first,222,36_9_258,VD,8,0.5040686481370014,0.49593135186299864,4
36,RSVP_first,223,36_9_259,CD,8,0.2844498713307365,0.7155501286692636,4
36,RSVP_first,224,36_9_260,CD,8,0.5222605556276195,0.47773944437238053,2
36,RSVP_first,225,36_9_261,VD,8,0.36919375909146623,0.6308062409085338,5
36,RSVP_first,227,36_9_263,CD,8,0.18816023749504923,0.8118397625049508,4
36,RSVP_first,228,36_9_264,VD,8,0.46581643936738826,0.5341835606326119,3
36,RSVP_first,229,36_9_265,VD,8,0.4382404852651257,0.5617595147348743,3
36,RSVP_first,230,36_9_266,VD,8,0.5139100472513202,0.48608995274867983,2
36,RSVP_first,231,36_9_267,CD,8,0.19722344724863436,0.8027765527513656,5
36,RSVP_first,232,36_9_268,VD,8,0.516478947716138,0.48352105228386194,2
36,RSVP_first,233,36_9_269,VD,8,0.24733641497729508,0.7526635850227049,5
36,RSVP_first,234,36_9_270,CD,8,0.6207005426778119,0.3792994573221881,3
36,RSVP_first,235,36_9_271,CD,8,0.39324585255824496,0.606754147441755,4
36,RSVP_first,236,36_9_272,CD,8,0.23217175038716714,0.7678282496128328,4
36,RSVP_first,237,36_9_273,CD,8,0.6579454116500055,0.34205458834999447,3
36,RSVP_first,238,36_9_274,CD,8,0.30578628766844185,0.694213712331558,5
36,RSVP_first,239,36_9_275,CD,8,0.14916918830244896,0.850830811697551,5
36,RSVP_first,240,36_9_276,VD,8,0.26981360082769074,0.7301863991723093,5
36,RSVP_first,241,36_9_277,CD,8,0.2793073600715021,0.720692639928498,5
36,RSVP_first,242,36_9_278,CD,8,0.4961014216522953,0.5038985783477047,3
36,RSVP_first,243,36_9_279,VD,8,0.2275821145134636,0.7724178854865364,5
36,RSVP_first,245,36_9_281,VD,8,0.3500294330232181,0.6499705669767819,5
36,RSVP_first,246,36_9_282,VD,8,0.46009642344200813,0.5399035765579918,5
36,RSVP_first,247,36_9_283,VD,8,0.44756454956657565,0.5524354504334243,4
36,RSVP_first,249,36_9_286,CD,8,0.25678992374979326,0.7432100762502067,5
36,RSVP_first,250,36_9_287,VD,8,0.4283717470627799,0.5716282529372202,4
37,VST_first,1,37_2_33,CD,1,0.5376449026168865,0.4623550973831136,5
37,VST_first,2,37_2_34,CD,1,0.47220287630280305,0.527797123697197,6
37,VST_first,3,37_2_35,CD,1,0.47137577990492013,0.5286242200950799,5
37,VST_first,4,37_2_37,VD,1,0.20604143970514605,0.793958560294854,4
37,VST_first,6,37_2_39,VD,1,0.36057737943171303,0.639422620568287,4
37,VST_first,8,37_2_43,VD,1,0.23925152200201333,0.7607484779979867,4
37,VST_first,9,37_2_44,CD,1,0.2855180320534705,0.7144819679465295,4
37,VST_first,10,37_2_45,CD,1,0.34076899501466934,0.6592310049853306,4
37,VST_first,11,37_2_47,CD,1,0.2952646153774438,0.7047353846225561,4
37,VST_first,12,37_2_48,VD,1,0.3873034992048191,0.6126965007951809,4
37,VST_first,14,37_2_52,CD,1,0.21050470576210176,0.7894952942378982,4
37,VST_first,15,37_2_54,CD,1,0.4732788890792484,0.5267211109207516,4
37,VST_first,16,37_2_55,CD,1,0.4567507216135116,0.5432492783864884,3
37,VST_first,17,37_2_56,VD,1,0.48911828392609774,0.5108817160739023,4
37,VST_first,18,37_2_57,VD,1,0.16088151947753532,0.8391184805224646,4
37,VST_first,19,37_2_58,CD,1,0.3282207609606343,0.6717792390393658,3
37,VST_first,20,37_2_59,VD,1,0.3329975798186209,0.6670024201813791,4
37,VST_first,21,37_2_60,VD,1,0.2904722455709998,0.7095277544290001,3
37,VST_first,22,37_2_61,VD,1,0.24469014951326787,0.7553098504867322,4
37,VST_first,24,37_2_63,CD,1,0.5593113894177201,0.4406886105822799,3
37,VST_first,25,37_2_64,CD,1,0.3098738883694735,0.6901261116305265,3
37,VST_first,26,37_3_65,VD,2,0.347758139263147,0.652241860736853,5
37,VST_first,27,37_3_67,CD,2,0.1422144455744694,0.8577855544255306,4
37,VST_first,28,37_3_68,VD,2,0.3949997465455745,0.6050002534544255,6
37,VST_first,29,37_3_70,CD,2,0.18808462438791085,0.8119153756120892,4
37,VST_first,30,37_3_71,CD,2,0.6678968995252647,0.3321031004747353,3
37,VST_first,31,37_3_72,CD,2,0.6759642602260852,0.32403573977391475,3
37,VST_first,32,37_3_73,VD,2,0.5223141115066752,0.4776858884933249,4
37,VST_first,33,37_3_75,VD,2,0.39085025807952456,0.6091497419204754,3
37,VST_first,34,37_3_76,VD,2,0.33163215106968363,0.6683678489303164,4
37,VST_first,35,37_3_77,CD,2,0.5125900196334674,0.48740998036653266,5
37,VST_first,36,37_3_80,VD,2,0.24648884872979293,0.7535111512702071,4
37,VST_first,37,37_3_81,CD,2,0.3229574370319937,0.6770425629680064,4
37,VST_first,38,37_3_82,VD,2,0.605120612221558,0.39487938777844206,3
37,VST_first,39,37_3_83,VD,2,0.3196825420814575,0.6803174579185425,4
37,VST_first,41,37_3_85,CD,2,0.14334204109618653,0.8566579589038135,2
37,VST_first,42,37_3_87,CD,2,0.14601801284571014,0.8539819871542899,3
37,VST_first,44,37_3_89,VD,2,0.4158012920688807,0.5841987079311193,5
37,VST_first,45,37_3_90,CD,2,0.2599361939125633,0.7400638060874367,4
37,VST_first,46,37_3_93,VD,2,0.3846000880999052,0.6153999119000948,3
37,VST_first,47,37_3_96,VD,2,0.18442274282840176,0.8155772571715982,4
37,VST_first,49,37_4_100,CD,3,0.1534338825851004,0.8465661174148996,4
37,VST_first,53,37_4_106,CD,3,0.2612968263813017,0.7387031736186983,4
37,VST_first,55,37_4_108,VD,3,0.4933097524856087,0.5066902475143913,4
37,VST_first,56,37_4_109,CD,3,0.2622206452210563,0.7377793547789437,4
37,VST_first,57,37_4_110,VD,3,0.5268537305980043,0.47314626940199567,4
37,VST_first,58,37_4_111,CD,3,0.2506935437112792,0.7493064562887208,4
37,VST_first,59,37_4_112,CD,3,0.3700942377637977,0.6299057622362022,4
37,VST_first,60,37_4_113,CD,3,0.4182580365397701,0.58174196346023,3
37,VST_first,61,37_4_114,VD,3,0.2868629891678827,0.7131370108321173,5
37,VST_first,62,37_4_115,VD,3,0.2568361826466076,0.7431638173533923,4
37,VST_first,63,37_4_116,CD,3,0.3188798838847511,0.6811201161152489,4
37,VST_first,64,37_4_118,CD,3,0.21362702193389976,0.7863729780661002,4
37,VST_first,65,37_4_120,CD,3,0.3735579451249214,0.6264420548750786,4
37,VST_first,66,37_4_121,CD,3,0.2046983570216554,0.7953016429783446,4
37,VST_first,67,37_4_122,VD,3,0.2767899109985883,0.7232100890014117,5
37,VST_first,68,37_4_124,VD,3,0.4143884239118891,0.5856115760881109,4
37,VST_first,69,37_4_126,CD,3,0.23882279906592135,0.7611772009340787,4
37,VST_first,70,37_4_127,VD,3,0.350548466702721,0.649451533297279,4
37,VST_first,72,37_5_130,VD,4,0.5645974601045375,0.43540253989546257,4
37,VST_first,73,37_5_131,VD,4,0.13984091473923216,0.8601590852607678,4
37,VST_first,74,37_5_132,VD,4,0.38611721518813535,0.6138827848118646,3
37,VST_first,75,37_5_133,CD,4,0.6780321480619296,0.3219678519380704,3
37,VST_first,76,37_5_134,CD,4,0.21005147150034506,0.7899485284996549,3
37,VST_first,77,37_5_135,CD,4,0.27711338611344966,0.7228866138865504,3
37,VST_first,78,37_5_136,CD,4,0.4670852499399174,0.5329147500600826,4
37,VST_first,79,37_5_137,CD,4,0.43894720829171774,0.5610527917082823,4
37,VST_first,80,37_5_138,VD,4,0.37725317646677803,0.622746823533222,3
37,VST_first,81,37_5_139,VD,4,0.4378940908598291,0.5621059091401709,3
37,VST_first,82,37_5_140,CD,4,0.3389704502576865,0.6610295497423135,4
37,VST_first,83,37_5_141,VD,4,0.3330000910848937,0.6669999089151063,4
37,VST_first,84,37_5_142,VD,4,0.41622218068627836,0.5837778193137216,3
37,VST_first,86,37_5_144,VD,4,0.1544575538935715,0.8455424461064285,4
37,VST_first,88,37_5_146,VD,4,0.5074141969185502,0.49258580308144984,4
37,VST_first,91,37_5_149,VD,4,0.6759168385895142,0.3240831614104858,3
37,VST_first,92,37_5_151,CD,4,0.14148719981749608,0.858512800182504,4
37,VST_first,93,37_5_152,CD,4,0.2906616863235896,0.7093383136764105,5
37,VST_first,94,37_5_153,VD,4,0.23411365074963314,0.7658863492503669,5
37,VST_first,95,37_5_154,CD,4,0.25654302821112396,0.743456971788876,4
37,VST_first,97,37_5_156,CD,4,0.1366606618354379,0.8633393381645621,3
37,VST_first,98,37_5_157,CD,4,0.4521623583877844,0.5478376416122156,6
37,VST_first,99,37_5_158,VD,4,0.4675543279594506,0.5324456720405494,5
37,VST_first,100,37_5_159,CD,4,0.38792351580440776,0.6120764841955922,6
37,VST_first,101,37_5_160,VD,4,0.16710361509518928,0.8328963849048107,4
37,VST_first,103,37_6_162,VD,5,0.2370366081791858,0.7629633918208143,5
37,VST_first,105,37_6_164,VD,5,0.5068887427769362,0.4931112572230638,3
37,VST_first,106,37_6_165,VD,5,0.33522930757005476,0.6647706924299452,4
37,VST_first,107,37_6_166,CD,5,0.2093360944796214,0.7906639055203786,4
37,VST_first,108,37_6_167,VD,5,0.5145284173108647,0.48547158268913526,2
37,VST_first,110,37_6_171,CD,5,0.3993297327358959,0.6006702672641041,3
37,VST_first,111,37_6_173,CD,5,0.3323412520477802,0.6676587479522198,4
37,VST_first,112,37_6_174,CD,5,0.4212656920428928,0.5787343079571071,5
37,VST_first,113,37_6_175,VD,5,0.25263976312086983,0.7473602368791301,4
37,VST_first,114,37_6_176,CD,5,0.5481526954590085,0.4518473045409916,4
37,VST_first,115,37_6_177,VD,5,0.34115336824784387,0.6588466317521562,4
37,VST_first,116,37_6_178,CD,5,0.3927373210494439,0.6072626789505561,4
37,VST_first,117,37_6_179,CD,5,0.37671807306740157,0.6232819269325984,5
37,VST_first,118,37_6_180,VD,5,0.3175878905825359,0.6824121094174641,5
37,VST_first,119,37_6_181,CD,5,0.6764626568185799,0.32353734318142013,3
37,VST_first,120,37_6_182,CD,5,0.20581293058389227,0.7941870694161077,5
37,VST_first,121,37_6_183,VD,5,0.4527274902086767,0.5472725097913234,6
37,VST_first,122,37_6_184,CD,5,0.22046172674903286,0.7795382732509671,4
37,VST_first,123,37_6_185,CD,5,0.4530606043247395,0.5469393956752605,5
37,VST_first,124,37_6_186,CD,5,0.31768225312601106,0.6823177468739889,4
37,VST_first,126,37_6_188,VD,5,0.1939713641801782,0.8060286358198218,4
37,VST_first,127,37_6_190,VD,5,0.5272098594029229,0.4727901405970772,4
37,VST_first,128,37_7_193,VD,6,0.5154134429736363,0.4845865570263636,2
37,VST_first,129,37_7_195,CD,6,0.15155393079369023,0.8484460692063097,4
37,VST_first,130,37_7_196,VD,6,0.46781732300741363,0.5321826769925864,5
37,VST_first,131,37_7_197,VD,6,0.3085675816390948,0.6914324183609052,5
37,VST_first,132,37_7_198,VD,6,0.40532539830130104,0.5946746016986989,5
37,VST_first,133,37_7_199,VD,6,0.11148387222535942,0.8885161277746406,3
37,VST_first,134,37_7_200,CD,6,0.2536473120069977,0.7463526879930024,5
37,VST_first,139,37_7_206,VD,6,0.486947569278695,0.513052430721305,6
37,VST_first,140,37_7_207,VD,6,0.30518972411426626,0.6948102758857337,4
37,VST_first,141,37_7_208,VD,6,0.4031602920620948,0.5968397079379052,5
37,VST_first,143,37_7_210,CD,6,0.43483106711411007,0.5651689328858899,5
37,VST_first,144,37_7_211,CD,6,0.4113847265844068,0.5886152734155933,5
37,VST_first,147,37_7_214,CD,6,0.6765690643284492,0.32343093567155085,3
37,VST_first,148,37_7_216,CD,6,0.11221399237503266,0.8877860076249674,4
37,VST_first,149,37_7_217,CD,6,0.24745565189644048,0.7525443481035595,4
37,VST_first,150,37_7_218,VD,6,0.320903610160976,0.679096389839024,5
37,VST_first,151,37_7_219,CD,6,0.3781772166549612,0.6218227833450388,5
37,VST_first,152,37_7_220,VD,6,0.18008776743059904,0.8199122325694009,3
37,VST_first,153,37_7_221,CD,6,0.13546418618493297,0.8645358138150671,3
37,VST_first,154,37_7_223,CD,6,0.31881061127763544,0.6811893887223646,5
37,VST_first,155,37_7_224,VD,6,0.675754396211821,0.324245603788179,3
37,VST_first,156,37_8_225,VD,7,0.36843705741915994,0.63156294258084,5
37,VST_first,157,37_8_226,VD,7,0.3234303363463362,0.6765696636536637,4
37,VST_first,158,37_8_228,VD,7,0.5140328213632861,0.48596717863671385,2
37,VST_first,159,37_8_229,VD,7,0.38000231835738474,0.6199976816426153,5
37,VST_first,160,37_8_230,VD,7,0.3329697892432355,0.6670302107567645,4
37,VST_first,161,37_8_231,VD,7,0.8721229999785296,0.1278770000214704,2
37,VST_first,162,37_8_232,CD,7,0.23658594575885067,0.7634140542411494,4
37,VST_first,163,37_8_233,CD,7,0.22125864833623313,0.7787413516637669,4
37,VST_first,164,37_8_234,VD,7,0.23125348510270244,0.7687465148972976,4
37,VST_first,165,37_8_235,VD,7,0.6468858325505462,0.35311416744945384,4
37,VST_first,166,37_8_236,CD,7,0.616434834729758,0.38356516527024204,3
37,VST_first,167,37_8_237,CD,7,0.4746055660264262,0.5253944339735738,4
37,VST_first,168,37_8_238,VD,7,0.29574629076724235,0.7042537092327577,4
37,VST_first,170,37_8_240,CD,7,0.34949928299434846,0.6505007170056516,6
37,VST_first,171,37_8_241,VD,7,0.19980517412444,0.80019482587556,4
37,VST_first,172,37_8_242,CD,7,0.21717837810138188,0.7828216218986181,4
37,VST_first,173,37_8_243,CD,7,0.38757453634422034,0.6124254636557797,5
37,VST_first,175,37_8_245,VD,7,0.17459002572016918,0.8254099742798308,4
37,VST_first,176,37_8_246,CD,7,0.15086284986497336,0.8491371501350267,3
37,VST_first,178,37_8_248,CD,7,0.25106020578338306,0.7489397942166169,4
37,VST_first,179,37_8_249,VD,7,0.30614572006849966,0.6938542799315003,4
37,VST_first,180,37_8_250,VD,7,0.6302098239762929,0.3697901760237071,4
37,VST_first,181,37_8_251,CD,7,0.3051082209216534,0.6948917790783466,4
37,VST_first,182,37_8_252,CD,7,0.24374418621042243,0.7562558137895775,5
37,VST_first,183,37_8_253,CD,7,0.42238355547457906,0.5776164445254209,6
37,VST_first,184,37_8_254,CD,7,0.538388743987113,0.461611256012887,5
37,VST_first,185,37_8_255,VD,7,0.20687179568474034,0.7931282043152597,3
37,VST_first,186,37_8_256,VD,7,0.11120205298502568,0.8887979470149744,3
37,VST_first,187,37_9_257,CD,8,0.35332634159867576,0.6466736584013242,4
37,VST_first,188,37_9_258,VD,8,0.3180987054774005,0.6819012945225995,4
37,VST_first,189,37_9_259,VD,8,0.21196797364796136,0.7880320263520386,4
37,VST_first,191,37_9_262,CD,8,0.36523702514921347,0.6347629748507866,4
37,VST_first,192,37_9_263,VD,8,0.26103865991904046,0.7389613400809595,4
37,VST_first,193,37_9_264,VD,8,0.43716553581779316,0.5628344641822068,4
37,VST_first,194,37_9_265,VD,8,0.5148904371503851,0.48510956284961504,2
37,VST_first,196,37_9_267,CD,8,0.34653023819214795,0.653469761807852,3
37,VST_first,197,37_9_268,CD,8,0.27410253906700965,0.7258974609329903,4
37,VST_first,198,37_9_271,VD,8,0.2450046062227439,0.7549953937772561,4
37,VST_first,199,37_9_272,VD,8,0.3455547690265609,0.6544452309734391,5
37,VST_first,200,37_9_273,VD,8,0.13401408709087925,0.8659859129091207,5
37,VST_first,201,37_9_274,VD,8,0.1515906784727926,0.8484093215272074,3
37,VST_first,203,37_9_276,CD,8,0.39252186764116265,0.6074781323588373,3
37,VST_first,204,37_9_277,CD,8,0.2379455806564532,0.7620544193435469,3
37,VST_first,205,37_9_279,CD,8,0.23709028797135523,0.7629097120286448,4
37,VST_first,206,37_9_280,VD,8,0.17409418339625787,0.8259058166037421,3
37,VST_first,208,37_9_282,VD,8,0.33900412191657725,0.6609958780834227,5
37,VST_first,209,37_9_283,CD,8,0.3313610800644337,0.6686389199355662,5
37,VST_first,210,37_9_284,CD,8,0.34423381020416566,0.6557661897958343,4
37,VST_first,211,37_9_285,CD,8,0.20106192165427778,0.7989380783457223,4
37,VST_first,212,37_9_286,CD,8,0.2693608937597655,0.7306391062402344,4
37,VST_first,213,37_9_287,CD,8,0.40525102437969746,0.5947489756203025,4
38,RSVP_first,2,38_2_39,VD,1,0.3904499789129853,0.6095500210870147,3
38,RSVP_first,3,38_2_40,VD,1,0.39400071744635423,0.6059992825536458,3
38,RSVP_first,4,38_2_41,VD,1,0.5388510848289882,0.46114891517101175,2
38,RSVP_first,5,38_2_43,CD,1,0.32603900591729484,0.6739609940827052,4
38,RSVP_first,6,38_2_44,CD,1,0.51411065846655,0.48588934153344987,2
38,RSVP_first,7,38_2_46,CD,1,0.10942721555156025,0.8905727844484397,4
38,RSVP_first,8,38_2_48,CD,1,0.24328890215697735,0.7567110978430227,3
38,RSVP_first,9,38_2_49,CD,1,0.17832182096221896,0.821678179037781,4
38,RSVP_first,10,38_2_50,CD,1,0.3628880371563258,0.6371119628436743,4
38,RSVP_first,12,38_2_52,VD,1,0.46810653842291566,0.5318934615770843,3
38,RSVP_first,13,38_2_53,VD,1,0.516478947716138,0.48352105228386194,2
38,RSVP_first,14,38_2_54,CD,1,0.6650955586903191,0.33490444130968083,3
38,RSVP_first,15,38_2_55,VD,1,0.3936801841757318,0.6063198158242682,3
38,RSVP_first,16,38_2_56,VD,1,0.601955572092924,0.3980444279070759,3
38,RSVP_first,18,38_2_59,VD,1,0.31407675734892465,0.6859232426510753,4
38,RSVP_first,19,38_2_60,CD,1,0.1439022475422009,0.8560977524577991,3
38,RSVP_first,20,38_2_62,CD,1,0.30859042906317985,0.6914095709368202,3
38,RSVP_first,22,38_2_64,CD,1,0.7752690675652842,0.22473093243471579,2
38,RSVP_first,23,38_3_65,VD,2,0.18285005670406862,0.8171499432959314,4
38,RSVP_first,24,38_3_66,VD,2,0.42416662145637885,0.5758333785436212,3
38,RSVP_first,25,38_3_67,CD,2,0.5306801883760295,0.4693198116239706,3
38,RSVP_first,26,38_3_68,VD,2,0.5625071802037541,0.4374928197962459,2
38,RSVP_first,27,38_3_69,CD,2,0.7943673383167632,0.20563266168323682,2
38,RSVP_first,29,38_3_71,VD,2,0.16831255324847802,0.831687446751522,4
38,RSVP_first,31,38_3_73,VD,2,0.5020307831913099,0.4979692168086901,4
38,RSVP_first,32,38_3_75,CD,2,0.2964576446880632,0.7035423553119369,4
38,RSVP_first,35,38_3_78,CD,2,0.32313732690203945,0.6768626730979604,4
38,RSVP_first,36,38_3_80,VD,2,0.4335916467615386,0.5664083532384614,4
38,RSVP_first,37,38_3_81,VD,2,0.1322892376938236,0.8677107623061764,3
38,RSVP_first,38,38_3_82,CD,2,0.3795993869028623,0.6204006130971377,4
38,RSVP_first,39,38_3_83,CD,2,0.24537379664552406,0.7546262033544759,4
38,RSVP_first,40,38_3_85,VD,2,0.14698851710131167,0.8530114828986883,4
38,RSVP_first,41,38_3_86,CD,2,0.1713385056392204,0.8286614943607796,4
38,RSVP_first,42,38_3_87,VD,2,0.16687827860501966,0.8331217213949803,4
38,RSVP_first,43,38_3_90,CD,2,0.3229905911760711,0.6770094088239289,4
38,RSVP_first,44,38_3_91,CD,2,0.4361745172504634,0.5638254827495366,3
38,RSVP_first,45,38_3_92,VD,2,0.2632920464162417,0.7367079535837582,3
38,RSVP_first,46,38_3_95,VD,2,0.24298202126364807,0.757017978736352,3
38,RSVP_first,47,38_3_96,CD,2,0.5358615622333233,0.4641384377666767,2
38,RSVP_first,48,38_4_97,CD,3,0.16507264858281517,0.8349273514171849,4
38,RSVP_first,49,38_4_98,VD,3,0.1918300457860328,0.8081699542139671,3
38,RSVP_first,50,38_4_100,CD,3,0.1895393451226213,0.8104606548773787,3
38,RSVP_first,51,38_4_101,CD,3,0.18898620666952243,0.8110137933304776,4
38,RSVP_first,52,38_4_102,CD,3,0.15893883871180475,0.8410611612881953,4
38,RSVP_first,53,38_4_103,CD,3,0.5678239248043175,0.43217607519568246,2
38,RSVP_first,54,38_4_104,CD,3,0.18546756992984365,0.8145324300701563,3
38,RSVP_first,56,38_4_106,CD,3,0.5300611359117281,0.46993886408827196,2
38,RSVP_first,57,38_4_107,CD,3,0.20509296754145062,0.7949070324585493,3
38,RSVP_first,59,38_4_109,CD,3,0.13530043443560938,0.8646995655643906,3
38,RSVP_first,60,38_4_110,VD,3,0.23982191154095014,0.7601780884590499,3
38,RSVP_first,61,38_4_112,VD,3,0.2519506619049806,0.7480493380950194,4
38,RSVP_first,62,38_4_114,VD,3,0.12800029184943856,0.8719997081505614,4
38,RSVP_first,64,38_4_116,CD,3,0.12090994653562773,0.8790900534643724,3
38,RSVP_first,65,38_4_117,CD,3,0.28652424729723847,0.7134757527027615,4
38,RSVP_first,66,38_4_118,VD,3,0.10524604008960015,0.8947539599103999,3
38,RSVP_first,67,38_4_119,VD,3,0.1282433590778682,0.8717566409221318,3
38,RSVP_first,69,38_4_123,VD,3,0.36309964702477726,0.6369003529752227,3
38,RSVP_first,70,38_4_124,VD,3,0.10464827123808626,0.8953517287619137,4
38,RSVP_first,71,38_4_125,CD,3,0.237280326248873,0.762719673751127,4
38,RSVP_first,72,38_4_126,VD,3,0.3052590644435592,0.6947409355564408,3
38,RSVP_first,73,38_4_128,CD,3,0.39137113517165184,0.6086288648283481,3
38,RSVP_first,75,38_5_130,VD,4,0.41173399097094743,0.5882660090290526,3
38,RSVP_first,76,38_5_131,VD,4,0.21969932991593674,0.7803006700840632,3
38,RSVP_first,78,38_5_133,VD,4,0.4717216353313705,0.5282783646686294,3
38,RSVP_first,80,38_5_136,CD,4,0.5139345507308902,0.4860654492691097,2
38,RSVP_first,81,38_5_137,CD,4,0.3000191739517466,0.6999808260482534,3
38,RSVP_first,82,38_5_138,VD,4,0.3912696716460574,0.6087303283539426,3
38,RSVP_first,83,38_5_139,CD,4,0.14734388251993913,0.8526561174800609,3
38,RSVP_first,84,38_5_141,CD,4,0.335716570786995,0.6642834292130049,2
38,RSVP_first,85,38_5_143,CD,4,0.1375506469802496,0.8624493530197503,3
38,RSVP_first,86,38_5_145,VD,4,0.1493389262217683,0.8506610737782317,3
38,RSVP_first,87,38_5_146,CD,4,0.3737810277567296,0.6262189722432704,4
38,RSVP_first,88,38_5_147,CD,4,0.12477068338332305,0.8752293166166769,3
38,RSVP_first,89,38_5_148,CD,4,0.5279165965402776,0.4720834034597225,2
38,RSVP_first,90,38_5_149,VD,4,0.12870298223298718,0.8712970177670128,4
38,RSVP_first,91,38_5_150,CD,4,0.4572913045460634,0.5427086954539365,4
38,RSVP_first,92,38_5_151,VD,4,0.33667548983956386,0.6633245101604361,3
38,RSVP_first,93,38_5_152,VD,4,0.19449333370153948,0.8055066662984606,3
38,RSVP_first,94,38_5_153,CD,4,0.36823617643299744,0.6317638235670026,4
38,RSVP_first,95,38_5_155,VD,4,0.12003214631788259,0.8799678536821174,3
38,RSVP_first,97,38_5_157,CD,4,0.3896418041132335,0.6103581958867665,3
38,RSVP_first,98,38_5_158,VD,4,0.21420761695344875,0.7857923830465512,5
38,RSVP_first,99,38_5_160,VD,4,0.5140410766652408,0.4859589233347593,2
38,RSVP_first,100,38_6_161,CD,5,0.11949716399425075,0.8805028360057493,4
38,RSVP_first,101,38_6_162,VD,5,0.10988908361928992,0.89011091638071,3
38,RSVP_first,102,38_6_163,VD,5,0.32037499918648055,0.6796250008135194,4
38,RSVP_first,103,38_6_164,CD,5,0.5025654645387678,0.4974345354612322,2
38,RSVP_first,105,38_6_166,CD,5,0.2975035652007336,0.7024964347992664,4
38,RSVP_first,106,38_6_167,VD,5,0.16923390946163017,0.8307660905383698,3
38,RSVP_first,107,38_6_168,CD,5,0.10879995093659917,0.8912000490634009,2
38,RSVP_first,108,38_6_169,CD,5,0.5229881684084404,0.4770118315915596,2
38,RSVP_first,109,38_6_170,VD,5,0.5180743235472342,0.4819256764527659,2
38,RSVP_first,110,38_6_172,VD,5,0.4935949932819516,0.5064050067180483,3
38,RSVP_first,111,38_6_173,VD,5,0.10358314493131118,0.8964168550686888,3
38,RSVP_first,112,38_6_174,VD,5,0.6916102043326867,0.30838979566731334,3
38,RSVP_first,113,38_6_175,CD,5,0.12215675408105116,0.8778432459189488,4
38,RSVP_first,114,38_6_176,CD,5,0.520251229515042,0.479748770484958,2
38,RSVP_first,115,38_6_177,CD,5,0.32259630612681145,0.6774036938731886,4
38,RSVP_first,116,38_6_178,CD,5,0.388877981083219,0.611122018916781,3
38,RSVP_first,119,38_6_182,VD,5,0.5736192574876446,0.4263807425123553,3
38,RSVP_first,120,38_6_183,VD,5,0.12375667340273082,0.8762433265972692,3
38,RSVP_first,121,38_6_184,CD,5,0.34395916845075447,0.6560408315492455,4
38,RSVP_first,122,38_6_185,VD,5,0.514779837839718,0.48522016216028196,2
38,RSVP_first,123,38_6_186,CD,5,0.19148214779155584,0.8085178522084442,3
38,RSVP_first,124,38_6_187,CD,5,0.25731158311760405,0.742688416882396,4
38,RSVP_first,125,38_6_188,VD,5,0.44799517404730743,0.5520048259526926,2
38,RSVP_first,126,38_6_189,VD,5,0.5179855380203087,0.4820144619796914,2
38,RSVP_first,127,38_6_190,VD,5,0.11050079423139887,0.8894992057686012,3
38,RSVP_first,128,38_6_191,CD,5,0.5471721113932437,0.45282788860675627,2
38,RSVP_first,129,38_6_192,CD,5,0.5172689486031135,0.4827310513968865,2
38,RSVP_first,130,38_7_193,VD,6,0.3006655885562974,0.6993344114437027,4
38,RSVP_first,131,38_7_195,CD,6,0.14644484549517756,0.8535551545048224,3
38,RSVP_first,132,38_7_196,CD,6,0.5267213248177366,0.4732786751822634,3
38,RSVP_first,133,38_7_197,VD,6,0.13464405390254133,0.8653559460974587,4
38,RSVP_first,134,38_7_198,VD,6,0.5205578842140702,0.47944211578592977,2
38,RSVP_first,135,38_7_199,VD,6,0.37856203244987036,0.6214379675501297,4
38,RSVP_first,136,38_7_200,VD,6,0.5194443501862793,0.4805556498137206,2
38,RSVP_first,137,38_7_201,VD,6,0.6041869800306936,0.3958130199693064,4
38,RSVP_first,138,38_7_202,VD,6,0.13065402946974994,0.86934597053025,4
38,RSVP_first,139,38_7_203,VD,6,0.533308266648876,0.46669173335112396,3
38,RSVP_first,140,38_7_204,CD,6,0.14528319806796355,0.8547168019320365,3
38,RSVP_first,141,38_7_205,VD,6,0.11031218644538765,0.8896878135546125,4
38,RSVP_first,142,38_7_206,CD,6,0.21669180283113731,0.7833081971688627,4
38,RSVP_first,143,38_7_207,CD,6,0.12562121634686485,0.8743787836531351,4
38,RSVP_first,144,38_7_208,CD,6,0.2309391163928908,0.7690608836071092,4
38,RSVP_first,145,38_7_209,VD,6,0.5169029994153532,0.4830970005846468,2
38,RSVP_first,146,38_7_210,CD,6,0.1412223544168501,0.85877764558315,4
38,RSVP_first,147,38_7_211,CD,6,0.496459678233252,0.503540321766748,4
38,RSVP_first,148,38_7_212,CD,6,0.9828197764116922,0.017180223588307803,2
38,RSVP_first,149,38_7_213,CD,6,0.4078468320994743,0.5921531679005257,4
38,RSVP_first,151,38_7_215,CD,6,0.5135756112103141,0.4864243887896858,3
38,RSVP_first,152,38_7_216,CD,6,0.10804116405228595,0.8919588359477141,4
38,RSVP_first,153,38_7_217,VD,6,0.6098717246903995,0.3901282753096005,4
38,RSVP_first,155,38_7_219,VD,6,0.2752313867384357,0.7247686132615643,3
38,RSVP_first,156,38_7_220,VD,6,0.13413375217646412,0.8658662478235358,4
38,RSVP_first,157,38_7_222,CD,6,0.1030622566857294,0.8969377433142706,4
38,RSVP_first,158,38_7_223,CD,6,0.22722424963557464,0.7727757503644254,3
38,RSVP_first,159,38_7_224,VD,6,0.3151203490963691,0.6848796509036309,5
38,RSVP_first,160,38_8_226,VD,7,0.14363438215817467,0.8563656178418253,3
38,RSVP_first,161,38_8_227,VD,7,0.21086458275686126,0.7891354172431387,4
38,RSVP_first,163,38_8_229,VD,7,0.17904822792190261,0.8209517720780973,3
38,RSVP_first,164,38_8_232,CD,7,0.5597705410698626,0.4402294589301374,2
38,RSVP_first,165,38_8_233,VD,7,0.17704600393199615,0.8229539960680039,3
38,RSVP_first,166,38_8_234,CD,7,0.5388744682036026,0.4611255317963974,2
38,RSVP_first,167,38_8_235,VD,7,0.40482777117232904,0.595172228827671,3
38,RSVP_first,168,38_8_238,CD,7,0.6306401554779578,0.3693598445220422,2
38,RSVP_first,169,38_8_239,CD,7,0.5464410142770835,0.4535589857229165,3
38,RSVP_first,170,38_8_240,VD,7,0.23220701472566935,0.7677929852743307,3
38,RSVP_first,171,38_8_241,VD,7,0.5877374289448187,0.4122625710551812,4
38,RSVP_first,172,38_8_242,VD,7,0.1374738473823648,0.8625261526176353,4
38,RSVP_first,173,38_8_245,CD,7,0.10585616036232992,0.8941438396376701,4
38,RSVP_first,174,38_8_247,CD,7,0.4363623264012264,0.5636376735987736,4
38,RSVP_first,175,38_8_248,VD,7,0.20530353500798826,0.7946964649920117,4
38,RSVP_first,176,38_8_249,CD,7,0.324474307729322,0.6755256922706779,5
38,RSVP_first,177,38_8_250,CD,7,0.428103163893134,0.5718968361068659,5
38,RSVP_first,178,38_8_251,VD,7,0.17637881018226254,0.8236211898177375,4
38,RSVP_first,179,38_8_252,CD,7,0.23060117194554294,0.769398828054457,4
38,RSVP_first,180,38_8_253,CD,7,0.28216509000496426,0.7178349099950357,4
38,RSVP_first,181,38_8_254,VD,7,0.21430029234736722,0.7856997076526329,4
38,RSVP_first,182,38_8_255,CD,7,0.16248630880008236,0.8375136911999177,4
38,RSVP_first,183,38_8_256,VD,7,0.5194443501862793,0.4805556498137206,2
38,RSVP_first,184,38_9_257,VD,8,0.15999126144831868,0.8400087385516812,4
38,RSVP_first,185,38_9_258,CD,8,0.6069106885839364,0.3930893114160636,3
38,RSVP_first,186,38_9_259,CD,8,0.12872602159025512,0.8712739784097449,3
38,RSVP_first,187,38_9_261,VD,8,0.3610302919567093,0.6389697080432907,4
38,RSVP_first,189,38_9_264,CD,8,0.11631290736090256,0.8836870926390974,3
38,RSVP_first,190,38_9_266,CD,8,0.22291746624080275,0.7770825337591972,4
38,RSVP_first,191,38_9_268,VD,8,0.14782344602910494,0.8521765539708951,5
38,RSVP_first,192,38_9_269,VD,8,0.12761445269153235,0.8723855473084677,5
38,RSVP_first,193,38_9_270,CD,8,0.4238847854865745,0.5761152145134255,4
38,RSVP_first,194,38_9_271,VD,8,0.2045221939374721,0.7954778060625279,3
38,RSVP_first,195,38_9_272,VD,8,0.14692217322085313,0.8530778267791469,4
38,RSVP_first,196,38_9_273,CD,8,0.12230591011160845,0.8776940898883915,3
38,RSVP_first,198,38_9_277,CD,8,0.2355109894587172,0.7644890105412828,3
38,RSVP_first,199,38_9_278,VD,8,0.11627291040338074,0.8837270895966193,3
38,RSVP_first,200,38_9_279,CD,8,0.11542880960679891,0.8845711903932012,3
38,RSVP_first,202,38_9_281,VD,8,0.5271189706737092,0.4728810293262908,2
38,RSVP_first,203,38_9_282,CD,8,0.37962439753971,0.62037560246029,4
38,RSVP_first,204,38_9_283,CD,8,0.11902452237512517,0.8809754776248748,3
38,RSVP_first,206,38_9_285,VD,8,0.416362655442723,0.583637344557277,4
38,RSVP_first,207,38_9_286,CD,8,0.12040519435257117,0.8795948056474289,3
38,RSVP_first,208,38_9_287,VD,8,0.19268597473112306,0.807314025268877,3
39,VST_first,1,39_2_33,CD,1,0.2155008454245647,0.7844991545754353,3
39,VST_first,3,39_2_35,VD,1,0.5544541806070018,0.44554581939299825,2
39,VST_first,4,39_2_36,VD,1,0.3203868901448101,0.6796131098551899,4
39,VST_first,5,39_2_37,VD,1,0.36872980449056086,0.6312701955094392,5
39,VST_first,6,39_2_38,VD,1,0.3952423540950569,0.6047576459049431,4
39,VST_first,7,39_2_39,VD,1,0.4740665508698723,0.5259334491301277,5
39,VST_first,8,39_2_40,VD,1,0.5279165965402776,0.4720834034597225,2
39,VST_first,9,39_2_41,CD,1,0.3222324801320574,0.6777675198679425,4
39,VST_first,10,39_2_42,CD,1,0.10685683855405315,0.8931431614459467,3
39,VST_first,12,39_2_44,VD,1,0.32126458439591343,0.6787354156040866,4
39,VST_first,13,39_2_45,VD,1,0.10189918432574976,0.8981008156742503,4
39,VST_first,14,39_2_46,CD,1,0.10322808721212016,0.8967719127878799,3
39,VST_first,15,39_2_47,VD,1,0.18290024970170848,0.8170997502982915,3
39,VST_first,16,39_2_48,CD,1,0.1733027924595681,0.826697207540432,3
39,VST_first,17,39_2_49,CD,1,0.3660977349410574,0.6339022650589425,4
39,VST_first,18,39_2_50,VD,1,0.6765526860375303,0.32344731396246973,3
39,VST_first,19,39_2_51,VD,1,0.22218224619309637,0.7778177538069035,4
39,VST_first,20,39_2_52,VD,1,0.14817019564997985,0.8518298043500202,3
39,VST_first,21,39_2_53,CD,1,0.11142910656428097,0.888570893435719,3
39,VST_first,22,39_2_54,CD,1,0.5513435793917201,0.44865642060828,2
39,VST_first,23,39_2_55,CD,1,0.5194789216827469,0.48052107831725305,2
39,VST_first,24,39_2_56,VD,1,0.3135419514273607,0.6864580485726393,4
39,VST_first,25,39_2_58,CD,1,0.2591256740067439,0.7408743259932561,3
39,VST_first,26,39_2_59,VD,1,0.364184760000582,0.635815239999418,4
39,VST_first,27,39_2_60,CD,1,0.11413211230438584,0.8858678876956142,3
39,VST_first,28,39_2_61,CD,1,0.1015297888324865,0.8984702111675135,3
39,VST_first,29,39_2_62,CD,1,0.3116824667229363,0.6883175332770637,3
39,VST_first,30,39_2_63,VD,1,0.23358743744173102,0.766412562558269,3
39,VST_first,31,39_2_64,VD,1,0.39177560227291863,0.6082243977270814,3
39,VST_first,33,39_3_66,VD,2,0.45276040185831673,0.5472395981416832,3
39,VST_first,34,39_3_67,VD,2,0.4567761070236882,0.5432238929763118,3
39,VST_first,35,39_3_68,CD,2,0.5165605514890546,0.48343944851094534,2
39,VST_first,37,39_3_70,VD,2,0.5162409410360242,0.4837590589639757,2
39,VST_first,38,39_3_71,CD,2,0.40506165195392896,0.594938348046071,3
39,VST_first,39,39_3_72,CD,2,0.227740831616575,0.772259168383425,3
39,VST_first,40,39_3_73,CD,2,0.11606820070888575,0.8839317992911142,4
39,VST_first,41,39_3_74,VD,2,0.09732667033098268,0.9026733296690174,3
39,VST_first,42,39_3_75,CD,2,0.3265665489929521,0.6734334510070479,4
39,VST_first,43,39_3_76,CD,2,0.5237085661837642,0.47629143381623584,2
39,VST_first,44,39_3_77,VD,2,0.12188729798554189,0.8781127020144581,3
39,VST_first,46,39_3_79,CD,2,0.4047011761214002,0.5952988238785999,4
39,VST_first,47,39_3_81,CD,2,0.1114518529909563,0.8885481470090436,3
39,VST_first,50,39_3_84,VD,2,0.1111657305944961,0.8888342694055039,3
39,VST_first,52,39_3_86,VD,2,0.3936871643086957,0.6063128356913043,3
39,VST_first,53,39_3_87,VD,2,0.8217784582040595,0.17822154179594057,2
39,VST_first,54,39_3_88,VD,2,0.17549122643571619,0.8245087735642839,2
39,VST_first,55,39_3_89,CD,2,0.38310691817257025,0.6168930818274297,3
39,VST_first,56,39_3_91,VD,2,0.07731532218681933,0.9226846778131806,2
39,VST_first,57,39_3_93,CD,2,0.3500982779135633,0.6499017220864367,4
39,VST_first,58,39_3_94,VD,2,0.5154134429736363,0.4845865570263636,2
39,VST_first,59,39_3_95,VD,2,0.17326240234934384,0.8267375976506561,3
39,VST_first,60,39_3_96,CD,2,0.2967268870689048,0.7032731129310952,4
39,VST_first,61,39_4_97,VD,3,0.11261187026039092,0.8873881297396091,4
39,VST_first,62,39_4_98,VD,3,0.33911953467829137,0.6608804653217086,4
39,VST_first,63,39_4_99,CD,3,0.12297077804614566,0.8770292219538544,3
39,VST_first,64,39_4_100,VD,3,0.24328058496090404,0.756719415039096,3
39,VST_first,65,39_4_101,VD,3,0.9022526167680094,0.09774738323199071,2
39,VST_first,66,39_4_102,CD,3,0.36834455550269213,0.6316554444973079,4
39,VST_first,67,39_4_103,CD,3,0.10960255450456324,0.8903974454954368,4
39,VST_first,68,39_4_104,CD,3,0.11979085563797803,0.880209144362022,3
39,VST_first,69,39_4_105,VD,3,0.13110532226046206,0.868894677739538,3
39,VST_first,70,39_4_106,CD,3,0.10918116621178856,0.8908188337882115,4
39,VST_first,72,39_4_108,VD,3,0.12712334338968545,0.8728766566103145,3
39,VST_first,73,39_4_109,CD,3,0.2604301493021195,0.7395698506978805,4
39,VST_first,74,39_4_110,CD,3,0.10160933854833801,0.898390661451662,3
39,VST_first,75,39_4_111,CD,3,0.3194085293172362,0.6805914706827638,4
39,VST_first,76,39_4_112,VD,3,0.09845255669683899,0.901547443303161,4
39,VST_first,77,39_4_113,VD,3,0.15705814623119868,0.8429418537688013,3
39,VST_first,78,39_4_114,VD,3,0.10241024965011106,0.8975897503498889,4
39,VST_first,79,39_4_115,CD,3,0.19940007114857106,0.8005999288514289,3
39,VST_first,80,39_4_116,CD,3,0.3825495086256089,0.6174504913743911,3
39,VST_first,81,39_4_118,CD,3,0.5048888859720897,0.4951111140279103,2
39,VST_first,84,39_4_121,VD,3,0.091973554843823,0.908026445156177,3
39,VST_first,85,39_4_122,CD,3,0.10298020071433082,0.8970197992856692,3
39,VST_first,86,39_4_123,VD,3,0.12437954382431317,0.8756204561756868,3
39,VST_first,87,39_4_124,CD,3,0.10024840225773268,0.8997515977422673,3
39,VST_first,88,39_4_125,VD,3,0.5553961108308277,0.44460388916917226,2
39,VST_first,89,39_4_126,CD,3,0.40059588193454787,0.599404118065452,2
39,VST_first,90,39_4_127,CD,3,0.3843426186234615,0.6156573813765386,3
39,VST_first,92,39_5_129,VD,4,0.12187646198758081,0.8781235380124192,4
39,VST_first,93,39_5_130,VD,4,0.33660071784025525,0.6633992821597448,4
39,VST_first,96,39_5_133,VD,4,0.3151086092205722,0.6848913907794278,4
39,VST_first,97,39_5_135,CD,4,0.9999938443015297,6.155698470399613e-6,2
39,VST_first,98,39_5_136,CD,4,0.3899662168249398,0.6100337831750602,3
39,VST_first,99,39_5_137,VD,4,0.108276929532375,0.8917230704676249,3
39,VST_first,100,39_5_138,CD,4,0.5064595090490065,0.49354049095099345,3
39,VST_first,101,39_5_139,CD,4,0.38239433537335826,0.6176056646266418,3
39,VST_first,102,39_5_140,VD,4,0.11277869446399938,0.8872213055360005,4
39,VST_first,103,39_5_141,CD,4,0.4729320390168745,0.5270679609831255,3
39,VST_first,104,39_5_142,CD,4,0.09378284734441313,0.9062171526555869,3
39,VST_first,105,39_5_143,CD,4,0.10154947399762056,0.8984505260023794,3
39,VST_first,107,39_5_145,CD,4,0.38620401501211166,0.6137959849878883,3
39,VST_first,108,39_5_146,VD,4,0.12612994535837832,0.8738700546416217,3
39,VST_first,109,39_5_147,VD,4,0.11042936208046562,0.8895706379195344,3
39,VST_first,110,39_5_148,VD,4,0.2601389705744589,0.7398610294255411,3
39,VST_first,111,39_5_149,CD,4,0.1089359480683888,0.8910640519316112,4
39,VST_first,112,39_5_150,VD,4,0.07360053600312524,0.9263994639968748,2
39,VST_first,113,39_5_151,CD,4,0.10157048697828619,0.8984295130217138,4
39,VST_first,114,39_5_152,VD,4,0.37143406130445084,0.6285659386955492,3
39,VST_first,116,39_5_154,CD,4,0.11397411926335496,0.886025880736645,4
39,VST_first,117,39_5_155,CD,4,0.12843495567251725,0.8715650443274827,4
39,VST_first,118,39_5_156,VD,4,0.09920253880400523,0.9007974611959948,4
39,VST_first,119,39_5_157,VD,4,0.13082692449999364,0.8691730755000064,3
39,VST_first,121,39_5_159,CD,4,0.2116679561879271,0.7883320438120729,3
39,VST_first,122,39_5_160,CD,4,0.0829343814398267,0.9170656185601733,2
39,VST_first,123,39_6_161,CD,5,0.4572241352384263,0.5427758647615738,3
39,VST_first,124,39_6_162,VD,5,0.09670466483425913,0.9032953351657409,3
39,VST_first,125,39_6_163,CD,5,0.4166547067756277,0.5833452932243722,3
39,VST_first,126,39_6_164,VD,5,0.2068412047846348,0.7931587952153653,4
39,VST_first,127,39_6_165,CD,5,0.5147005926764545,0.4852994073235455,2
39,VST_first,128,39_6_166,VD,5,0.3878271237534213,0.6121728762465787,3
39,VST_first,129,39_6_167,CD,5,0.45319475401182546,0.5468052459881746,3
39,VST_first,130,39_6_168,VD,5,0.10384746015521909,0.8961525398447809,3
39,VST_first,131,39_6_169,VD,5,0.10302865557849161,0.8969713444215084,3
39,VST_first,132,39_6_170,VD,5,0.09365447450123254,0.9063455254987675,3
39,VST_first,133,39_6_171,VD,5,0.14482621010738955,0.8551737898926104,3
39,VST_first,135,39_6_173,CD,5,0.09417694679527094,0.9058230532047291,3
39,VST_first,136,39_6_174,VD,5,0.5436102385671027,0.45638976143289733,2
39,VST_first,137,39_6_175,VD,5,0.19012457009538875,0.8098754299046113,4
39,VST_first,138,39_6_176,VD,5,0.31773616491374623,0.6822638350862538,4
39,VST_first,139,39_6_177,VD,5,0.0942431611417134,0.9057568388582866,3
39,VST_first,140,39_6_178,CD,5,0.3856965023598502,0.6143034976401497,3
39,VST_first,141,39_6_179,CD,5,0.10381830718724736,0.8961816928127526,4
39,VST_first,142,39_6_180,CD,5,0.12370044972911547,0.8762995502708845,3
39,VST_first,143,39_6_181,VD,5,0.11062216592215418,0.8893778340778458,4
39,VST_first,144,39_6_182,VD,5,0.39221566538621777,0.6077843346137822,3
39,VST_first,145,39_6_183,CD,5,0.1480591180255211,0.8519408819744789,4
39,VST_first,146,39_6_184,CD,5,0.11268479983999272,0.8873152001600073,3
39,VST_first,147,39_6_185,VD,5,0.19906653103418015,0.8009334689658199,3
39,VST_first,148,39_6_186,CD,5,0.33191819660394156,0.6680818033960585,3
39,VST_first,149,39_6_187,VD,5,0.31712282070342973,0.6828771792965702,4
39,VST_first,150,39_6_188,CD,5,0.11106272674511557,0.8889372732548844,3
39,VST_first,151,39_6_189,CD,5,0.34610965869453325,0.6538903413054669,2
39,VST_first,152,39_6_190,CD,5,0.10590066056181188,0.8940993394381882,2
39,VST_first,154,39_6_192,VD,5,0.2672700395135711,0.7327299604864289,4
39,VST_first,155,39_7_193,CD,6,0.11551898414071028,0.8844810158592897,4
39,VST_first,156,39_7_194,VD,6,0.3848354021257031,0.6151645978742969,3
39,VST_first,157,39_7_195,CD,6,0.5169029994153532,0.4830970005846468,2
39,VST_first,158,39_7_196,CD,6,0.12914121404923193,0.870858785950768,4
39,VST_first,160,39_7_198,VD,6,0.10685955594763263,0.8931404440523674,4
39,VST_first,161,39_7_199,VD,6,0.09066547580729759,0.9093345241927023,3
39,VST_first,162,39_7_200,CD,6,0.31439500473810256,0.6856049952618974,4
39,VST_first,163,39_7_201,CD,6,0.11351546130757399,0.886484538692426,4
39,VST_first,164,39_7_202,VD,6,0.39456839197871985,0.6054316080212802,3
39,VST_first,165,39_7_203,VD,6,0.10702396176323203,0.892976038236768,4
39,VST_first,166,39_7_204,VD,6,0.09884466325462268,0.9011553367453773,4
39,VST_first,167,39_7_205,VD,6,0.10114754399111778,0.8988524560088822,4
39,VST_first,168,39_7_206,CD,6,0.5161608595279391,0.48383914047206095,2
39,VST_first,170,39_7_209,CD,6,0.09661950398132226,0.9033804960186778,3
39,VST_first,171,39_7_210,VD,6,0.31294056455201896,0.6870594354479811,4
39,VST_first,173,39_7_212,VD,6,0.11282741912875377,0.8871725808712463,3
39,VST_first,174,39_7_213,CD,6,0.13008726984502,0.86991273015498,4
39,VST_first,175,39_7_214,VD,6,0.1072594919809817,0.8927405080190183,4
39,VST_first,176,39_7_215,CD,6,0.09462166007730213,0.9053783399226979,3
39,VST_first,177,39_7_216,VD,6,0.09314024036662347,0.9068597596333765,3
39,VST_first,178,39_7_217,CD,6,0.12761232754455984,0.8723876724554401,4
39,VST_first,179,39_7_218,CD,6,0.28139071493459616,0.7186092850654039,5
39,VST_first,180,39_7_219,CD,6,0.11227165783463434,0.8877283421653657,3
39,VST_first,181,39_7_220,VD,6,0.399428129868286,0.600571870131714,3
39,VST_first,182,39_7_221,VD,6,0.07414375852905883,0.9258562414709413,2
39,VST_first,183,39_7_222,VD,6,0.5223043090334281,0.47769569096657194,2
39,VST_first,184,39_7_223,CD,6,0.12437640001718944,0.8756235999828106,2
39,VST_first,185,39_7_224,VD,6,0.28410755163366896,0.7158924483663311,3
39,VST_first,187,39_8_226,VD,7,0.2117213514761026,0.7882786485238974,4
39,VST_first,188,39_8_227,VD,7,0.13494536757367254,0.8650546324263274,4
39,VST_first,191,39_8_230,CD,7,0.1954492086965713,0.8045507913034287,3
39,VST_first,192,39_8_231,VD,7,0.13011692862397645,0.8698830713760236,3
39,VST_first,193,39_8_232,CD,7,0.3115928585163039,0.6884071414836961,4
39,VST_first,194,39_8_233,VD,7,0.09984444636733056,0.9001555536326694,3
39,VST_first,195,39_8_234,CD,7,0.10315023219439219,0.8968497678056078,4
39,VST_first,196,39_8_235,CD,7,0.5139463903499893,0.4860536096500106,2
39,VST_first,197,39_8_236,CD,7,0.11839752837266401,0.881602471627336,4
39,VST_first,198,39_8_237,VD,7,0.3877790894937724,0.6122209105062276,3
39,VST_first,199,39_8_238,CD,7,0.20250246182413376,0.7974975381758662,3
39,VST_first,200,39_8_239,CD,7,0.10492068822310047,0.8950793117768996,3
39,VST_first,201,39_8_240,CD,7,0.09419730883466232,0.9058026911653377,3
39,VST_first,202,39_8_241,CD,7,0.3930461290545919,0.6069538709454081,3
39,VST_first,204,39_8_243,CD,7,0.3219656713821516,0.6780343286178484,4
39,VST_first,205,39_8_244,CD,7,0.16575923867349993,0.8342407613265,3
39,VST_first,206,39_8_245,VD,7,0.3920062846781739,0.6079937153218261,4
39,VST_first,207,39_8_246,VD,7,0.3835786937430822,0.6164213062569179,2
39,VST_first,208,39_8_247,VD,7,0.38900315194805274,0.6109968480519472,3
39,VST_first,209,39_8_248,VD,7,0.31645200316822064,0.6835479968317792,4
39,VST_first,210,39_8_249,VD,7,0.13823631556881713,0.8617636844311828,3
39,VST_first,211,39_8_250,CD,7,0.08260937748144344,0.9173906225185566,2
39,VST_first,212,39_8_251,CD,7,0.14073945570766638,0.8592605442923336,3
39,VST_first,213,39_8_252,CD,7,0.11551798396888435,0.8844820160311158,2
39,VST_first,214,39_8_253,VD,7,0.1194630368469132,0.8805369631530868,2
39,VST_first,215,39_8_254,VD,7,0.15872378569263884,0.8412762143073611,4
39,VST_first,216,39_8_255,VD,7,0.10723356227901205,0.892766437720988,3
39,VST_first,217,39_8_256,CD,7,0.41542307655665567,0.5845769234433443,3
39,VST_first,218,39_9_257,CD,8,0.10977794692948066,0.8902220530705194,3
39,VST_first,219,39_9_258,VD,8,0.11321995506808637,0.8867800449319136,4
39,VST_first,220,39_9_259,CD,8,0.40267258615790574,0.5973274138420943,3
39,VST_first,221,39_9_260,VD,8,0.5084864712825284,0.49151352871747156,5
39,VST_first,222,39_9_261,CD,8,0.09511194955412944,0.9048880504458706,3
39,VST_first,223,39_9_262,VD,8,0.09109623097743558,0.9089037690225644,3
39,VST_first,224,39_9_263,VD,8,0.08548592792241728,0.9145140720775827,2
39,VST_first,225,39_9_264,VD,8,0.09418203119686132,0.9058179688031387,3
39,VST_first,226,39_9_265,VD,8,0.23355328959637953,0.7664467104036204,3
39,VST_first,227,39_9_266,CD,8,0.24850858847233614,0.7514914115276639,5
39,VST_first,228,39_9_267,CD,8,0.11193041195855592,0.8880695880414441,3
39,VST_first,229,39_9_268,CD,8,0.18252445570477596,0.8174755442952241,4
39,VST_first,230,39_9_269,CD,8,0.33172738925049644,0.6682726107495035,3
39,VST_first,231,39_9_270,CD,8,0.3272092669390366,0.6727907330609634,4
39,VST_first,232,39_9_271,VD,8,0.37537818146777213,0.6246218185322279,4
39,VST_first,233,39_9_272,VD,8,0.07705215100098235,0.9229478489990177,2
39,VST_first,234,39_9_274,CD,8,0.08668906437499038,0.9133109356250095,2
39,VST_first,235,39_9_275,CD,8,0.39519550174027257,0.6048044982597274,3
39,VST_first,236,39_9_276,CD,8,0.2951187099959926,0.7048812900040075,5
39,VST_first,238,39_9_278,VD,8,0.6787841566945476,0.3212158433054524,3
39,VST_first,239,39_9_279,CD,8,0.42926781629987987,0.5707321837001201,5
39,VST_first,241,39_9_281,VD,8,0.3174536845638735,0.6825463154361264,3
39,VST_first,242,39_9_282,CD,8,0.09971271794412562,0.9002872820558744,4
39,VST_first,243,39_9_283,CD,8,0.1206204921026736,0.8793795078973263,4
39,VST_first,244,39_9_284,VD,8,0.3182954673511259,0.6817045326488741,4
39,VST_first,245,39_9_285,VD,8,0.10604260738535395,0.893957392614646,4
39,VST_first,247,39_9_287,VD,8,0.12637342304645366,0.8736265769535464,4
39,VST_first,248,39_9_288,VD,8,0.09988553519892113,0.9001144648010788,4
40,RSVP_first,1,40_2_33,VD,1,0.33955865846675604,0.660441341533244,4
40,RSVP_first,2,40_2_34,CD,1,0.1699614587444359,0.8300385412555642,2
40,RSVP_first,3,40_2_36,CD,1,0.16340821606764136,0.8365917839323587,4
40,RSVP_first,4,40_2_37,CD,1,0.2879140436160542,0.7120859563839458,3
40,RSVP_first,5,40_2_38,VD,1,0.619103520453302,0.380896479546698,2
40,RSVP_first,8,40_2_44,VD,1,0.17980122204589408,0.8201987779541059,3
40,RSVP_first,9,40_2_46,CD,1,0.17914006005970728,0.8208599399402927,3
40,RSVP_first,11,40_2_50,CD,1,0.10523021613216915,0.8947697838678309,3
40,RSVP_first,12,40_2_51,VD,1,0.40768367422783014,0.5923163257721699,3
40,RSVP_first,13,40_2_52,VD,1,0.473117535464857,0.526882464535143,4
40,RSVP_first,15,40_2_55,CD,1,0.5403637857349195,0.4596362142650805,2
40,RSVP_first,16,40_2_56,VD,1,0.2794709478675758,0.7205290521324242,3
40,RSVP_first,17,40_2_57,VD,1,0.1381955672288321,0.8618044327711679,3
40,RSVP_first,18,40_2_58,VD,1,0.16629944616562145,0.8337005538343785,3
40,RSVP_first,19,40_2_60,CD,1,0.21213440249989124,0.7878655975001088,3
40,RSVP_first,20,40_2_62,CD,1,0.521761579133124,0.478238420866876,2
40,RSVP_first,21,40_2_64,CD,1,0.27519455984934516,0.7248054401506548,4
40,RSVP_first,22,40_3_65,VD,2,0.17264433480349659,0.8273556651965034,4
40,RSVP_first,23,40_3_66,VD,2,0.39584214998351264,0.6041578500164874,4
40,RSVP_first,24,40_3_67,CD,2,0.2627377088944614,0.7372622911055385,3
40,RSVP_first,25,40_3_68,VD,2,0.32891437097425874,0.6710856290257413,4
40,RSVP_first,26,40_3_71,VD,2,0.17964772854826458,0.8203522714517355,4
40,RSVP_first,27,40_3_72,VD,2,0.5679472696702398,0.4320527303297602,2
40,RSVP_first,28,40_3_75,CD,2,0.44947913789958155,0.5505208621004184,3
40,RSVP_first,29,40_3_76,CD,2,0.40077260102503665,0.5992273989749634,3
40,RSVP_first,31,40_3_78,VD,2,0.5154134429736363,0.4845865570263636,2
40,RSVP_first,32,40_3_79,CD,2,0.15738142848064288,0.8426185715193572,3
40,RSVP_first,33,40_3_80,CD,2,0.1640697309944853,0.8359302690055147,3
40,RSVP_first,35,40_3_82,VD,2,0.11925173793313007,0.88074826206687,3
40,RSVP_first,36,40_3_83,CD,2,0.5139764394798829,0.486023560520117,2
40,RSVP_first,37,40_3_84,VD,2,0.2476837110680116,0.7523162889319884,5
40,RSVP_first,38,40_3_85,VD,2,0.17134184282974899,0.8286581571702509,3
40,RSVP_first,39,40_3_86,CD,2,0.11214835728980072,0.8878516427101992,4
40,RSVP_first,40,40_3_87,CD,2,0.5165795435516989,0.4834204564483012,2
40,RSVP_first,41,40_3_88,VD,2,0.36023070251057393,0.639769297489426,3
40,RSVP_first,42,40_3_89,VD,2,0.452667168937713,0.5473328310622869,3
40,RSVP_first,43,40_3_90,CD,2,0.5299171235163013,0.47008287648369873,2
40,RSVP_first,44,40_3_91,CD,2,0.3892018437495825,0.6107981562504174,3
40,RSVP_first,46,40_3_93,CD,2,0.3253530597602764,0.6746469402397236,4
40,RSVP_first,47,40_3_95,CD,2,0.10347784366034399,0.896522156339656,3
40,RSVP_first,48,40_3_96,VD,2,0.11168694373072306,0.8883130562692769,3
40,RSVP_first,49,40_4_98,VD,3,0.5151047945627555,0.4848952054372445,2
40,RSVP_first,51,40_4_100,VD,3,0.14671702721352461,0.8532829727864754,3
40,RSVP_first,52,40_4_101,VD,3,0.15399961880682816,0.8460003811931718,3
40,RSVP_first,53,40_4_102,VD,3,0.1316699112743221,0.8683300887256779,3
40,RSVP_first,54,40_4_103,CD,3,0.10870405782724367,0.8912959421727563,3
40,RSVP_first,55,40_4_104,CD,3,0.1291330700021295,0.8708669299978705,3
40,RSVP_first,56,40_4_105,CD,3,0.3416716228758322,0.6583283771241679,3
40,RSVP_first,57,40_4_106,CD,3,0.18430461204653775,0.8156953879534622,3
40,RSVP_first,58,40_4_107,CD,3,0.39415072012524477,0.6058492798747552,4
40,RSVP_first,59,40_4_108,CD,3,0.14243698386167397,0.8575630161383261,3
40,RSVP_first,60,40_4_109,VD,3,0.31200401292750773,0.6879959870724923,4
40,RSVP_first,61,40_4_110,CD,3,0.12018947682681608,0.879810523173184,4
40,RSVP_first,62,40_4_112,CD,3,0.13627570239449444,0.8637242976055056,4
40,RSVP_first,64,40_4_115,VD,3,0.5223043090334281,0.47769569096657194,2
40,RSVP_first,65,40_4_116,VD,3,0.12826792422667316,0.8717320757733269,3
40,RSVP_first,66,40_4_118,CD,3,0.1072168190850191,0.8927831809149809,3
40,RSVP_first,67,40_4_119,CD,3,0.3379023642386293,0.6620976357613706,4
40,RSVP_first,68,40_4_120,CD,3,0.1377052754479663,0.8622947245520337,3
40,RSVP_first,70,40_4_122,VD,3,0.14777931814190434,0.8522206818580956,3
40,RSVP_first,71,40_4_123,VD,3,0.1413124965892542,0.8586875034107458,3
40,RSVP_first,72,40_4_124,CD,3,0.5078977142744785,0.49210228572552145,3
40,RSVP_first,74,40_4_126,VD,3,0.15133177459527988,0.8486682254047201,3
40,RSVP_first,75,40_4_127,VD,3,0.22323368058313292,0.7767663194168671,3
40,RSVP_first,76,40_4_128,VD,3,0.4065739457880244,0.5934260542119756,3
40,RSVP_first,77,40_5_129,CD,4,0.15664127994228932,0.8433587200577107,4
40,RSVP_first,78,40_5_130,VD,4,0.3359938563554994,0.6640061436445006,4
40,RSVP_first,79,40_5_131,CD,4,0.35002299460114455,0.6499770053988554,4
40,RSVP_first,81,40_5_133,CD,4,0.38818775976404096,0.611812240235959,3
40,RSVP_first,82,40_5_135,CD,4,0.14548280311188486,0.8545171968881151,2
40,RSVP_first,83,40_5_136,VD,4,0.38743553956734533,0.6125644604326547,3
40,RSVP_first,84,40_5_139,VD,4,0.4433751941483167,0.5566248058516833,3
40,RSVP_first,85,40_5_140,CD,4,0.09536428069230124,0.9046357193076988,3
40,RSVP_first,86,40_5_142,VD,4,0.4048222227803763,0.5951777772196237,3
40,RSVP_first,87,40_5_143,CD,4,0.17438199209599503,0.825618007904005,4
40,RSVP_first,89,40_5_147,CD,4,0.24360741599405128,0.7563925840059487,3
40,RSVP_first,90,40_5_148,CD,4,0.109764109458167,0.890235890541833,3
40,RSVP_first,91,40_5_149,VD,4,0.16317230444705172,0.8368276955529483,4
40,RSVP_first,92,40_5_150,CD,4,0.1398661966701709,0.8601338033298291,3
40,RSVP_first,93,40_5_151,VD,4,0.17725895018815724,0.8227410498118428,4
40,RSVP_first,96,40_5_154,VD,4,0.20181426451756693,0.7981857354824331,3
40,RSVP_first,97,40_5_155,CD,4,0.19922217561642191,0.8007778243835781,4
40,RSVP_first,98,40_5_156,CD,4,0.5210403104223492,0.47895968957765084,2
40,RSVP_first,99,40_5_157,VD,4,0.3356926097444036,0.6643073902555965,4
40,RSVP_first,100,40_5_159,VD,4,0.5154134429736363,0.4845865570263636,2
40,RSVP_first,101,40_5_160,VD,4,0.5143140658479859,0.4856859341520141,2
40,RSVP_first,102,40_6_161,CD,5,0.2997396218200288,0.7002603781799712,4
40,RSVP_first,103,40_6_162,CD,5,0.10135477085974473,0.8986452291402554,2
40,RSVP_first,105,40_6_164,CD,5,0.12143199998029588,0.8785680000197041,3
40,RSVP_first,106,40_6_167,VD,5,0.13192536397055477,0.8680746360294452,4
40,RSVP_first,107,40_6_168,VD,5,0.12503419906495783,0.8749658009350421,3
40,RSVP_first,108,40_6_169,CD,5,0.35327681995869886,0.6467231800413011,4
40,RSVP_first,109,40_6_170,CD,5,0.13193898204027796,0.868061017959722,3
40,RSVP_first,111,40_6_172,CD,5,0.11397357812859163,0.8860264218714083,3
40,RSVP_first,112,40_6_173,CD,5,0.14386543535747548,0.8561345646425245,3
40,RSVP_first,114,40_6_175,CD,5,0.5176591262570529,0.48234087374294704,2
40,RSVP_first,116,40_6_177,VD,5,0.3825828945447304,0.6174171054552697,3
40,RSVP_first,117,40_6_178,VD,5,0.1474526551381025,0.8525473448618975,3
40,RSVP_first,118,40_6_179,CD,5,0.5089941874341352,0.4910058125658648,3
40,RSVP_first,119,40_6_180,VD,5,0.12455959327955442,0.8754404067204457,3
40,RSVP_first,120,40_6_181,CD,5,0.33965213439766795,0.660347865602332,4
40,RSVP_first,121,40_6_182,CD,5,0.1189706591661264,0.8810293408338735,3
40,RSVP_first,122,40_6_183,VD,5,0.2587295290328714,0.7412704709671287,3
40,RSVP_first,124,40_6_185,CD,5,0.154909206885519,0.845090793114481,3
40,RSVP_first,125,40_6_186,VD,5,0.2711524416475952,0.7288475583524048,3
40,RSVP_first,126,40_6_187,CD,5,0.17194410315645506,0.8280558968435449,3
40,RSVP_first,127,40_6_188,VD,5,0.10203155849507718,0.8979684415049227,3
40,RSVP_first,128,40_6_189,VD,5,0.1072683813653409,0.8927316186346591,3
40,RSVP_first,129,40_6_190,CD,5,0.12333467751384332,0.8766653224861567,3
40,RSVP_first,130,40_6_191,VD,5,0.1166711180453225,0.8833288819546775,3
40,RSVP_first,131,40_6_192,VD,5,0.5140410766652408,0.4859589233347593,2
40,RSVP_first,132,40_7_193,CD,6,0.3907489584031862,0.6092510415968138,3
40,RSVP_first,133,40_7_194,VD,6,0.10409070635992303,0.8959092936400769,3
40,RSVP_first,134,40_7_195,CD,6,0.1425584379540887,0.8574415620459113,4
40,RSVP_first,135,40_7_196,VD,6,0.12433033946276353,0.8756696605372365,3
40,RSVP_first,136,40_7_197,VD,6,0.3493550691854419,0.6506449308145581,4
40,RSVP_first,139,40_7_201,CD,6,0.12666127740267288,0.8733387225973271,4
40,RSVP_first,140,40_7_202,CD,6,0.11943595332968107,0.880564046670319,3
40,RSVP_first,141,40_7_203,VD,6,0.5138655157107779,0.4861344842892221,2
40,RSVP_first,143,40_7_205,VD,6,0.1094157415507995,0.8905842584492005,3
40,RSVP_first,144,40_7_206,VD,6,0.513877298348289,0.48612270165171106,2
40,RSVP_first,145,40_7_207,CD,6,0.5204574167015363,0.4795425832984637,2
40,RSVP_first,146,40_7_209,CD,6,0.10085192570435918,0.8991480742956409,3
40,RSVP_first,147,40_7_210,VD,6,0.6534552521684525,0.3465447478315476,3
40,RSVP_first,148,40_7_211,VD,6,0.1391732222513277,0.8608267777486723,3
40,RSVP_first,149,40_7_212,CD,6,0.11438676575074859,0.8856132342492513,3
40,RSVP_first,150,40_7_215,CD,6,0.18686923182876303,0.813130768171237,3
40,RSVP_first,151,40_7_216,CD,6,0.09948110572589712,0.9005188942741029,3
40,RSVP_first,152,40_7_217,CD,6,0.15411786444892217,0.8458821355510778,3
40,RSVP_first,153,40_7_219,VD,6,0.12529420748856374,0.8747057925114363,3
40,RSVP_first,154,40_7_220,VD,6,0.39067421840817407,0.6093257815918259,3
40,RSVP_first,156,40_7_222,VD,6,0.1714353425988116,0.8285646574011885,3
40,RSVP_first,157,40_7_223,CD,6,0.20254181653286962,0.7974581834671303,3
40,RSVP_first,159,40_8_225,VD,7,0.1238809272663419,0.8761190727336581,4
40,RSVP_first,160,40_8_227,CD,7,0.16901321695676716,0.8309867830432328,3
40,RSVP_first,161,40_8_228,CD,7,0.3201541685154894,0.6798458314845106,4
40,RSVP_first,162,40_8_229,VD,7,0.24117675838836827,0.7588232416116316,3
40,RSVP_first,163,40_8_230,VD,7,0.22496716991969246,0.7750328300803075,4
40,RSVP_first,165,40_8_232,CD,7,0.11431626115080615,0.8856837388491938,3
40,RSVP_first,166,40_8_233,CD,7,0.38546407987592113,0.6145359201240789,3
40,RSVP_first,167,40_8_234,CD,7,0.16053503553507253,0.8394649644649276,3
40,RSVP_first,168,40_8_235,CD,7,0.15323922012258495,0.846760779877415,4
40,RSVP_first,169,40_8_236,VD,7,0.10986099356233235,0.8901390064376676,3
40,RSVP_first,170,40_8_237,VD,7,0.513877298348289,0.48612270165171106,2
40,RSVP_first,171,40_8_238,CD,7,0.1394544903230741,0.8605455096769259,3
40,RSVP_first,172,40_8_239,VD,7,0.09705762933179653,0.9029423706682035,3
40,RSVP_first,173,40_8_241,VD,7,0.19120899794106347,0.8087910020589365,3
40,RSVP_first,175,40_8_244,CD,7,0.5115172354839584,0.4884827645160415,3
40,RSVP_first,176,40_8_245,VD,7,0.3890674115494756,0.6109325884505244,3
40,RSVP_first,177,40_8_246,VD,7,0.24275372668076478,0.7572462733192352,4
40,RSVP_first,178,40_8_247,CD,7,0.12371254007047579,0.8762874599295242,3
40,RSVP_first,179,40_8_248,CD,7,0.14073484045806733,0.8592651595419327,3
40,RSVP_first,181,40_8_250,CD,7,0.5159435673658215,0.48405643263417847,2
40,RSVP_first,182,40_8_251,VD,7,0.1432592526395697,0.8567407473604303,3
40,RSVP_first,183,40_8_252,VD,7,0.322044731172186,0.6779552688278139,4
40,RSVP_first,184,40_8_253,VD,7,0.11714547453189685,0.8828545254681032,3
40,RSVP_first,185,40_8_254,VD,7,0.5144474797559201,0.48555252024407997,2
40,RSVP_first,186,40_8_256,CD,7,0.3990636774472854,0.6009363225527147,3
40,RSVP_first,187,40_9_257,VD,8,0.11989562631716247,0.8801043736828376,4
40,RSVP_first,188,40_9_259,CD,8,0.1591076552492529,0.840892344750747,4
40,RSVP_first,190,40_9_261,CD,8,0.12678710511445082,0.8732128948855492,3
40,RSVP_first,191,40_9_262,CD,8,0.3883888745707231,0.611611125429277,3
40,RSVP_first,192,40_9_265,VD,8,0.11265464998486158,0.8873453500151385,4
40,RSVP_first,193,40_9_266,CD,8,0.4500209215833858,0.5499790784166142,3
40,RSVP_first,194,40_9_267,VD,8,0.12306698190559838,0.8769330180944016,3
40,RSVP_first,196,40_9_271,CD,8,0.2294451798297238,0.7705548201702762,3
40,RSVP_first,198,40_9_274,VD,8,0.5154134429736363,0.4845865570263636,2
40,RSVP_first,199,40_9_276,VD,8,0.3311536535144103,0.6688463464855897,4
40,RSVP_first,200,40_9_277,CD,8,0.11652557628865101,0.883474423711349,3
40,RSVP_first,201,40_9_278,CD,8,0.18172223846814833,0.8182777615318517,4
40,RSVP_first,202,40_9_279,CD,8,0.3247378581545632,0.6752621418454368,4
40,RSVP_first,203,40_9_280,VD,8,0.10317670440241959,0.8968232955975803,4
40,RSVP_first,204,40_9_281,CD,8,0.3889271553135873,0.6110728446864128,3
40,RSVP_first,206,40_9_284,CD,8,0.10673191962225309,0.8932680803777469,3
40,RSVP_first,207,40_9_285,VD,8,0.11236550510644248,0.8876344948935575,4
40,RSVP_first,208,40_9_286,VD,8,0.38629462797498454,0.6137053720250155,3
40,RSVP_first,209,40_9_288,CD,8,0.10549395095718499,0.894506049042815,4
41,VST_first,1,41_2_33,VD,1,0.12331416608614244,0.8766858339138576,4
41,VST_first,3,41_2_36,CD,1,0.20772382286950697,0.792276177130493,4
41,VST_first,4,41_2_38,CD,1,0.3909856496180609,0.6090143503819391,3
41,VST_first,5,41_2_39,CD,1,0.1586270530246181,0.8413729469753819,3
41,VST_first,6,41_2_40,CD,1,0.24831092827355805,0.751689071726442,3
41,VST_first,7,41_2_41,VD,1,0.1427051515708116,0.8572948484291885,4
41,VST_first,8,41_2_42,CD,1,0.389549349152088,0.610450650847912,3
41,VST_first,9,41_2_43,VD,1,0.9162623212140368,0.08373767878596305,2
41,VST_first,10,41_2_45,VD,1,0.30659320960705855,0.6934067903929415,3
41,VST_first,11,41_2_46,VD,1,0.4455469504031728,0.5544530495968272,4
41,VST_first,12,41_2_47,CD,1,0.2642193311865721,0.7357806688134279,4
41,VST_first,13,41_2_48,VD,1,0.11199708681784473,0.8880029131821553,3
41,VST_first,14,41_2_49,VD,1,0.5148926477333505,0.48510735226664947,2
41,VST_first,15,41_2_51,CD,1,0.14760744659064143,0.8523925534093586,3
41,VST_first,16,41_2_52,VD,1,0.15472015167383465,0.8452798483261654,4
41,VST_first,19,41_2_55,CD,1,0.5184245270165734,0.48157547298342657,2
41,VST_first,20,41_2_56,CD,1,0.33214642082976614,0.6678535791702339,4
41,VST_first,21,41_2_57,CD,1,0.1666537520326701,0.8333462479673299,4
41,VST_first,22,41_2_58,VD,1,0.11014973473969508,0.8898502652603049,4
41,VST_first,24,41_2_60,CD,1,0.2317236837377825,0.7682763162622175,3
41,VST_first,25,41_2_61,VD,1,0.36590564752881055,0.6340943524711894,3
41,VST_first,26,41_2_62,CD,1,0.17225686192217587,0.8277431380778242,4
41,VST_first,27,41_2_63,CD,1,0.38751926469113845,0.6124807353088616,3
41,VST_first,28,41_2_64,VD,1,0.38569759117071906,0.614302408829281,3
41,VST_first,30,41_3_66,CD,2,0.3946612604674046,0.6053387395325954,3
41,VST_first,32,41_3_69,CD,2,0.27261580903800925,0.7273841909619908,3
41,VST_first,33,41_3_71,CD,2,0.13944900414380007,0.8605509958562,3
41,VST_first,34,41_3_72,VD,2,0.1471308479444434,0.8528691520555566,3
41,VST_first,35,41_3_73,CD,2,0.14654242806200266,0.8534575719379973,4
41,VST_first,36,41_3_74,CD,2,0.3724653152725835,0.6275346847274165,4
41,VST_first,37,41_3_75,CD,2,0.13617525701581007,0.8638247429841899,3
41,VST_first,40,41_3_80,CD,2,0.238245449961264,0.761754550038736,4
41,VST_first,41,41_3_81,CD,2,0.5371171904781887,0.4628828095218112,4
41,VST_first,42,41_3_82,VD,2,0.15428037183245308,0.8457196281675469,3
41,VST_first,44,41_3_84,VD,2,0.26074960635145517,0.7392503936485448,3
41,VST_first,45,41_3_85,VD,2,0.30868323335227676,0.6913167666477232,3
41,VST_first,46,41_3_86,CD,2,0.15646703799076153,0.8435329620092384,4
41,VST_first,47,41_3_87,VD,2,0.3272649761490707,0.6727350238509293,4
41,VST_first,48,41_3_88,CD,2,0.10687367649740252,0.8931263235025975,3
41,VST_first,49,41_3_89,CD,2,0.11133350012223948,0.8886664998777605,3
41,VST_first,50,41_3_90,CD,2,0.3204061468281638,0.6795938531718362,4
41,VST_first,51,41_3_91,VD,2,0.10568408985031626,0.8943159101496838,3
41,VST_first,52,41_3_92,VD,2,0.5154134429736363,0.4845865570263636,2
41,VST_first,53,41_3_93,CD,2,0.6245156593575258,0.3754843406424741,2
41,VST_first,54,41_3_94,VD,2,0.16375378680579133,0.8362462131942087,4
41,VST_first,55,41_3_95,VD,2,0.5151798071594968,0.4848201928405031,2
41,VST_first,56,41_3_96,VD,2,0.2918383617565319,0.7081616382434681,4
41,VST_first,57,41_4_97,CD,3,0.3545816046465857,0.6454183953534143,4
41,VST_first,58,41_4_98,VD,3,0.5194789216827469,0.48052107831725305,2
41,VST_first,59,41_4_99,VD,3,0.1673009306994272,0.8326990693005728,4
41,VST_first,60,41_4_100,VD,3,0.30961299163018885,0.6903870083698112,4
41,VST_first,61,41_4_101,VD,3,0.1031772411254611,0.896822758874539,3
41,VST_first,62,41_4_102,VD,3,0.11677198353469712,0.8832280164653029,4
41,VST_first,63,41_4_103,CD,3,0.177665543962898,0.822334456037102,3
41,VST_first,64,41_4_104,CD,3,0.5155905458570302,0.48440945414296976,2
41,VST_first,66,41_4_106,VD,3,0.12268167854089379,0.8773183214591063,4
41,VST_first,67,41_4_107,VD,3,0.36270576653986997,0.63729423346013,4
41,VST_first,68,41_4_108,CD,3,0.25100511707188095,0.748994882928119,4
41,VST_first,69,41_4_109,CD,3,0.1720310411694729,0.8279689588305271,3
41,VST_first,70,41_4_110,CD,3,0.237750137914853,0.7622498620851469,3
41,VST_first,71,41_4_111,CD,3,0.11628757094982096,0.8837124290501791,4
41,VST_first,72,41_4_112,CD,3,0.11415299412021004,0.8858470058797899,4
41,VST_first,73,41_4_113,CD,3,0.37684983103836545,0.6231501689616346,4
41,VST_first,74,41_4_114,VD,3,0.26722274218463027,0.7327772578153697,4
41,VST_first,75,41_4_115,VD,3,0.3221586528562718,0.6778413471437282,4
41,VST_first,76,41_4_116,CD,3,0.2104168383529351,0.789583161647065,4
41,VST_first,77,41_4_117,VD,3,0.19868718296149968,0.8013128170385003,3
41,VST_first,78,41_4_118,VD,3,0.39739076416989527,0.6026092358301047,4
41,VST_first,81,41_4_121,CD,3,0.18086753522688753,0.8191324647731124,4
41,VST_first,82,41_4_122,VD,3,0.270213964835415,0.7297860351645851,5
41,VST_first,83,41_4_123,VD,3,0.23192371016453725,0.7680762898354627,4
41,VST_first,84,41_4_124,CD,3,0.38341036984387084,0.6165896301561291,3
41,VST_first,85,41_4_125,CD,3,0.6820296984441203,0.3179703015558797,3
41,VST_first,86,41_4_126,CD,3,0.09098052972479877,0.9090194702752012,3
41,VST_first,87,41_4_127,VD,3,0.1002236185611032,0.8997763814388968,4
41,VST_first,88,41_4_128,CD,3,0.4369175401560848,0.5630824598439151,5
41,VST_first,89,41_5_129,CD,4,0.1601259947084384,0.8398740052915616,3
41,VST_first,90,41_5_130,VD,4,0.09792952118670824,0.9020704788132918,4
41,VST_first,91,41_5_131,VD,4,0.12364399688386132,0.8763560031161387,4
41,VST_first,92,41_5_132,VD,4,0.38396851591688796,0.6160314840831121,3
41,VST_first,93,41_5_133,VD,4,0.5276052408808953,0.4723947591191047,2
41,VST_first,94,41_5_134,VD,4,0.14940395194879524,0.8505960480512048,4
41,VST_first,95,41_5_135,CD,4,0.3859933739645749,0.6140066260354251,3
41,VST_first,96,41_5_136,CD,4,0.12821396746013156,0.8717860325398684,4
41,VST_first,97,41_5_137,CD,4,0.6646477355021849,0.3353522644978151,3
41,VST_first,98,41_5_138,VD,4,0.10693278724862953,0.8930672127513706,4
41,VST_first,100,41_5_140,CD,4,0.38448846139761744,0.6155115386023826,3
41,VST_first,102,41_5_142,VD,4,0.16538098791532035,0.8346190120846797,4
41,VST_first,103,41_5_143,CD,4,0.5145284173108647,0.48547158268913526,2
41,VST_first,104,41_5_144,CD,4,0.15200987224781717,0.8479901277521829,4
41,VST_first,105,41_5_145,VD,4,0.5140328213632861,0.48596717863671385,2
41,VST_first,106,41_5_146,VD,4,0.952475836624638,0.04752416337536205,2
41,VST_first,107,41_5_147,CD,4,0.3287819763332396,0.6712180236667604,4
41,VST_first,108,41_5_149,VD,4,0.10641182698696554,0.8935881730130344,4
41,VST_first,109,41_5_150,CD,4,0.44981596127794987,0.55018403872205,5
41,VST_first,110,41_5_152,CD,4,0.3823067706103027,0.6176932293896973,3
41,VST_first,111,41_5_153,VD,4,0.39366830510913065,0.6063316948908694,3
41,VST_first,112,41_5_154,VD,4,0.110526928694128,0.8894730713058719,4
41,VST_first,113,41_5_155,CD,4,0.27770011627260643,0.7222998837273936,5
41,VST_first,114,41_5_156,CD,4,0.3168071585781599,0.68319284142184,4
41,VST_first,116,41_5_158,CD,4,0.11942096815049504,0.8805790318495049,4
41,VST_first,117,41_5_159,VD,4,0.08799073893484338,0.9120092610651567,2
41,VST_first,119,41_6_161,VD,5,0.2207061707242401,0.7792938292757599,4
41,VST_first,120,41_6_162,VD,5,0.5143464270730403,0.4856535729269597,2
41,VST_first,122,41_6_164,CD,5,0.15903196290890292,0.840968037091097,4
41,VST_first,123,41_6_165,CD,5,0.22536804325021842,0.7746319567497816,4
41,VST_first,124,41_6_166,CD,5,0.2969724031016156,0.7030275968983843,5
41,VST_first,126,41_6_168,CD,5,0.5145284173108647,0.48547158268913526,2
41,VST_first,127,41_6_169,VD,5,0.22560464949662148,0.7743953505033785,4
41,VST_first,128,41_6_170,CD,5,0.3826644245152868,0.6173355754847132,3
41,VST_first,130,41_6_173,VD,5,0.1079571998093187,0.8920428001906813,3
41,VST_first,131,41_6_174,VD,5,0.11346944112471626,0.8865305588752838,3
41,VST_first,132,41_6_175,VD,5,0.09786678595661777,0.9021332140433823,4
41,VST_first,135,41_6_178,VD,5,0.32740009267691766,0.6725999073230824,4
41,VST_first,136,41_6_179,CD,5,0.16241497390453408,0.8375850260954659,3
41,VST_first,137,41_6_180,CD,5,0.24537986641041526,0.7546201335895847,4
41,VST_first,138,41_6_181,VD,5,0.5143140658479859,0.4856859341520141,2
41,VST_first,139,41_6_182,CD,5,0.27403297655686476,0.7259670234431352,4
41,VST_first,140,41_6_183,VD,5,0.1149360017881605,0.8850639982118396,4
41,VST_first,141,41_6_184,CD,5,0.10975799489469211,0.8902420051053079,3
41,VST_first,142,41_6_185,CD,5,0.10004419779803814,0.8999558022019618,4
41,VST_first,143,41_6_186,CD,5,0.5180743235472342,0.4819256764527659,2
41,VST_first,144,41_6_187,VD,5,0.20002763455917105,0.7999723654408291,4
41,VST_first,145,41_6_188,VD,5,0.32573538211384706,0.6742646178861529,4
41,VST_first,146,41_6_189,VD,5,0.3885239812286202,0.6114760187713797,3
41,VST_first,147,41_6_190,CD,5,0.3838850583130747,0.6161149416869254,3
41,VST_first,148,41_6_191,VD,5,0.38543989033483705,0.614560109665163,3
41,VST_first,149,41_6_192,CD,5,0.10564196733809271,0.8943580326619073,3
41,VST_first,150,41_7_193,VD,6,0.2606407248124401,0.7393592751875598,4
41,VST_first,151,41_7_194,CD,6,0.5041795180992769,0.49582048190072314,5
41,VST_first,152,41_7_195,VD,6,0.30898350303704414,0.6910164969629559,4
41,VST_first,153,41_7_196,VD,6,0.11261680857363984,0.8873831914263601,4
41,VST_first,154,41_7_197,VD,6,0.4542840249084242,0.5457159750915758,5
41,VST_first,155,41_7_198,VD,6,0.3829204382173626,0.6170795617826375,3
41,VST_first,156,41_7_199,CD,6,0.13840442383449159,0.8615955761655084,4
41,VST_first,157,41_7_200,VD,6,0.5149142303259509,0.4850857696740492,2
41,VST_first,158,41_7_201,CD,6,0.38295578153825127,0.6170442184617487,3
41,VST_first,159,41_7_202,CD,6,0.5145053708702474,0.48549462912975266,2
41,VST_first,161,41_7_204,CD,6,0.25728727268185425,0.7427127273181457,4
41,VST_first,162,41_7_205,VD,6,0.13576270173550936,0.8642372982644906,4
41,VST_first,163,41_7_206,CD,6,0.12509439159815208,0.8749056084018478,4
41,VST_first,164,41_7_207,CD,6,0.10001982339239386,0.8999801766076061,4
41,VST_first,165,41_7_208,VD,6,0.1066984153745024,0.8933015846254977,4
41,VST_first,166,41_7_209,VD,6,0.38418876535108315,0.6158112346489168,3
41,VST_first,167,41_7_210,VD,6,0.5150933647198388,0.48490663528016115,2
41,VST_first,168,41_7_211,VD,6,0.23925968509260453,0.7607403149073955,4
41,VST_first,169,41_7_212,VD,6,0.11016378984365083,0.8898362101563492,3
41,VST_first,170,41_7_213,VD,6,0.4021548087325591,0.5978451912674408,3
41,VST_first,171,41_7_214,VD,6,0.13047137194544067,0.8695286280545593,4
41,VST_first,173,41_7_216,CD,6,0.34822620230380774,0.6517737976961923,3
41,VST_first,174,41_7_217,CD,6,0.10501295405327948,0.8949870459467204,4
41,VST_first,175,41_7_218,CD,6,0.1049169790745916,0.8950830209254084,4
41,VST_first,176,41_7_219,CD,6,0.12682113979337034,0.8731788602066296,4
41,VST_first,177,41_7_220,CD,6,0.29268053780711256,0.7073194621928875,4
41,VST_first,178,41_7_221,CD,6,0.39566994040034603,0.604330059599654,4
41,VST_first,181,41_7_224,CD,6,0.5189832662897024,0.4810167337102976,2
41,VST_first,182,41_8_225,VD,7,0.09771875445159445,0.9022812455484055,4
41,VST_first,183,41_8_226,VD,7,0.1013238005983902,0.8986761994016098,4
41,VST_first,184,41_8_227,VD,7,0.10807931559243544,0.8919206844075646,4
41,VST_first,185,41_8_228,CD,7,0.5151798071594968,0.4848201928405031,2
41,VST_first,186,41_8_229,CD,7,0.22623321867594087,0.7737667813240592,4
41,VST_first,187,41_8_230,VD,7,0.10154627054566619,0.8984537294543339,4
41,VST_first,188,41_8_232,CD,7,0.10010090356417452,0.8998990964358256,4
41,VST_first,189,41_8_233,CD,7,0.2045176686112516,0.7954823313887484,4
41,VST_first,191,41_8_235,CD,7,0.28828325734604976,0.7117167426539502,5
41,VST_first,192,41_8_236,VD,7,0.4554891455547562,0.5445108544452437,3
41,VST_first,193,41_8_237,CD,7,0.3868883128000916,0.6131116871999084,3
41,VST_first,194,41_8_238,VD,7,0.513877298348289,0.48612270165171106,2
41,VST_first,195,41_8_239,VD,7,0.17874383616984627,0.8212561638301538,5
41,VST_first,196,41_8_240,VD,7,0.10557605438149037,0.8944239456185096,4
41,VST_first,197,41_8_241,VD,7,0.15893635969648023,0.8410636403035198,3
41,VST_first,198,41_8_242,CD,7,0.119436526301775,0.880563473698225,3
41,VST_first,199,41_8_243,CD,7,0.3826056812826296,0.6173943187173704,4
41,VST_first,200,41_8_244,VD,7,0.2204129524313107,0.7795870475686892,4
41,VST_first,201,41_8_245,VD,7,0.10014022332878852,0.8998597766712115,4
41,VST_first,202,41_8_246,VD,7,0.5141301019086996,0.48586989809130043,2
41,VST_first,204,41_8_248,CD,7,0.5139764394798829,0.486023560520117,2
41,VST_first,207,41_8_251,CD,7,0.1037978361533077,0.8962021638466923,4
41,VST_first,208,41_8_252,VD,7,0.29854943635189096,0.701450563648109,3
41,VST_first,209,41_8_253,CD,7,0.39696448516315574,0.6030355148368443,3
41,VST_first,210,41_8_254,CD,7,0.21926501409560922,0.7807349859043907,2
41,VST_first,211,41_8_255,CD,7,0.09037689184493397,0.909623108155066,3
41,VST_first,212,41_8_256,CD,7,0.5646550830371215,0.4353449169628784,2
41,VST_first,213,41_9_257,VD,8,0.14375156833788522,0.8562484316621148,4
41,VST_first,214,41_9_258,VD,8,0.10349555337616649,0.8965044466238334,4
41,VST_first,215,41_9_259,VD,8,0.387245992052916,0.612754007947084,3
41,VST_first,216,41_9_260,CD,8,0.08979107464292506,0.910208925357075,3
41,VST_first,217,41_9_261,VD,8,0.38411495180147937,0.6158850481985206,3
41,VST_first,219,41_9_263,VD,8,0.5144474797559201,0.48555252024407997,2
41,VST_first,220,41_9_264,CD,8,0.38238784642976614,0.6176121535702338,3
41,VST_first,221,41_9_265,VD,8,0.12588153265518082,0.8741184673448192,4
41,VST_first,222,41_9_266,CD,8,0.10493685644114324,0.8950631435588567,4
41,VST_first,224,41_9_268,CD,8,0.10172073882688748,0.8982792611731125,4
41,VST_first,225,41_9_269,VD,8,0.09712518631481465,0.9028748136851854,4
41,VST_first,226,41_9_270,CD,8,0.4074808281093104,0.5925191718906896,5
41,VST_first,227,41_9_271,VD,8,0.11720411011060845,0.8827958898893915,4
41,VST_first,228,41_9_272,CD,8,0.11338534643301974,0.8866146535669803,4
41,VST_first,229,41_9_273,CD,8,0.1627807657090064,0.8372192342909935,4
41,VST_first,230,41_9_274,VD,8,0.5151683223299425,0.4848316776700575,2
41,VST_first,231,41_9_275,VD,8,0.23281933701060256,0.7671806629893975,4
41,VST_first,232,41_9_276,CD,8,0.099077969592644,0.900922030407356,4
41,VST_first,233,41_9_277,CD,8,0.3227945157582559,0.6772054842417441,4
41,VST_first,234,41_9_278,CD,8,0.5142432057171187,0.48575679428288143,2
41,VST_first,235,41_9_279,CD,8,0.3879445010382573,0.6120554989617428,3
41,VST_first,236,41_9_280,CD,8,0.32075290798477685,0.6792470920152232,4
41,VST_first,237,41_9_281,VD,8,0.09402143937175045,0.9059785606282496,3
41,VST_first,238,41_9_282,VD,8,0.3190136722024023,0.6809863277975977,4
41,VST_first,239,41_9_283,VD,8,0.2011445494108916,0.7988554505891085,3
41,VST_first,240,41_9_284,VD,8,0.3195144513530984,0.6804855486469016,4
41,VST_first,241,41_9_285,CD,8,0.2958364612051863,0.7041635387948136,5
41,VST_first,243,41_9_287,CD,8,0.5145284173108647,0.48547158268913526,2
42,RSVP_first,1,42_2_33,VD,1,0.20437059926024587,0.7956294007397542,3
42,RSVP_first,2,42_2_34,VD,1,0.3429340952224862,0.6570659047775138,4
42,RSVP_first,3,42_2_35,VD,1,0.265141027615574,0.734858972384426,5
42,RSVP_first,4,42_2_36,CD,1,0.10116118030659584,0.8988388196934042,4
42,RSVP_first,5,42_2_37,VD,1,0.43347098772006487,0.5665290122799351,4
42,RSVP_first,6,42_2_38,CD,1,0.5301608779026404,0.46983912209735956,4
42,RSVP_first,7,42_2_39,CD,1,0.5211501890756763,0.47884981092432366,2
42,RSVP_first,8,42_2_40,CD,1,0.29519909456499593,0.704800905435004,5
42,RSVP_first,9,42_2_41,CD,1,0.3818578730094938,0.6181421269905061,5
42,RSVP_first,10,42_2_42,VD,1,0.4428743686088376,0.5571256313911623,4
42,RSVP_first,11,42_2_43,CD,1,0.1117284876799933,0.8882715123200067,4
42,RSVP_first,12,42_2_44,VD,1,0.27824098824242893,0.7217590117575711,4
42,RSVP_first,13,42_2_45,CD,1,0.24413101907321152,0.7558689809267884,3
42,RSVP_first,14,42_2_46,CD,1,0.10113155956397703,0.898868440436023,4
42,RSVP_first,15,42_2_47,VD,1,0.4969418663722178,0.5030581336277822,5
42,RSVP_first,16,42_2_48,VD,1,0.0994177941818312,0.9005822058181687,4
42,RSVP_first,17,42_2_49,VD,1,0.3901430834027391,0.6098569165972609,3
42,RSVP_first,18,42_2_50,VD,1,0.07938504024966488,0.9206149597503352,2
42,RSVP_first,19,42_2_51,VD,1,0.32483104161731025,0.6751689583826898,5
42,RSVP_first,21,42_2_53,CD,1,0.41636231241335686,0.5836376875866431,4
42,RSVP_first,22,42_2_54,CD,1,0.350400253255521,0.649599746744479,4
42,RSVP_first,23,42_2_55,CD,1,0.3277121613541485,0.6722878386458515,4
42,RSVP_first,25,42_2_57,VD,1,0.31787650919678223,0.6821234908032178,4
42,RSVP_first,26,42_2_58,CD,1,0.1253578370989968,0.8746421629010033,3
42,RSVP_first,27,42_2_59,CD,1,0.5188901908263122,0.48110980917368784,2
42,RSVP_first,29,42_2_61,CD,1,0.11976666711339143,0.8802333328866085,3
42,RSVP_first,30,42_2_62,CD,1,0.3172602484455644,0.6827397515544356,5
42,RSVP_first,31,42_2_63,VD,1,0.1780737970514026,0.8219262029485974,4
42,RSVP_first,32,42_2_64,VD,1,0.5237085661837642,0.47629143381623584,2
42,RSVP_first,33,42_3_65,CD,2,0.16610922532255293,0.8338907746774471,4
42,RSVP_first,34,42_3_66,CD,2,0.3245147885163681,0.6754852114836318,5
42,RSVP_first,35,42_3_67,CD,2,0.11327706778962274,0.8867229322103773,4
42,RSVP_first,36,42_3_68,VD,2,0.2039213214885014,0.7960786785114986,4
42,RSVP_first,37,42_3_69,VD,2,0.11417681518371674,0.8858231848162833,3
42,RSVP_first,39,42_3_71,VD,2,0.09819989305042705,0.901800106949573,4
42,RSVP_first,40,42_3_72,CD,2,0.4071811849173132,0.5928188150826867,4
42,RSVP_first,41,42_3_73,VD,2,0.3816423582771824,0.6183576417228176,3
42,RSVP_first,42,42_3_74,CD,2,0.09834997065472173,0.9016500293452783,4
42,RSVP_first,43,42_3_75,VD,2,0.18355007674199214,0.8164499232580078,3
42,RSVP_first,44,42_3_76,CD,2,0.10652329687296119,0.8934767031270389,3
42,RSVP_first,45,42_3_77,VD,2,0.10172997382840201,0.898270026171598,4
42,RSVP_first,46,42_3_79,CD,2,0.3242070860005116,0.6757929139994884,4
42,RSVP_first,47,42_3_80,CD,2,0.30197921367528874,0.6980207863247113,5
42,RSVP_first,48,42_3_81,VD,2,0.10420091033900591,0.8957990896609941,4
42,RSVP_first,50,42_3_83,VD,2,0.32156553545596434,0.6784344645440357,4
42,RSVP_first,51,42_3_84,CD,2,0.5184245270165734,0.48157547298342657,2
42,RSVP_first,53,42_3_86,CD,2,0.3773135790310184,0.6226864209689815,4
42,RSVP_first,54,42_3_87,VD,2,0.3928610489859126,0.6071389510140874,3
42,RSVP_first,55,42_3_88,CD,2,0.3922756816437468,0.6077243183562532,3
42,RSVP_first,57,42_3_90,VD,2,0.4037549972463566,0.5962450027536434,3
42,RSVP_first,60,42_3_94,CD,2,0.3021727817365377,0.6978272182634623,5
42,RSVP_first,61,42_3_95,VD,2,0.3005308751737715,0.6994691248262285,4
42,RSVP_first,62,42_3_96,CD,2,0.28396913803098833,0.7160308619690117,4
42,RSVP_first,63,42_4_97,CD,3,0.31791339136132596,0.6820866086386741,5
42,RSVP_first,64,42_4_98,VD,3,0.3943993743284814,0.6056006256715186,3
42,RSVP_first,65,42_4_99,CD,3,0.09913179092045307,0.9008682090795469,4
42,RSVP_first,66,42_4_100,VD,3,0.38287199947467854,0.6171280005253215,3
42,RSVP_first,68,42_4_102,CD,3,0.11685736729077997,0.88314263270922,4
42,RSVP_first,69,42_4_103,CD,3,0.293680343934019,0.706319656065981,5
42,RSVP_first,70,42_4_104,CD,3,0.10652395472012885,0.8934760452798711,4
42,RSVP_first,71,42_4_105,VD,3,0.10055342787487874,0.8994465721251212,4
42,RSVP_first,72,42_4_106,CD,3,0.9999999999486718,5.132816344172543e-11,2
42,RSVP_first,73,42_4_107,CD,3,0.32113436148954155,0.6788656385104584,4
42,RSVP_first,75,42_4_109,VD,3,0.3318512684580133,0.6681487315419867,4
42,RSVP_first,76,42_4_110,VD,3,0.3174231966816786,0.6825768033183214,5
42,RSVP_first,77,42_4_111,CD,3,0.3266804107342016,0.6733195892657984,5
42,RSVP_first,78,42_4_112,CD,3,0.1066916128907625,0.8933083871092375,4
42,RSVP_first,79,42_4_113,VD,3,0.5165795435516989,0.4834204564483012,2
42,RSVP_first,80,42_4_114,CD,3,0.5212539080403535,0.47874609195964646,2
42,RSVP_first,81,42_4_115,CD,3,0.38804878576011304,0.611951214239887,3
42,RSVP_first,82,42_4_116,VD,3,0.13625368165020238,0.8637463183497976,4
42,RSVP_first,83,42_4_117,VD,3,0.29208194446439745,0.7079180555356026,4
42,RSVP_first,84,42_4_118,CD,3,0.11238431834249225,0.8876156816575078,3
42,RSVP_first,85,42_4_119,VD,3,0.2459147478473234,0.7540852521526766,4
42,RSVP_first,86,42_4_120,CD,3,0.4247956715383133,0.5752043284616867,4
42,RSVP_first,87,42_4_121,VD,3,0.1039180612495246,0.8960819387504755,4
42,RSVP_first,89,42_4_123,VD,3,0.1349126503365577,0.8650873496634424,4
42,RSVP_first,90,42_4_124,VD,3,0.10622287361653576,0.8937771263834642,4
42,RSVP_first,91,42_4_125,VD,3,0.5501384604175117,0.4498615395824883,4
42,RSVP_first,92,42_4_126,CD,3,0.2676008466412063,0.7323991533587936,4
42,RSVP_first,93,42_4_127,CD,3,0.5357901017925987,0.4642098982074013,2
42,RSVP_first,94,42_4_128,CD,3,0.5469543166628221,0.45304568333717793,2
42,RSVP_first,96,42_5_130,VD,4,0.09713307493787675,0.9028669250621232,3
42,RSVP_first,97,42_5_131,CD,4,0.10389186385745824,0.8961081361425417,4
42,RSVP_first,98,42_5_132,VD,4,0.526472985096039,0.47352701490396104,3
42,RSVP_first,99,42_5_133,CD,4,0.5844581978929192,0.4155418021070808,3
42,RSVP_first,101,42_5_135,VD,4,0.39078279874720057,0.6092172012527994,4
42,RSVP_first,102,42_5_136,CD,4,0.10985261205229986,0.8901473879477002,3
42,RSVP_first,103,42_5_137,CD,4,0.31771081866232104,0.682289181337679,4
42,RSVP_first,104,42_5_138,VD,4,0.47529531155778715,0.5247046884422129,3
42,RSVP_first,105,42_5_139,CD,4,0.0979805958538865,0.9020194041461135,4
42,RSVP_first,106,42_5_140,VD,4,0.27189371325978645,0.7281062867402135,4
42,RSVP_first,107,42_5_141,CD,4,0.13487336010047984,0.8651266398995202,4
42,RSVP_first,108,42_5_143,VD,4,0.4022017346757657,0.5977982653242343,3
42,RSVP_first,109,42_5_144,VD,4,0.09905041514779736,0.9009495848522027,4
42,RSVP_first,110,42_5_145,CD,4,0.38684880971188174,0.6131511902881183,4
42,RSVP_first,111,42_5_146,VD,4,0.22157929949458974,0.7784207005054102,4
42,RSVP_first,112,42_5_147,CD,4,0.1556009893851634,0.8443990106148366,3
42,RSVP_first,113,42_5_148,CD,4,0.14580603947985352,0.8541939605201465,4
42,RSVP_first,114,42_5_149,CD,4,0.3836839910327926,0.6163160089672074,3
42,RSVP_first,115,42_5_150,VD,4,0.47686220401705826,0.5231377959829417,4
42,RSVP_first,116,42_5_151,CD,4,0.5975346174993817,0.4024653825006182,3
42,RSVP_first,117,42_5_152,VD,4,0.13259366065333053,0.8674063393466694,4
42,RSVP_first,118,42_5_154,VD,4,0.09923591304605905,0.900764086953941,4
42,RSVP_first,120,42_5_156,VD,4,0.31864624363448324,0.6813537563655168,4
42,RSVP_first,121,42_5_157,VD,4,0.3826858241196362,0.6173141758803637,3
42,RSVP_first,123,42_5_159,VD,4,0.31657082562300537,0.6834291743769947,4
42,RSVP_first,124,42_5_160,CD,4,0.2213388091191659,0.7786611908808341,3
42,RSVP_first,125,42_6_161,VD,5,0.11150912924351414,0.8884908707564858,4
42,RSVP_first,126,42_6_162,CD,5,0.09814514402516426,0.9018548559748357,4
42,RSVP_first,127,42_6_163,CD,5,0.11392371353131364,0.8860762864686864,4
42,RSVP_first,128,42_6_164,VD,5,0.38413158997131963,0.6158684100286804,5
42,RSVP_first,129,42_6_165,VD,5,0.12991384315950866,0.8700861568404913,4
42,RSVP_first,130,42_6_166,CD,5,0.20314833753694,0.7968516624630599,4
42,RSVP_first,133,42_6_169,VD,5,0.3265322492715834,0.6734677507284166,4
42,RSVP_first,134,42_6_171,VD,5,0.10029431804224075,0.8997056819577592,4
42,RSVP_first,135,42_6_172,VD,5,0.8290840010341513,0.17091599896584875,2
42,RSVP_first,136,42_6_173,VD,5,0.11428951902736703,0.885710480972633,4
42,RSVP_first,137,42_6_174,CD,5,0.5149142303259509,0.4850857696740492,2
42,RSVP_first,138,42_6_175,CD,5,0.5161385738743401,0.4838614261256599,2
42,RSVP_first,139,42_6_176,VD,5,0.808579615968048,0.19142038403195202,4
42,RSVP_first,140,42_6_177,CD,5,0.14932022630392597,0.8506797736960741,4
42,RSVP_first,141,42_6_178,VD,5,0.1072900931451073,0.8927099068548927,4
42,RSVP_first,142,42_6_179,VD,5,0.11585398446807052,0.8841460155319295,4
42,RSVP_first,143,42_6_180,VD,5,0.30016115898472906,0.6998388410152709,5
42,RSVP_first,144,42_6_181,CD,5,0.10092611915315816,0.8990738808468418,4
42,RSVP_first,145,42_6_182,CD,5,0.10566471566044354,0.8943352843395564,3
42,RSVP_first,146,42_6_183,VD,5,0.3234822207451481,0.6765177792548518,4
42,RSVP_first,148,42_6_185,CD,5,0.10492099951357804,0.895079000486422,4
42,RSVP_first,149,42_6_186,CD,5,0.11346279451870134,0.8865372054812987,4
42,RSVP_first,150,42_6_187,CD,5,0.3876553966688391,0.6123446033311609,3
42,RSVP_first,151,42_6_188,VD,5,0.15519905330621525,0.8448009466937848,4
42,RSVP_first,152,42_6_189,CD,5,0.3674049989992891,0.6325950010007109,3
42,RSVP_first,153,42_6_190,CD,5,0.4005475892833036,0.5994524107166964,5
42,RSVP_first,154,42_6_191,CD,5,0.14368380283535337,0.8563161971646466,3
42,RSVP_first,155,42_6_192,VD,5,0.38297447873080626,0.6170255212691937,3
42,RSVP_first,156,42_7_193,CD,6,0.3904107056649856,0.6095892943350144,3
42,RSVP_first,157,42_7_194,CD,6,0.295554942197217,0.704445057802783,5
42,RSVP_first,158,42_7_195,CD,6,0.5144474797559201,0.48555252024407997,2
42,RSVP_first,159,42_7_196,VD,6,0.10366089998843306,0.8963391000115669,4
42,RSVP_first,160,42_7_197,VD,6,0.38403932916000216,0.6159606708399978,3
42,RSVP_first,161,42_7_198,CD,6,0.6847492229887505,0.3152507770112496,3
42,RSVP_first,162,42_7_199,CD,6,0.10067839509822575,0.8993216049017743,4
42,RSVP_first,164,42_7_201,CD,6,0.1073913875101642,0.8926086124898358,4
42,RSVP_first,165,42_7_202,VD,6,0.21556292298035373,0.7844370770196463,4
42,RSVP_first,166,42_7_203,VD,6,0.3459675924008137,0.6540324075991862,4
42,RSVP_first,167,42_7_204,VD,6,0.10036114024833655,0.8996388597516635,4
42,RSVP_first,168,42_7_205,CD,6,0.10245693820723847,0.8975430617927616,4
42,RSVP_first,170,42_7_207,CD,6,0.10298353212351449,0.8970164678764855,4
42,RSVP_first,171,42_7_208,VD,6,0.13555626357383432,0.8644437364261656,4
42,RSVP_first,172,42_7_209,CD,6,0.38260822684878437,0.6173917731512156,3
42,RSVP_first,173,42_7_210,CD,6,0.16733333437116152,0.8326666656288385,3
42,RSVP_first,174,42_7_211,CD,6,0.10379512811803654,0.8962048718819635,4
42,RSVP_first,175,42_7_212,VD,6,0.6895155684839456,0.3104844315160544,3
42,RSVP_first,176,42_7_213,VD,6,0.5146939885707045,0.48530601142929547,2
42,RSVP_first,177,42_7_214,VD,6,0.28797002283921447,0.7120299771607855,5
42,RSVP_first,178,42_7_215,VD,6,0.38338050702404847,0.6166194929759515,3
42,RSVP_first,179,42_7_216,CD,6,0.32969871763371816,0.6703012823662818,4
42,RSVP_first,181,42_7_219,VD,6,0.09503757549194228,0.90496242450805775,3
42,RSVP_first,183,42_7_221,VD,6,0.1051369964355453,0.8948630035644547,4
42,RSVP_first,184,42_7_222,CD,6,0.3217470420025591,0.6782529579974409,4
42,RSVP_first,185,42_7_223,VD,6,0.14289355538812648,0.8571064446118735,4
42,RSVP_first,186,42_7_224,CD,6,0.09932318852848249,0.9006768114715175,4
42,RSVP_first,187,42_8_225,CD,7,0.5131361791810463,0.48686382081895374,6
42,RSVP_first,189,42_8_227,CD,7,0.12051274621701268,0.8794872537829873,5
42,RSVP_first,190,42_8_228,VD,7,0.105538026978482,0.894461973021518,4
42,RSVP_first,191,42_8_229,VD,7,0.11500206142140351,0.8849979385785965,4
42,RSVP_first,192,42_8_230,CD,7,0.24673325803548024,0.7532667419645198,3
42,RSVP_first,193,42_8_231,VD,7,0.29200926863127397,0.707990731368726,5
42,RSVP_first,194,42_8_232,VD,7,0.3146702965408207,0.6853297034591793,4
42,RSVP_first,195,42_8_233,VD,7,0.6830831537641191,0.31691684623588084,3
42,RSVP_first,196,42_8_234,VD,7,0.5638133118906267,0.43618668810937333,4
42,RSVP_first,197,42_8_235,VD,7,0.525265351417008,0.4747346485829921,2
42,RSVP_first,198,42_8_236,VD,7,0.30553146145299814,0.6944685385470019,4
42,RSVP_first,199,42_8_237,VD,7,0.3857043852756732,0.6142956147243268,3
42,RSVP_first,200,42_8_238,VD,7,0.09852123397538377,0.9014787660246163,4
42,RSVP_first,201,42_8_239,VD,7,0.18881931533128196,0.8111806846687181,4
42,RSVP_first,202,42_8_240,CD,7,0.5139072028708299,0.4860927971291701,2
42,RSVP_first,203,42_8_241,CD,7,0.1667004973452561,0.8332995026547438,4
42,RSVP_first,204,42_8_242,CD,7,0.1016097972041912,0.8983902027958088,4
42,RSVP_first,205,42_8_243,CD,7,0.5181592197741133,0.4818407802258867,2
42,RSVP_first,206,42_8_244,CD,7,0.553428225222246,0.446571774777754,4
42,RSVP_first,207,42_8_245,CD,7,0.22403312650104015,0.7759668734989599,4
42,RSVP_first,208,42_8_246,CD,7,0.1679630368623145,0.8320369631376855,5
42,RSVP_first,209,42_8_247,CD,7,0.376789954877818,0.623210045122182,4
42,RSVP_first,210,42_8_248,VD,7,0.1563472939603759,0.8436527060396242,4
42,RSVP_first,211,42_8_249,VD,7,0.2308824457170519,0.769117554282948,4
42,RSVP_first,213,42_8_251,CD,7,0.2798239971497609,0.7201760028502391,3
42,RSVP_first,214,42_8_252,CD,7,0.17295394985414952,0.8270460501458504,5
42,RSVP_first,216,42_8_254,VD,7,0.5142432057171187,0.48575679428288143,2
42,RSVP_first,217,42_8_255,VD,7,0.090250402386165815,0.9097495976138341,3
42,RSVP_first,218,42_8_256,CD,7,0.21888030790637805,0.781119692093622,3
42,RSVP_first,219,42_9_257,CD,8,0.43080029469659775,0.5691997053034024,4
42,RSVP_first,220,42_9_258,VD,8,0.19025653173968704,0.809743468260313,4
42,RSVP_first,222,42_9_260,CD,8,0.22346817841793182,0.7765318215820681,3
42,RSVP_first,224,42_9_262,VD,8,0.3302118394811277,0.6697881605188722,4
42,RSVP_first,225,42_9_263,CD,8,0.10135078114255283,0.8986492188574471,4
42,RSVP_first,226,42_9_264,CD,8,0.3475509233334315,0.6524490766665685,4
42,RSVP_first,227,42_9_265,VD,8,0.5157106384190858,0.4842893615809142,2
42,RSVP_first,228,42_9_266,CD,8,0.32106535055806407,0.6789346494419359,4
42,RSVP_first,229,42_9_267,VD,8,0.2883919057358827,0.7116080942641173,5
42,RSVP_first,230,42_9_268,VD,8,0.3825103739808816,0.6174896260191184,3
42,RSVP_first,231,42_9_270,VD,8,0.2928548029150389,0.7071451970849612,3
42,RSVP_first,232,42_9_271,VD,8,0.15344638395330767,0.8465536160466923,3
42,RSVP_first,233,42_9_272,CD,8,0.38782557855168065,0.6121744214483194,3
42,RSVP_first,234,42_9_273,VD,8,0.3886694374333014,0.6113305625666987,3
42,RSVP_first,235,42_9_274,CD,8,0.5157885617582725,0.48421143824172763,2
42,RSVP_first,236,42_9_275,VD,8,0.10209916705828226,0.8979008329417177,4
42,RSVP_first,237,42_9_276,VD,8,0.3165490950276923,0.6834509049723078,5
42,RSVP_first,238,42_9_277,CD,8,0.10148547061405469,0.8985145293859453,4
42,RSVP_first,239,42_9_278,VD,8,0.12763388300235448,0.8723661169976455,4
42,RSVP_first,241,42_9_280,VD,8,0.39617470125688425,0.6038252987431157,3
42,RSVP_first,242,42_9_281,VD,8,0.3235642394298232,0.6764357605701767,3
42,RSVP_first,243,42_9_282,VD,8,0.5143464270730403,0.4856535729269597,2
42,RSVP_first,244,42_9_283,CD,8,0.19607005242372377,0.8039299475762762,3
42,RSVP_first,245,42_9_284,CD,8,0.09456688053521145,0.9054331194647885,3
42,RSVP_first,247,42_9_286,CD,8,0.10127709691749705,0.898722903082503,4
42,RSVP_first,248,42_9_287,CD,8,0.17714579965393926,0.8228542003460607,4
42,RSVP_first,249,42_9_288,CD,8,0.3843037733277136,0.6156962266722864,3
43,VST_first,1,43_2_33,CD,1,0.36346545980286293,0.6365345401971372,4
43,VST_first,2,43_2_35,VD,1,0.3604554247598447,0.6395445752401553,5
43,VST_first,4,43_2_38,CD,1,0.3520380379538651,0.6479619620461349,3
43,VST_first,6,43_2_41,VD,1,0.2765202580458878,0.7234797419541121,4
43,VST_first,7,43_2_42,VD,1,0.20912963544554974,0.7908703645544504,4
43,VST_first,8,43_2_43,CD,1,0.22660305212701218,0.77339694787298785,4
43,VST_first,9,43_2_44,CD,1,0.5149666392968578,0.4850333607031422,2
43,VST_first,10,43_2_45,CD,1,0.3319908377627082,0.6680091622372918,4
43,VST_first,11,43_2_47,VD,1,0.4390078813710555,0.5609921186289446,4
43,VST_first,12,43_2_48,VD,1,0.6140913846898901,0.3859086153101099,4
43,VST_first,13,43_2_49,CD,1,0.45204553548638604,0.547954464513614,5
43,VST_first,14,43_2_50,CD,1,0.407669582756019,0.59233041724398094,4
43,VST_first,15,43_2_51,CD,1,0.3261026094302302,0.6738973905697698,4
43,VST_first,16,43_2_52,VD,1,0.4374809265586265,0.5625190734413735,3
43,VST_first,17,43_2_53,VD,1,0.5368106255345968,0.46318937446540315,5
43,VST_first,18,43_2_54,CD,1,0.7883713206195394,0.21162867938046065,4
43,VST_first,20,43_2_56,VD,1,0.7398948071370293,0.26010519286297074,3
43,VST_first,21,43_2_57,VD,1,0.3469168164433113,0.6530831835566887,5
43,VST_first,22,43_2_58,CD,1,0.5160811924177182,0.48391880758228184,2
43,VST_first,23,43_2_59,VD,1,0.5222605556276195,0.47773944437238053,2
43,VST_first,24,43_2_60,CD,1,0.4053561378097452,0.5946438621902549,5
43,VST_first,25,43_2_61,VD,1,0.2446227061578248,0.7553772938421752,4
43,VST_first,26,43_2_62,VD,1,0.16683611732440312,0.8331638826755968,4
43,VST_first,27,43_2_63,CD,1,0.23832685589310731,0.7616731441068927,4
43,VST_first,29,43_3_66,CD,2,0.5431310381365596,0.4568689618634404,4
43,VST_first,30,43_3_67,VD,2,0.3569185446608067,0.6430814553391933,4
43,VST_first,31,43_3_68,CD,2,0.24353250070673374,0.7564674992932663,4
43,VST_first,33,43_3_70,CD,2,0.388995813839072,0.611004186160928,4
43,VST_first,34,43_3_72,VD,2,0.39623605845615095,0.6037639415438492,3
43,VST_first,35,43_3_73,CD,2,0.5344670258891282,0.4655329741108718,4
43,VST_first,36,43_3_74,VD,2,0.4721843900111565,0.5278156099888436,5
43,VST_first,38,43_3_76,VD,2,0.4975780423063262,0.5024219576936737,5
43,VST_first,39,43_3_77,VD,2,0.12273273205301641,0.8772672679469836,4
43,VST_first,40,43_3_78,CD,2,0.48894414014770526,0.5110558598522947,3
43,VST_first,41,43_3_79,VD,2,0.30383750345024024,0.6961624965497598,5
43,VST_first,42,43_3_80,CD,2,0.26489081055889596,0.735109189441104,4
43,VST_first,43,43_3_81,CD,2,0.39075369111660924,0.6092463088833908,5
43,VST_first,44,43_3_82,CD,2,0.23342508564496064,0.7665749143550393,4
43,VST_first,45,43_3_83,CD,2,0.2825238910907948,0.7174761089092052,4
43,VST_first,46,43_3_84,VD,2,0.19803565350787328,0.8019643464921268,3
43,VST_first,48,43_3_86,CD,2,0.11427092763834595,0.8857290723616541,3
43,VST_first,49,43_3_88,VD,2,0.5237798374445153,0.47622016255548477,4
43,VST_first,50,43_3_89,VD,2,0.27198358191199967,0.7280164180880002,4
43,VST_first,51,43_3_90,VD,2,0.41953014964214624,0.5804698503578538,6
43,VST_first,52,43_3_92,VD,2,0.5828708261238496,0.41712917387615045,2
43,VST_first,53,43_3_93,VD,2,0.5191988967571305,0.4808011032428695,3
43,VST_first,54,43_3_94,CD,2,0.5139072028708299,0.4860927971291701,2
43,VST_first,55,43_3_95,VD,2,0.17573800952843524,0.8242619904715648,4
43,VST_first,56,43_3_96,CD,2,0.500890660945184,0.499109339054816,4
43,VST_first,57,43_4_97,VD,3,0.4154939327003554,0.5845060672996446,3
43,VST_first,58,43_4_98,VD,3,0.3573190651923296,0.6426809348076704,4
43,VST_first,59,43_4_99,VD,3,0.4830811817347769,0.5169188182652231,5
43,VST_first,60,43_4_100,VD,3,0.4256544664598163,0.5743455335401837,5
43,VST_first,63,43_4_103,VD,3,0.38315404726991836,0.6168459527300816,3
43,VST_first,64,43_4_104,CD,3,0.5380690338030462,0.4619309661969538,4
43,VST_first,65,43_4_105,CD,3,0.46252483787933385,0.53747516212066615,5
43,VST_first,66,43_4_106,CD,3,0.4399982188027838,0.5600017811972162,5
43,VST_first,67,43_4_107,CD,3,0.2544239535598193,0.7455760464401807,4
43,VST_first,69,43_4_109,VD,3,0.18896085224666267,0.8110391477533373,3
43,VST_first,70,43_4_110,VD,3,0.4832799612923846,0.5167200387076154,5
43,VST_first,71,43_4_111,VD,3,0.4389636307722163,0.5610363692277837,5
43,VST_first,72,43_4_112,CD,3,0.35980294900015125,0.6401970509998488,4
43,VST_first,74,43_4_114,CD,3,0.5106627532058228,0.48933724679417717,5
43,VST_first,75,43_4_116,VD,3,0.25264121170477805,0.747358788295222,4
43,VST_first,76,43_4_117,CD,3,0.5180700328528033,0.4819299671471967,2
43,VST_first,77,43_4_118,VD,3,0.3099437799781797,0.6900562200218203,4
43,VST_first,78,43_4_119,CD,3,0.12121848317768501,0.878781516822315,3
43,VST_first,79,43_4_120,VD,3,0.10232708435174546,0.8976729156482545,4
43,VST_first,80,43_4_121,CD,3,0.22635560697509566,0.7736443930249044,5
43,VST_first,81,43_4_122,CD,3,0.31924137360222316,0.6807586263977768,4
43,VST_first,83,43_4_124,VD,3,0.5180700328528033,0.4819299671471967,2
43,VST_first,84,43_4_125,CD,3,0.38864180292748385,0.6113581970725162,3
43,VST_first,85,43_4_126,CD,3,0.43944099677787857,0.5605590032221214,4
43,VST_first,86,43_4_127,VD,3,0.5141109604134417,0.48588903958655827,2
43,VST_first,87,43_4_128,VD,3,0.4032122790201673,0.5967877209798327,4
43,VST_first,88,43_5_129,CD,4,0.29928749096251406,0.7007125090374859,4
43,VST_first,89,43_5_130,VD,4,0.5161608923392826,0.48383910766071736,2
43,VST_first,90,43_5_131,CD,4,0.38691959687967686,0.6130804031203232,3
43,VST_first,92,43_5_133,VD,4,0.3055616974193238,0.6944383025806762,4
43,VST_first,94,43_5_135,VD,4,0.3212959127634606,0.6787040872365394,4
43,VST_first,95,43_5_136,VD,4,0.10331811777482947,0.8966818822251705,4
43,VST_first,96,43_5_137,CD,4,0.35378839624008684,0.6462116037599132,4
43,VST_first,97,43_5_138,VD,4,0.324239245112921,0.675760754887079,4
43,VST_first,98,43_5_139,VD,4,0.5142432057171187,0.48575679428288143,2
43,VST_first,99,43_5_140,CD,4,0.3862915785319214,0.6137084214680786,3
43,VST_first,100,43_5_141,VD,4,0.47395206154448316,0.5260479384555169,5
43,VST_first,101,43_5_142,VD,4,0.384021793417229,0.615978206582771,3
43,VST_first,102,43_5_143,VD,4,0.517573493272362,0.4824265067276379,2
43,VST_first,103,43_5_144,CD,4,0.5215910805374134,0.47840891946258657,5
43,VST_first,104,43_5_145,CD,4,0.5643471703100308,0.4356528296899692,6
43,VST_first,105,43_5_146,VD,4,0.5438733374297411,0.45612666257025886,6
43,VST_first,106,43_5_148,CD,4,0.7458853008430796,0.2541146991569205,3
43,VST_first,107,43_5_149,CD,4,0.40708100190058777,0.5929189980994123,3
43,VST_first,108,43_5_150,CD,4,0.3059468988986048,0.6940531011013952,4
43,VST_first,109,43_5_151,CD,4,0.29002296523441956,0.7099770347655805,5
43,VST_first,110,43_5_152,VD,4,0.5409598110062916,0.4590401889937084,5
43,VST_first,111,43_5_153,CD,4,0.533310242539107,0.466689757460893,2
43,VST_first,112,43_5_154,VD,4,0.4549468246305525,0.5450531753694475,5
43,VST_first,113,43_5_155,CD,4,0.5199508919072935,0.48004910809270646,5
43,VST_first,115,43_5_157,VD,4,0.49974514835628087,0.5002548516437191,3
43,VST_first,116,43_5_158,CD,4,0.3544319361271367,0.6455680638728634,5
43,VST_first,117,43_5_159,VD,4,0.10253529832145167,0.8974647016785483,3
43,VST_first,118,43_5_160,VD,4,0.3731958607903505,0.6268041392096495,4
43,VST_first,119,43_6_161,VD,5,0.6378853147667791,0.36211468523322093,5
43,VST_first,120,43_6_162,VD,5,0.46375309919170615,0.5362469008082938,5
43,VST_first,121,43_6_163,VD,5,0.4544049956193477,0.5455950043806522,5
43,VST_first,122,43_6_164,VD,5,0.31605546521881833,0.6839445347811817,4
43,VST_first,123,43_6_165,VD,5,0.10923057968793715,0.8907694203120629,3
43,VST_first,125,43_6_167,CD,5,0.4659267091911745,0.5340732908088255,5
43,VST_first,126,43_6_169,CD,5,0.7273266514104206,0.2726733485895794,3
43,VST_first,127,43_6_171,CD,5,0.2872841328755413,0.7127158671244587,4
43,VST_first,128,43_6_172,CD,5,0.5042070772771817,0.4957929227228183,4
43,VST_first,130,43_6_174,VD,5,0.5157102354652742,0.48428976453472583,5
43,VST_first,131,43_6_175,VD,5,0.6576131966026433,0.3423868033973567,3
43,VST_first,132,43_6_176,VD,5,0.4629315387811139,0.5370684612188861,5
43,VST_first,134,43_6_178,CD,5,0.32008695880228766,0.6799130411977123,4
43,VST_first,135,43_6_179,CD,5,0.47680027386290263,0.5231997261370973,5
43,VST_first,136,43_6_180,CD,5,0.4171318616395361,0.5828681383604639,5
43,VST_first,137,43_6_181,VD,5,0.5265240011187934,0.47347599888120656,4
43,VST_first,138,43_6_182,VD,5,0.6998556169513149,0.30014438304868507,3
43,VST_first,139,43_6_183,CD,5,0.335604885619274,0.664395114380726,5
43,VST_first,140,43_6_184,CD,5,0.38532378757519664,0.6146762124248033,3
43,VST_first,142,43_6_186,CD,5,0.4589945293327164,0.54100547066728355,6
43,VST_first,143,43_6_187,VD,5,0.21505114426068025,0.7849488557393198,3
43,VST_first,144,43_6_188,VD,5,0.5362645311448738,0.4637354688551262,4
43,VST_first,145,43_6_189,CD,5,0.3673910555171013,0.6326089444828988,3
43,VST_first,146,43_6_190,VD,5,0.2911597873080037,0.7088402126919963,4
43,VST_first,147,43_6_191,CD,5,0.23383068717867167,0.7661693128213283,4
43,VST_first,148,43_6_192,CD,5,0.5169648619378224,0.4830351380621775,2
43,VST_first,149,43_7_193,VD,6,0.43569949383027085,0.5643005061697292,4
43,VST_first,150,43_7_194,CD,6,0.22575724553512405,0.774242754464876,4
43,VST_first,151,43_7_195,VD,6,0.3875189788565936,0.6124810211434064,5
43,VST_first,152,43_7_196,VD,6,0.5139621586732607,0.48603784132673933,2
43,VST_first,153,43_7_197,VD,6,0.4474977213351126,0.5525022786648873,5
43,VST_first,154,43_7_198,VD,6,0.116635048746773,0.883364951253227,4
43,VST_first,155,43_7_199,VD,6,0.3211785199552063,0.6788214800447937,4
43,VST_first,156,43_7_200,CD,6,0.5367827458620114,0.46321725413798875,4
43,VST_first,157,43_7_201,CD,6,0.6475891919131546,0.3524108080868455,3
43,VST_first,159,43_7_203,CD,6,0.23151668625248512,0.7684833137475149,4
43,VST_first,160,43_7_204,CD,6,0.10701504527249484,0.8929849547275052,3
43,VST_first,161,43_7_205,CD,6,0.5141066122915907,0.48589338770840934,2
43,VST_first,162,43_7_206,CD,6,0.11021679808119568,0.8897832019188042,4
43,VST_first,163,43_7_207,VD,6,0.6314279667174746,0.3685720332825254,4
43,VST_first,164,43_7_208,VD,6,0.2919285697088799,0.7080714302911201,4
43,VST_first,167,43_7_211,VD,6,0.3107370511083771,0.6892629488916229,4
43,VST_first,168,43_7_212,VD,6,0.3297579508679276,0.6702420491320724,4
43,VST_first,169,43_7_213,CD,6,0.308781260799136,0.691218739200864,4
43,VST_first,170,43_7_214,CD,6,0.29825046103636155,0.7017495389636385,4
43,VST_first,171,43_7_215,CD,6,0.5403659866335797,0.4596340133664203,4
43,VST_first,172,43_7_216,VD,6,0.538633281328784,0.4613667186712161,5
43,VST_first,173,43_7_217,CD,6,0.10878013127509496,0.8912198687249051,4
43,VST_first,174,43_7_218,CD,6,0.4158898880799698,0.5841101119200302,5
43,VST_first,175,43_7_219,VD,6,0.48848783504618715,0.5115121649538129,5
43,VST_first,177,43_7_221,CD,6,0.34729384046442535,0.6527061595355746,5
43,VST_first,178,43_7_222,VD,6,0.43616591177470015,0.5638340882252999,5
43,VST_first,179,43_7_223,VD,6,0.5918054940944694,0.40819450590553064,4
43,VST_first,180,43_7_224,CD,6,0.1872117212488967,0.8127882787511033,4
43,VST_first,181,43_8_225,VD,7,0.3235375014877234,0.6764624985122766,4
43,VST_first,182,43_8_226,VD,7,0.5533336638472219,0.4466663361527782,4
43,VST_first,183,43_8_227,CD,7,0.32053653547053496,0.679463464529465,4
43,VST_first,184,43_8_229,VD,7,0.5153824549409081,0.48461754505909194,2
43,VST_first,185,43_8_230,VD,7,0.6368312779780984,0.36316872202190165,3
43,VST_first,186,43_8_232,VD,7,0.3040219371593995,0.6959780628406005,4
43,VST_first,187,43_8_233,CD,7,0.44138792325412174,0.5586120767458782,5
43,VST_first,188,43_8_234,VD,7,0.5539109123421487,0.4460890876578512,5
43,VST_first,189,43_8_235,VD,7,0.278824709093579,0.721175290906421,4
43,VST_first,190,43_8_236,CD,7,0.28837519014734025,0.7116248098526597,4
43,VST_first,191,43_8_237,VD,7,0.47516933120115107,0.5248306687988489,4
43,VST_first,193,43_8_240,CD,7,0.42749017348508095,0.5725098265149191,5
43,VST_first,197,43_8_244,CD,7,0.09251741026971308,0.907482589730287,3
43,VST_first,198,43_8_245,VD,7,0.3287340314998102,0.6712659685001898,4
43,VST_first,199,43_8_246,VD,7,0.691482283305885,0.30851771669411504,3
43,VST_first,200,43_8_247,VD,7,0.23056729412606033,0.7694327058739396,4
43,VST_first,201,43_8_248,CD,7,0.49595931926181125,0.5040406807381888,4
43,VST_first,202,43_8_250,CD,7,0.41618822922576953,0.5838117707742304,3
43,VST_first,203,43_8_251,CD,7,0.5149142303259509,0.4850857696740492,2
43,VST_first,204,43_8_253,CD,7,0.41639368841877,0.58360631158123,3
43,VST_first,205,43_8_254,CD,7,0.5153824549409081,0.48461754505909194,2
43,VST_first,206,43_8_255,CD,7,0.12234046664095363,0.8776595333590465,4
43,VST_first,207,43_8_256,CD,7,0.3753868702384477,0.6246131297615524,5
43,VST_first,208,43_9_257,VD,8,0.23073755917835498,0.7692624408216451,4
43,VST_first,209,43_9_258,VD,8,0.41874866201136424,0.5812513379886357,5
43,VST_first,210,43_9_259,CD,8,0.3846607310088775,0.6153392689911226,5
43,VST_first,211,43_9_260,VD,8,0.5262127941367695,0.4737872058632305,4
43,VST_first,212,43_9_261,VD,8,0.5143464270730403,0.4856535729269597,2
43,VST_first,213,43_9_262,CD,8,0.39369178072543676,0.6063082192745632,5
43,VST_first,214,43_9_263,CD,8,0.3221393377746179,0.6778606622253822,4
43,VST_first,216,43_9_265,VD,8,0.46092039001406443,0.5390796099859356,5
43,VST_first,217,43_9_266,CD,8,0.5203707344473655,0.4796292655526345,5
43,VST_first,218,43_9_267,CD,8,0.3317675311797942,0.6682324688202058,4
43,VST_first,219,43_9_268,VD,8,0.2759816601723962,0.7240183398276038,4
43,VST_first,220,43_9_269,VD,8,0.5176591262570529,0.48234087374294704,2
43,VST_first,221,43_9_270,CD,8,0.23274155851326864,0.7672584414867314,4
43,VST_first,222,43_9_271,VD,8,0.3171106036074696,0.6828893963925304,4
43,VST_first,223,43_9_272,CD,8,0.5218448049331735,0.47815519506682647,4
43,VST_first,226,43_9_275,CD,8,0.3199665600714677,0.6800334399285324,4
43,VST_first,227,43_9_276,CD,8,0.4637742451012444,0.5362257548987556,5
43,VST_first,228,43_9_277,CD,8,0.7683623043673382,0.23163769563266182,3
43,VST_first,229,43_9_278,VD,8,0.4008535226717568,0.5991464773282433,4
43,VST_first,230,43_9_279,CD,8,0.33373082930632775,0.6662691706936723,4
43,VST_first,231,43_9_281,VD,8,0.3860299074433515,0.6139700925566485,3
43,VST_first,232,43_9_282,VD,8,0.5255181339935724,0.4744818660064276,6
43,VST_first,233,43_9_283,VD,8,0.21000775071794242,0.7899922492820576,4
43,VST_first,234,43_9_284,VD,8,0.4519802223688738,0.5480197776311262,5
43,VST_first,235,43_9_285,VD,8,0.3157240576930107,0.6842759423069893,4
43,VST_first,236,43_9_286,CD,8,0.6161358009084899,0.3838641990915101,3
43,VST_first,238,43_9_288,CD,8,0.32802266545826797,0.6719773345417321,4
44,RSVP_first,1,44_2_33,CD,1,0.5388744682036026,0.4611255317963974,2
44,RSVP_first,2,44_2_34,VD,1,0.13020877588246116,0.8697912241175388,4
44,RSVP_first,3,44_2_35,VD,1,0.1740871910521847,0.8259128089478153,4
44,RSVP_first,4,44_2_36,CD,1,0.4651215754462185,0.5348784245537814,4
44,RSVP_first,5,44_2_37,CD,1,0.3404973758228099,0.6595026241771901,4
44,RSVP_first,6,44_2_38,VD,1,0.43405147583594206,0.5659485241640579,3
44,RSVP_first,7,44_2_39,VD,1,0.19441320907316645,0.8055867909268336,3
44,RSVP_first,8,44_2_40,CD,1,0.25247061791081576,0.7475293820891842,4
44,RSVP_first,9,44_2_43,VD,1,0.12824385754451212,0.8717561424554879,3
44,RSVP_first,10,44_2_44,VD,1,0.5322777285143151,0.4677222714856849,2
44,RSVP_first,11,44_2_45,CD,1,0.21563480016914774,0.7843651998308523,4
44,RSVP_first,12,44_2_46,VD,1,0.449311832319533,0.550688167680467,3
44,RSVP_first,13,44_2_47,VD,1,0.5537255925048958,0.44627440749510416,2
44,RSVP_first,14,44_2_48,CD,1,0.3448977905325315,0.6551022094674684,3
44,RSVP_first,15,44_2_49,CD,1,0.11935412764509104,0.880645872354909,4
44,RSVP_first,16,44_2_50,VD,1,0.10201267772705444,0.8979873222729455,4
44,RSVP_first,17,44_2_51,VD,1,0.35324881161543104,0.6467511883845689,5
44,RSVP_first,18,44_2_52,CD,1,0.23579704872938018,0.7642029512706198,5
44,RSVP_first,19,44_2_53,VD,1,0.13518377013068034,0.8648162298693196,3
44,RSVP_first,20,44_2_54,VD,1,0.1179498463493982,0.8820501536506018,4
44,RSVP_first,21,44_2_55,CD,1,0.18226436430233617,0.8177356356976638,4
44,RSVP_first,22,44_2_56,VD,1,0.368890743395751,0.631109256604249,6
44,RSVP_first,23,44_2_57,CD,1,0.9619207878058718,0.03807921219412828,2
44,RSVP_first,24,44_2_58,CD,1,0.46154576875750886,0.5384542312424911,3
44,RSVP_first,25,44_2_59,CD,1,0.40400279747917583,0.5959972025208242,3
44,RSVP_first,26,44_2_60,CD,1,0.3207768544959861,0.6792231455040139,4
44,RSVP_first,28,44_2_62,CD,1,0.4893072350811928,0.5106927649188073,4
44,RSVP_first,30,44_2_64,VD,1,0.31460518095888657,0.6853948190411134,4
44,RSVP_first,31,44_3_65,CD,2,0.44185997404541016,0.5581400259545899,3
44,RSVP_first,32,44_3_66,VD,2,0.13151630575887036,0.8684836942411297,4
44,RSVP_first,33,44_3_67,CD,2,0.2668548680701206,0.7331451319298794,5
44,RSVP_first,34,44_3_68,VD,2,0.380816258226286,0.6191837417737139,3
44,RSVP_first,35,44_3_69,CD,2,0.4117197597388439,0.5882802402611561,4
44,RSVP_first,36,44_3_70,CD,2,0.2605773844332407,0.7394226155667594,5
44,RSVP_first,37,44_3_71,CD,2,0.1712384093050577,0.8287615906949423,3
44,RSVP_first,39,44_3_73,VD,2,0.3909164946088467,0.6090835053911533,3
44,RSVP_first,40,44_3_74,CD,2,0.293443867391955,0.706556132608045,4
44,RSVP_first,41,44_3_75,CD,2,0.3797195845705142,0.6202804154294858,3
44,RSVP_first,42,44_3_76,CD,2,0.6082528285296259,0.3917471714703741,4
44,RSVP_first,43,44_3_77,VD,2,0.692804949997182,0.3071950500028181,3
44,RSVP_first,44,44_3_78,CD,2,0.3197935852756415,0.6802064147243585,3
44,RSVP_first,47,44_3_81,CD,2,0.4437701521041263,0.5562298478958737,3
44,RSVP_first,48,44_3_82,VD,2,0.9470848868644847,0.05291511313551529,3
44,RSVP_first,49,44_3_83,VD,2,0.48398346202795534,0.5160165379720447,4
44,RSVP_first,50,44_3_84,VD,2,0.2601512991684725,0.7398487008315274,4
44,RSVP_first,51,44_3_87,VD,2,0.3118233852329142,0.6881766147670859,5
44,RSVP_first,52,44_3_88,VD,2,0.2487919026497758,0.7512080973502242,3
44,RSVP_first,53,44_3_89,VD,2,0.40761665820304405,0.592383341796956,3
44,RSVP_first,55,44_3_91,CD,2,0.6874973769844394,0.3125026230155607,3
44,RSVP_first,56,44_3_92,CD,2,0.8557496322727043,0.14425036772729566,3
44,RSVP_first,57,44_3_94,CD,2,0.5235066441414565,0.4764933558585434,3
44,RSVP_first,58,44_3_95,VD,2,0.5013327414145853,0.4986672585854147,3
44,RSVP_first,59,44_4_98,VD,3,0.5802665045767132,0.4197334954232867,2
44,RSVP_first,61,44_4_100,CD,3,0.7793164443683158,0.2206835556316842,3
44,RSVP_first,62,44_4_101,VD,3,0.6818303565078466,0.3181696434921534,3
44,RSVP_first,63,44_4_102,CD,3,0.4889710257394577,0.5110289742605423,4
44,RSVP_first,64,44_4_103,VD,3,0.2568342723933311,0.7431657276066689,5
44,RSVP_first,65,44_4_104,VD,3,0.5238547899810805,0.4761452100189196,5
44,RSVP_first,66,44_4_105,CD,3,0.41447689151309897,0.585523108486901,3
44,RSVP_first,67,44_4_106,VD,3,0.2084860592029353,0.7915139407970647,4
44,RSVP_first,68,44_4_107,CD,3,0.21169592854888702,0.788304071451113,4
44,RSVP_first,69,44_4_109,VD,3,0.47700608233479835,0.5229939176652016,3
44,RSVP_first,71,44_4_111,VD,3,0.4657906196683823,0.5342093803316177,4
44,RSVP_first,72,44_4_112,CD,3,0.19689885025871723,0.8031011497412828,3
44,RSVP_first,73,44_4_113,CD,3,0.23314822594473392,0.76685177405526606,4
44,RSVP_first,75,44_4_115,CD,3,0.4766350412216128,0.5233649587783872,3
44,RSVP_first,76,44_4_116,CD,3,0.44526388350261514,0.5547361164973849,3
44,RSVP_first,78,44_4_118,VD,3,0.40429582902522176,0.5957041709747782,5
44,RSVP_first,80,44_4_121,VD,3,0.14502676692102362,0.8549732330789763,3
44,RSVP_first,81,44_4_122,VD,3,0.16385196747855332,0.8361480325214466,5
44,RSVP_first,82,44_4_123,CD,3,0.27480303639755094,0.725196963602449,4
44,RSVP_first,83,44_4_124,CD,3,0.5841327617348316,0.4158672382651683,3
44,RSVP_first,84,44_4_125,CD,3,0.35084487663727626,0.6491551233627237,4
44,RSVP_first,85,44_4_126,VD,3,0.27598940318861814,0.7240105968113819,4
44,RSVP_first,86,44_4_127,VD,3,0.549312037824779,0.450687962175221,4
44,RSVP_first,87,44_4_128,VD,3,0.47433135899388656,0.5256686410061134,4
44,RSVP_first,88,44_5_129,CD,4,0.1038172224002972,0.8961827775997028,3
44,RSVP_first,92,44_5_134,CD,4,0.36611426743524256,0.6338857325647574,4
44,RSVP_first,93,44_5_135,CD,4,0.2949367313255226,0.7050632686744773,3
44,RSVP_first,94,44_5_136,VD,4,0.3924887795246112,0.6075112204753887,3
44,RSVP_first,95,44_5_138,CD,4,0.17065915103887752,0.8293408489611225,3
44,RSVP_first,96,44_5_139,VD,4,0.23628617732208654,0.7637138226779134,5
44,RSVP_first,97,44_5_140,CD,4,0.298378917954506,0.701621082045494,4
44,RSVP_first,98,44_5_141,CD,4,0.22238838173475453,0.7776116182652455,5
44,RSVP_first,100,44_5_143,CD,4,0.40335873483755913,0.5966412651624409,3
44,RSVP_first,101,44_5_144,CD,4,0.18483464930005494,0.8151653506999451,4
44,RSVP_first,102,44_5_145,CD,4,0.2487741253601208,0.7512258746398792,3
44,RSVP_first,103,44_5_146,VD,4,0.578129900429874,0.421870099570126,2
44,RSVP_first,104,44_5_147,VD,4,0.3138692052190831,0.6861307947809169,4
44,RSVP_first,105,44_5_148,CD,4,0.2810836445824767,0.7189163554175233,3
44,RSVP_first,106,44_5_149,CD,4,0.6100412098705339,0.3899587901294661,3
44,RSVP_first,107,44_5_150,VD,4,0.14941326653176254,0.8505867334682374,3
44,RSVP_first,108,44_5_151,VD,4,0.42332086032941196,0.5766791396705879,3
44,RSVP_first,109,44_5_152,VD,4,0.37411054502236535,0.6258894549776346,4
44,RSVP_first,110,44_5_153,CD,4,0.3039728060311289,0.696027193968871,5
44,RSVP_first,111,44_5_154,VD,4,0.3778057464255737,0.6221942535744263,4
44,RSVP_first,112,44_5_155,CD,4,0.1451560153713887,0.8548439846286113,4
44,RSVP_first,113,44_5_156,VD,4,0.11601875038485875,0.8839812496151414,4
44,RSVP_first,114,44_5_157,CD,4,0.43841569752507675,0.5615843024749233,4
44,RSVP_first,115,44_5_158,VD,4,0.38625413512808393,0.6137458648719161,4
44,RSVP_first,116,44_5_159,VD,4,0.11543541409161288,0.8845645859083872,4
44,RSVP_first,117,44_5_160,VD,4,0.24924133267263623,0.7507586673273637,4
44,RSVP_first,118,44_6_161,VD,5,0.38432618355754955,0.61567381644245045,3
44,RSVP_first,119,44_6_162,VD,5,0.13547099347953193,0.864529006520468,3
44,RSVP_first,120,44_6_163,CD,5,0.3213367508076638,0.6786632491923362,4
44,RSVP_first,122,44_6_165,CD,5,0.3518711129733746,0.6481288870266254,5
44,RSVP_first,123,44_6_166,CD,5,0.25131956904865527,0.7486804309513447,4
44,RSVP_first,125,44_6_168,VD,5,0.3851219240274163,0.6148780759725837,3
44,RSVP_first,126,44_6_169,CD,5,0.14109974120337915,0.8589002587966208,4
44,RSVP_first,127,44_6_170,CD,5,0.333714334572615,0.666285665427385,4
44,RSVP_first,128,44_6_172,VD,5,0.4784525623367556,0.5215474376632443,3
44,RSVP_first,129,44_6_174,VD,5,0.5210403104223492,0.47895968957765084,2
44,RSVP_first,130,44_6_175,VD,5,0.2363527940630803,0.7636472059369197,3
44,RSVP_first,131,44_6_176,CD,5,0.4559958711863052,0.5440041288136948,3
44,RSVP_first,132,44_6_177,CD,5,0.5146213042955881,0.48537869570441194,2
44,RSVP_first,133,44_6_179,VD,5,0.2820605989134508,0.7179394010865492,3
44,RSVP_first,134,44_6_182,CD,5,0.10530505307244374,0.8946949469275562,4
44,RSVP_first,135,44_6_183,CD,5,0.23301278567318529,0.7669872143268146,3
44,RSVP_first,137,44_6_186,CD,5,0.5122270492829004,0.4877729507170997,2
44,RSVP_first,138,44_6_187,CD,5,0.38715443619674633,0.6128455638032537,4
44,RSVP_first,141,44_6_190,VD,5,0.5322654351146783,0.4677345648853217,3
44,RSVP_first,142,44_6_191,VD,5,0.2498352374582516,0.7501647625417484,4
44,RSVP_first,143,44_6_192,VD,5,0.10150498231873754,0.8984950176812625,3
44,RSVP_first,145,44_7_194,VD,6,0.11785650606752317,0.8821434939324768,4
44,RSVP_first,146,44_7_195,CD,6,0.4164334392645963,0.5835665607354037,5
44,RSVP_first,147,44_7_196,VD,6,0.32236542306870897,0.677634576931291,5
44,RSVP_first,148,44_7_197,VD,6,0.10245668464950225,0.8975433153504978,4
44,RSVP_first,149,44_7_198,VD,6,0.18636523856480403,0.813634761435196,4
44,RSVP_first,150,44_7_199,CD,6,0.6481976286570854,0.3518023713429146,3
44,RSVP_first,151,44_7_200,CD,6,0.21123505286640695,0.7887649471335931,4
44,RSVP_first,152,44_7_201,VD,6,0.18004597078169696,0.8199540292183031,5
44,RSVP_first,153,44_7_202,CD,6,0.32652263067007503,0.673477369329925,4
44,RSVP_first,154,44_7_203,VD,6,0.3195741917345435,0.6804258082654565,4
44,RSVP_first,155,44_7_204,CD,6,0.11234987500832735,0.8876501249916726,3
44,RSVP_first,156,44_7_205,CD,6,0.3854205911240686,0.6145794088759313,4
44,RSVP_first,157,44_7_207,VD,6,0.24536116244271838,0.7546388375572817,4
44,RSVP_first,158,44_7_208,CD,6,0.46328450424632184,0.5367154957536782,4
44,RSVP_first,159,44_7_209,VD,6,0.537403463003827,0.462596536996173,4
44,RSVP_first,160,44_7_210,VD,6,0.3258135769614865,0.6741864230385135,4
44,RSVP_first,161,44_7_211,CD,6,0.25781129921832646,0.7421887007816735,4
44,RSVP_first,162,44_7_212,VD,6,0.5079400970661543,0.49205990293384566,3
44,RSVP_first,163,44_7_213,CD,6,0.35469601820914887,0.6453039817908511,4
44,RSVP_first,164,44_7_214,CD,6,0.09570471301359862,0.9042952869864014,3
44,RSVP_first,165,44_7_215,CD,6,0.3173994650653067,0.6826005349346934,4
44,RSVP_first,166,44_7_216,CD,6,0.39629549182067836,0.6037045081793216,3
44,RSVP_first,168,44_7_218,VD,6,0.13357410054632882,0.8664258994536712,3
44,RSVP_first,169,44_7_219,CD,6,0.17474850534344274,0.8252514946565573,4
44,RSVP_first,170,44_7_220,CD,6,0.4414587759445797,0.5585412240554203,4
44,RSVP_first,171,44_7_221,VD,6,0.32248748237654673,0.6775125176234532,3
44,RSVP_first,172,44_7_223,VD,6,0.23101535764488063,0.7689846423551194,4
44,RSVP_first,173,44_7_224,CD,6,0.4153360174676733,0.5846639825323268,3
44,RSVP_first,174,44_8_225,CD,7,0.422726799200026,0.5772732007999739,3
44,RSVP_first,175,44_8_226,CD,7,0.25424901503168307,0.7457509849683169,3
44,RSVP_first,176,44_8_227,CD,7,0.1661467279018937,0.8338532720981063,3
44,RSVP_first,177,44_8_228,VD,7,0.09888783618538986,0.9011121638146101,4
44,RSVP_first,178,44_8_229,VD,7,0.11852465866999404,0.881475341330006,4
44,RSVP_first,179,44_8_230,CD,7,0.37843005134621827,0.6215699486537817,4
44,RSVP_first,180,44_8_231,CD,7,0.31862067887781004,0.68137932112219,3
44,RSVP_first,181,44_8_232,VD,7,0.27656085642133743,0.7234391435786626,4
44,RSVP_first,182,44_8_233,CD,7,0.09199347086042386,0.9080065291395761,3
44,RSVP_first,183,44_8_234,CD,7,0.2793793576454072,0.7206206423545929,4
44,RSVP_first,184,44_8_235,VD,7,0.5182674486075977,0.4817325513924023,3
44,RSVP_first,185,44_8_236,VD,7,0.46009897367730523,0.5399010263226948,4
44,RSVP_first,186,44_8_237,VD,7,0.4478041011998488,0.5521958988001512,3
44,RSVP_first,187,44_8_238,VD,7,0.11101342125298004,0.88898657874702,3
44,RSVP_first,188,44_8_239,CD,7,0.37790532519544284,0.6220946748045572,5
44,RSVP_first,189,44_8_240,VD,7,0.45375895508985775,0.5462410449101422,4
44,RSVP_first,190,44_8_241,VD,7,0.6801671077326092,0.31983289226739076,3
44,RSVP_first,191,44_8_242,CD,7,0.2663322232328292,0.7336677767671709,4
44,RSVP_first,192,44_8_243,CD,7,0.29284493515358556,0.7071550648464144,4
44,RSVP_first,193,44_8_244,VD,7,0.4686741646220024,0.5313258353779977,4
44,RSVP_first,194,44_8_245,CD,7,0.3362563611055954,0.6637436388944046,4
44,RSVP_first,195,44_8_246,CD,7,0.5142432057171187,0.48575679428288143,2
44,RSVP_first,197,44_8_248,VD,7,0.22810733276781736,0.7718926672321826,3
44,RSVP_first,198,44_8_249,CD,7,0.3060133870253032,0.6939866129746968,4
44,RSVP_first,199,44_8_250,CD,7,0.17858871816344352,0.8214112818365564,3
44,RSVP_first,201,44_8_252,CD,7,0.316156009550033,0.683843990449967,3
44,RSVP_first,202,44_8_253,VD,7,0.2451688565705469,0.754831143429453,4
44,RSVP_first,203,44_8_254,VD,7,0.09176708523913983,0.9082329147608601,3
44,RSVP_first,204,44_8_255,CD,7,0.1179633638001161,0.8820366361998839,3
44,RSVP_first,205,44_8_256,VD,7,0.28550362521235584,0.7144963747876442,4
44,RSVP_first,206,44_9_257,CD,8,0.27871813642367255,0.7212818635763274,4
44,RSVP_first,207,44_9_258,CD,8,0.10840910606375849,0.8915908939362416,4
44,RSVP_first,209,44_9_260,VD,8,0.3597594051140937,0.6402405948859062,5
44,RSVP_first,210,44_9_261,CD,8,0.5146939885707045,0.48530601142929547,2
44,RSVP_first,211,44_9_262,VD,8,0.10735264408496635,0.8926473559150336,4
44,RSVP_first,212,44_9_263,CD,8,0.1247844350807635,0.8752155649192366,4
44,RSVP_first,213,44_9_264,VD,8,0.5162409410360242,0.4837590589639757,2
44,RSVP_first,214,44_9_265,CD,8,0.4180648518383513,0.5819351481616487,3
44,RSVP_first,216,44_9_267,CD,8,0.3185076713701148,0.6814923286298852,5
44,RSVP_first,217,44_9_268,CD,8,0.2615618600849433,0.7384381399150567,4
44,RSVP_first,218,44_9_269,CD,8,0.6905153185085808,0.3094846814914193,4
44,RSVP_first,219,44_9_270,CD,8,0.313171246652811,0.6868287533471891,4
44,RSVP_first,220,44_9_271,VD,8,0.11201861169284154,0.8879813883071584,4
44,RSVP_first,221,44_9_272,VD,8,0.11921252518142422,0.8807874748185758,4
44,RSVP_first,223,44_9_275,VD,8,0.1356808001334939,0.8643191998665061,3
44,RSVP_first,224,44_9_276,VD,8,0.4015830899175232,0.5984169100824768,3
44,RSVP_first,225,44_9_277,CD,8,0.1669416800986887,0.8330583199013113,4
44,RSVP_first,227,44_9_279,VD,8,0.474853079397905,0.525146920602095,4
44,RSVP_first,228,44_9_280,VD,8,0.294181224104218,0.705818775895782,4
44,RSVP_first,229,44_9_281,CD,8,0.13255787241446398,0.8674421275855361,3
44,RSVP_first,230,44_9_282,CD,8,0.2233744339335433,0.7766255660664567,3
44,RSVP_first,231,44_9_283,VD,8,0.11525224551159151,0.8847477544884085,3
44,RSVP_first,232,44_9_284,CD,8,0.10824925330523649,0.8917507466947635,4
44,RSVP_first,233,44_9_285,VD,8,0.10878404557840604,0.891215954421594,3
44,RSVP_first,234,44_9_286,VD,8,0.5152925412794014,0.4847074587205986,2
44,RSVP_first,235,44_9_287,CD,8,0.11012882322146081,0.8898711767785391,3
44,RSVP_first,236,44_9_288,CD,8,0.26831105144488077,0.7316889485551192,4
45,VST_first,1,45_2_33,VD,1,0.1567463326459246,0.8432536673540754,4
45,VST_first,2,45_2_34,VD,1,0.45463706418499716,0.5453629358150027,6
45,VST_first,3,45_2_35,CD,1,0.21457003648436127,0.7854299635156388,5
45,VST_first,4,45_2_36,VD,1,0.12558749479205414,0.8744125052079459,4
45,VST_first,5,45_2_37,VD,1,0.519680221384154,0.48031977861584596,4
45,VST_first,6,45_2_38,VD,1,0.4278932720024001,0.5721067279975999,4
45,VST_first,7,45_2_39,CD,1,0.312680740838453,0.687319259161547,5
45,VST_first,8,45_2_40,VD,1,0.5141066122915907,0.48589338770840934,2
45,VST_first,9,45_2_41,CD,1,0.4180846001658821,0.5819153998341179,3
45,VST_first,10,45_2_42,VD,1,0.38506507493744246,0.6149349250625575,3
45,VST_first,12,45_2_44,CD,1,0.4799050018975454,0.5200949981024545,4
45,VST_first,13,45_2_45,CD,1,0.5139463903499893,0.4860536096500106,2
45,VST_first,14,45_2_46,VD,1,0.12788890972399855,0.8721110902760014,4
45,VST_first,15,45_2_48,CD,1,0.09882348600427174,0.9011765139957282,4
45,VST_first,18,45_2_51,CD,1,0.4777147362393415,0.5222852637606585,5
45,VST_first,19,45_2_52,VD,1,0.35109051721402434,0.6489094827859756,4
45,VST_first,20,45_2_54,VD,1,0.4578903115893005,0.5421096884106995,5
45,VST_first,21,45_2_55,CD,1,0.6357623532671401,0.36423764673285985,5
45,VST_first,22,45_2_56,CD,1,0.10791290103474989,0.8920870989652501,4
45,VST_first,23,45_2_57,CD,1,0.824466554263696,0.17553344573630408,3
45,VST_first,26,45_2_60,VD,1,0.6787443756491647,0.3212556243508353,3
45,VST_first,27,45_2_61,VD,1,0.3896398825510058,0.6103601174489942,5
45,VST_first,28,45_2_62,CD,1,0.30919552951406304,0.690804470485937,5
45,VST_first,29,45_2_63,CD,1,0.3073336038090409,0.6926663961909592,4
45,VST_first,30,45_2_64,VD,1,0.5736908572210745,0.4263091427789256,4
45,VST_first,31,45_3_65,VD,2,0.1859923435420837,0.8140076564579163,4
45,VST_first,32,45_3_66,CD,2,0.16338380755641924,0.8366161924435807,3
45,VST_first,33,45_3_67,VD,2,0.5142754114503199,0.4857245885496801,2
45,VST_first,34,45_3_68,CD,2,0.3175626491588129,0.6824373508411872,5
45,VST_first,36,45_3_70,CD,2,0.30178699371636303,0.6982130062836369,5
45,VST_first,37,45_3_71,CD,2,0.4071955635786961,0.5928044364213039,5
45,VST_first,38,45_3_72,VD,2,0.70193683949056,0.29806316050944004,4
45,VST_first,39,45_3_73,VD,2,0.3156923828784716,0.6843076171215284,4
45,VST_first,41,45_3_75,CD,2,0.44000930772219365,0.5599906922778063,5
45,VST_first,42,45_3_76,VD,2,0.47760016695484253,0.5223998330451575,4
45,VST_first,44,45_3_78,VD,2,0.8187782205114935,0.18122177948850637,4
45,VST_first,45,45_3_79,VD,2,0.6025419056643195,0.3974580943356806,5
45,VST_first,46,45_3_80,CD,2,0.3576596703610347,0.6423403296389653,5
45,VST_first,47,45_3_81,VD,2,0.3608314957879429,0.6391685042120571,4
45,VST_first,48,45_3_82,CD,2,0.12326660023250728,0.8767333997674926,3
45,VST_first,49,45_3_83,CD,2,0.1947480896029976,0.8052519103970024,3
45,VST_first,50,45_3_84,VD,2,0.4416495260283507,0.5583504739716493,4
45,VST_first,53,45_3_87,VD,2,0.10967019129717892,0.8903298087028211,4
45,VST_first,54,45_3_88,VD,2,0.17592255304357465,0.8240774469564254,4
45,VST_first,55,45_3_89,CD,2,0.5454698366349067,0.4545301633650934,2
45,VST_first,56,45_3_90,VD,2,0.3830454189596645,0.6169545810403355,3
45,VST_first,57,45_3_92,CD,2,0.09498943872261469,0.9050105612773854,3
45,VST_first,58,45_3_93,CD,2,0.38480425499396137,0.6151957450060386,3
45,VST_first,59,45_3_94,VD,2,0.13738709798248733,0.8626129020175126,4
45,VST_first,60,45_3_95,CD,2,0.6013761639148749,0.3986238360851251,4
45,VST_first,61,45_3_96,VD,2,0.3219086568613469,0.678091343138653,4
45,VST_first,62,45_4_97,CD,3,0.4559787822929109,0.5440212177070891,5
45,VST_first,63,45_4_98,VD,3,0.9339945381240975,0.06600546187590248,2
45,VST_first,65,45_4_100,VD,3,0.6970894360345066,0.30291056396549343,3
45,VST_first,66,45_4_101,CD,3,0.5388744682036026,0.4611255317963974,2
45,VST_first,67,45_4_102,CD,3,0.25170015217668196,0.748299847823318,5
45,VST_first,68,45_4_103,VD,3,0.5414091176323829,0.45859088236761714,4
45,VST_first,70,45_4_105,CD,3,0.094153015299653,0.905846984700347,3
45,VST_first,71,45_4_106,VD,3,0.5139764394798829,0.486023560520117,2
45,VST_first,72,45_4_107,VD,3,0.3212417425862394,0.6787582574137606,4
45,VST_first,73,45_4_108,VD,3,0.616163834547366,0.383836165452634,5
45,VST_first,74,45_4_109,CD,3,0.4574937473866993,0.5425062526133008,5
45,VST_first,75,45_4_110,CD,3,0.12708189366450906,0.8729181063354909,4
45,VST_first,76,45_4_111,CD,3,0.09047621333521763,0.9095237866647824,3
45,VST_first,77,45_4_112,CD,3,0.2949111103248683,0.7050888896751317,3
45,VST_first,78,45_4_113,VD,3,0.35118146748192725,0.6488185325180728,4
45,VST_first,79,45_4_114,CD,3,0.365799636840554,0.634200363159446,4
45,VST_first,80,45_4_115,CD,3,0.3837312271963007,0.6162687728036993,3
45,VST_first,82,45_4_117,CD,3,0.3667495713470277,0.6332504286529723,6
45,VST_first,83,45_4_118,VD,3,0.09839969530901096,0.9016003046909891,4
45,VST_first,84,45_4_119,CD,3,0.31272747773974485,0.6872725222602551,2
45,VST_first,85,45_4_120,VD,3,0.27301721880217017,0.7269827811978299,4
45,VST_first,88,45_4_123,CD,3,0.4410769584641012,0.5589230415358988,5
45,VST_first,89,45_4_124,VD,3,0.10745979947702626,0.8925402005229737,4
45,VST_first,90,45_4_125,VD,3,0.5777851256877733,0.4222148743122267,4
45,VST_first,91,45_4_126,VD,3,0.09843299932124985,0.9015670006787502,4
45,VST_first,92,45_4_128,VD,3,0.1664093579739282,0.8335906420260718,4
45,VST_first,93,45_5_129,CD,4,0.10362529210628468,0.8963747078937153,3
45,VST_first,94,45_5_130,VD,4,0.44392787056043004,0.55607212943957,5
45,VST_first,95,45_5_131,CD,4,0.41203290628800865,0.5879670937119913,3
45,VST_first,96,45_5_132,CD,4,0.3094787675580101,0.6905212324419899,4
45,VST_first,97,45_5_133,CD,4,0.1324305380712038,0.8675694619287961,4
45,VST_first,98,45_5_134,VD,4,0.4285947543922111,0.5714052456077888,5
45,VST_first,99,45_5_135,VD,4,0.3234226863113545,0.6765773136886455,4
45,VST_first,100,45_5_137,VD,4,0.29626819502581464,0.7037318049741854,5
45,VST_first,101,45_5_138,VD,4,0.11349996132291419,0.8865000386770858,3
45,VST_first,102,45_5_139,CD,4,0.5667783850695386,0.4332216149304614,3
45,VST_first,105,45_5_142,CD,4,0.24478100036882683,0.7552189996311732,4
45,VST_first,106,45_5_143,CD,4,0.10593767412963206,0.8940623258703679,4
45,VST_first,107,45_5_144,CD,4,0.1521708506447127,0.8478291493552873,4
45,VST_first,108,45_5_145,VD,4,0.4230486290049531,0.5769513709950469,3
45,VST_first,109,45_5_146,CD,4,0.1586401249201282,0.8413598750798719,3
45,VST_first,112,45_5_149,VD,4,0.18963083595268465,0.8103691640473153,4
45,VST_first,113,45_5_150,CD,4,0.3520061647649037,0.6479938352350963,4
45,VST_first,114,45_5_151,VD,4,0.12365774397054197,0.876342256029458,3
45,VST_first,115,45_5_152,VD,4,0.30151601483716467,0.6984839851628353,5
45,VST_first,116,45_5_153,CD,4,0.15826746796260485,0.8417325320373952,4
45,VST_first,117,45_5_154,VD,4,0.52903157579585,0.47096842420414997,2
45,VST_first,118,45_5_155,CD,4,0.3200631645702327,0.67993683542976735,4
45,VST_first,119,45_5_156,VD,4,0.5611799247953875,0.43882007520461247,4
45,VST_first,120,45_5_157,VD,4,0.11844372687544831,0.8815562731245516,3
45,VST_first,121,45_5_158,CD,4,0.09459290626736526,0.9054070937326347,3
45,VST_first,122,45_5_159,VD,4,0.3989987469891539,0.6010012530108461,3
45,VST_first,124,45_6_161,CD,5,0.33669885308814756,0.6633011469118524,4
45,VST_first,125,45_6_162,CD,5,0.13319393402872687,0.8668060659712732,3
45,VST_first,126,45_6_163,CD,5,0.10187952820543504,0.898120471794565,3
45,VST_first,127,45_6_164,VD,5,0.22981509981913503,0.770184900180865,3
45,VST_first,129,45_6_166,CD,5,0.3495457168070388,0.6504542831929612,4
45,VST_first,130,45_6_167,CD,5,0.34602085034929075,0.6539791496507092,4
45,VST_first,131,45_6_168,VD,5,0.8217759817907138,0.17822401820928624,2
45,VST_first,133,45_6_170,CD,5,0.3150352333141271,0.6849647666858728,3
45,VST_first,134,45_6_171,VD,5,0.3790914395415971,0.6209085604584029,4
45,VST_first,135,45_6_172,VD,5,0.1509261495508131,0.8490738504491869,3
45,VST_first,137,45_6_174,CD,5,0.534992802275598,0.465007197724402,4
45,VST_first,138,45_6_175,CD,5,0.4718298399755283,0.5281701600244717,4
45,VST_first,139,45_6_176,VD,5,0.4253070776863372,0.5746929223136628,5
45,VST_first,140,45_6_177,VD,5,0.3788259561907495,0.6211740438092506,3
45,VST_first,141,45_6_178,VD,5,0.17217784851822374,0.8278221514817763,4
45,VST_first,142,45_6_179,CD,5,0.10382595269516881,0.8961740473048312,3
45,VST_first,143,45_6_180,VD,5,0.18294293207398546,0.8170570679260145,4
45,VST_first,144,45_6_181,VD,5,0.5150933647198388,0.48490663528016115,2
45,VST_first,145,45_6_182,CD,5,0.09999724574247294,0.900002754257527,3
45,VST_first,147,45_6_184,CD,5,0.1131071200472254,0.8868928799527747,4
45,VST_first,148,45_6_185,VD,5,0.17839296678723118,0.8216070332127688,4
45,VST_first,149,45_6_186,VD,5,0.11349390350450278,0.8865060964954972,3
45,VST_first,150,45_6_187,CD,5,0.5337005603831976,0.4662994396168025,4
45,VST_first,151,45_6_188,CD,5,0.5141109604134417,0.48588903958655827,2
45,VST_first,153,45_6_190,VD,5,0.3242366630759217,0.6757633369240783,4
45,VST_first,154,45_6_191,CD,5,0.5160681360284816,0.48393186397151844,4
45,VST_first,155,45_6_192,VD,5,0.10401392924028995,0.89598607075971,3
45,VST_first,156,45_7_193,VD,6,0.31762145815418996,0.68237854184581,4
45,VST_first,157,45_7_194,CD,6,0.3826017320299673,0.6173982679700327,3
45,VST_first,159,45_7_196,CD,6,0.5381240143041454,0.46187598569585464,5
45,VST_first,160,45_7_197,CD,6,0.4236901250463871,0.5763098749536129,5
45,VST_first,161,45_7_198,VD,6,0.309897863322326,0.6901021366776741,4
45,VST_first,162,45_7_199,VD,6,0.1170362389349214,0.8829637610650786,4
45,VST_first,163,45_7_200,CD,6,0.3972406971809803,0.6027593028190197,3
45,VST_first,164,45_7_201,CD,6,0.28075543557679977,0.7192445644232003,4
45,VST_first,165,45_7_202,CD,6,0.48855987624271574,0.5114401237572842,3
45,VST_first,166,45_7_203,CD,6,0.3357581190097102,0.6642418809902898,4
45,VST_first,167,45_7_204,CD,6,0.490364847463711,0.509635152536289,5
45,VST_first,171,45_7_208,VD,6,0.31649781636393126,0.6835021836360687,4
45,VST_first,173,45_7_210,CD,6,0.4405888884529524,0.5594111115470476,5
45,VST_first,174,45_7_211,VD,6,0.42123936369800696,0.578760636301993,4
45,VST_first,175,45_7_212,VD,6,0.34218352281283615,0.6578164771871639,3
45,VST_first,176,45_7_213,VD,6,0.2524514830781135,0.7475485169218865,4
45,VST_first,177,45_7_214,VD,6,0.09721407604225327,0.9027859239577467,3
45,VST_first,178,45_7_215,VD,6,0.3444049412993217,0.6555950587006782,5
45,VST_first,179,45_7_216,CD,6,0.21873487354460217,0.7812651264553978,4
45,VST_first,180,45_7_217,VD,6,0.5496014809702893,0.45039851902971073,4
45,VST_first,181,45_7_218,VD,6,0.10297638171443593,0.8970236182855641,4
45,VST_first,182,45_7_219,CD,6,0.16270023428939095,0.837299765710609,3
45,VST_first,183,45_7_220,VD,6,0.10608073944869688,0.8939192605513031,3
45,VST_first,184,45_7_221,VD,6,0.5995055481422079,0.4004944518577921,3
45,VST_first,186,45_7_223,VD,6,0.5149666392968578,0.4850333607031422,2
45,VST_first,187,45_7_224,CD,6,0.3306607931314038,0.6693392068685962,4
45,VST_first,188,45_8_225,CD,7,0.09415467110791272,0.9058453288920872,3
45,VST_first,189,45_8_226,CD,7,0.5576075212859961,0.4423924787140039,4
45,VST_first,190,45_8_227,CD,7,0.10095718282189793,0.8990428171781021,4
45,VST_first,191,45_8_228,CD,7,0.6631029790893259,0.3368970209106742,4
45,VST_first,192,45_8_229,CD,7,0.20774989847751413,0.7922501015224859,5
45,VST_first,193,45_8_230,VD,7,0.13182663637312708,0.8681733636268729,4
45,VST_first,194,45_8_231,VD,7,0.33588899318794135,0.6641110068120586,4
45,VST_first,195,45_8_232,CD,7,0.09953739540616652,0.9004626045938335,4
45,VST_first,196,45_8_233,CD,7,0.09668170565723591,0.9033182943427641,4
45,VST_first,198,45_8_235,VD,7,0.39867153608506767,0.6013284639149323,3
45,VST_first,199,45_8_236,CD,7,0.09998593071000034,0.9000140692899996,4
45,VST_first,201,45_8_238,VD,7,0.4679907824827476,0.5320092175172523,5
45,VST_first,202,45_8_239,VD,7,0.5595022223554065,0.44049777764459347,2
45,VST_first,203,45_8_240,VD,7,0.3707515422562784,0.6292484577437216,4
45,VST_first,204,45_8_241,VD,7,0.15539911157815567,0.8446008884218443,4
45,VST_first,207,45_8_244,VD,7,0.6900197759299467,0.3099802240700533,4
45,VST_first,208,45_8_245,VD,7,0.33215951736009824,0.6678404826399017,4
45,VST_first,209,45_8_246,CD,7,0.30842723103434977,0.6915727689656503,4
45,VST_first,210,45_8_247,CD,7,0.09741852211652051,0.9025814778834795,4
45,VST_first,212,45_8_249,VD,7,0.3271179792179914,0.6728820207820085,4
45,VST_first,213,45_8_250,CD,7,0.33947311112150874,0.6605268888784912,4
45,VST_first,214,45_8_251,VD,7,0.10047810965090298,0.899521890349097,4
45,VST_first,215,45_8_252,CD,7,0.11320140672544911,0.8867985932745508,4
45,VST_first,216,45_8_253,VD,7,0.5146939885707045,0.48530601142929547,2
45,VST_first,217,45_8_254,CD,7,0.514145066133717,0.485854933866283,2
45,VST_first,218,45_8_255,VD,7,0.3261403668549232,0.6738596331450768,4
45,VST_first,219,45_8_256,VD,7,0.1052371562376502,0.8947628437623498,4
45,VST_first,220,45_9_258,VD,8,0.5255464468740784,0.47445355312592163,4
45,VST_first,221,45_9_259,VD,8,0.5026101344527162,0.49738986554728387,5
45,VST_first,222,45_9_260,CD,8,0.3500084563949661,0.649991543605034,4
45,VST_first,223,45_9_261,VD,8,0.641082961331303,0.35891703866869695,3
45,VST_first,224,45_9_262,CD,8,0.16574173700298475,0.8342582629970152,4
45,VST_first,225,45_9_263,CD,8,0.235215330469253,0.764784669530747,4
45,VST_first,227,45_9_265,CD,8,0.5355705819285664,0.46442941807143356,4
45,VST_first,228,45_9_266,VD,8,0.5169029994153532,0.4830970005846468,2
45,VST_first,229,45_9_267,VD,8,0.14084687053807526,0.8591531294619248,3
45,VST_first,230,45_9_268,VD,8,0.34014091396254587,0.6598590860374541,4
45,VST_first,231,45_9_269,CD,8,0.33266554260310416,0.6673344573968958,4
45,VST_first,232,45_9_270,VD,8,0.09848860323255622,0.9015113967674439,4
45,VST_first,233,45_9_271,VD,8,0.12530169568763577,0.8746983043123642,4
45,VST_first,234,45_9_272,CD,8,0.09793813702229069,0.9020618629777093,3
45,VST_first,235,45_9_273,CD,8,0.5420764016951144,0.45792359830488566,3
45,VST_first,236,45_9_274,CD,8,0.13845958070608652,0.8615404192939135,4
45,VST_first,237,45_9_275,VD,8,0.768920708246892,0.23107929175310798,2
45,VST_first,239,45_9_277,VD,8,0.6235885195676796,0.3764114804323204,3
45,VST_first,240,45_9_278,VD,8,0.31950934963149347,0.6804906503685065,4
45,VST_first,241,45_9_279,VD,8,0.3156925896885593,0.6843074103114408,4
45,VST_first,242,45_9_280,CD,8,0.10456415908035586,0.8954358409196441,3
45,VST_first,243,45_9_281,VD,8,0.2859832214052162,0.7140167785947839,5
45,VST_first,244,45_9_282,CD,8,0.3226508247543146,0.6773491752456854,4
45,VST_first,245,45_9_283,CD,8,0.27854309702759106,0.721456902972409,4
45,VST_first,246,45_9_284,CD,8,0.32709214673801157,0.6729078532619884,4
45,VST_first,248,45_9_286,CD,8,0.11959006396668169,0.8804099360333183,4
45,VST_first,250,45_9_288,VD,8,0.3145422362957825,0.6854577637042175,4
46,RSVP_first,1,46_2_33,VD,1,0.12369278100185738,0.8763072189981427,4
46,RSVP_first,2,46_2_34,CD,1,0.13399732900325365,0.8660026709967463,4
46,RSVP_first,3,46_2_35,VD,1,0.26460527520942767,0.7353947247905723,3
46,RSVP_first,4,46_2_36,VD,1,0.4040606288020726,0.5959393711979274,3
46,RSVP_first,5,46_2_37,VD,1,0.5142154523071886,0.48578454769281143,2
46,RSVP_first,6,46_2_38,CD,1,0.2271884184529511,0.7728115815470489,4
46,RSVP_first,8,46_2_40,VD,1,0.9999842770535008,1.572294649927862e-5,2
46,RSVP_first,9,46_2_41,CD,1,0.3422768532554745,0.6577231467445255,4
46,RSVP_first,10,46_2_42,CD,1,0.5154588024789278,0.4845411975210722,2
46,RSVP_first,11,46_2_43,VD,1,0.41273892459746825,0.5872610754025318,3
46,RSVP_first,12,46_2_44,CD,1,0.36440371975388,0.63559628024612,3
46,RSVP_first,13,46_2_45,VD,1,0.33674255204730286,0.6632574479526971,4
46,RSVP_first,14,46_2_47,VD,1,0.31406707513584137,0.6859329248641587,4
46,RSVP_first,15,46_2_48,CD,1,0.44416509125620257,0.5558349087437975,3
46,RSVP_first,16,46_2_49,VD,1,0.7172450227467989,0.2827549772532011,3
46,RSVP_first,18,46_2_51,CD,1,0.38900940004490614,0.6109905999550939,3
46,RSVP_first,19,46_2_52,VD,1,0.6005674297991939,0.39943257020080614,4
46,RSVP_first,20,46_2_53,CD,1,0.3869777822917133,0.6130222177082867,3
46,RSVP_first,21,46_2_55,CD,1,0.09935991372685415,0.9006400862731458,4
46,RSVP_first,22,46_2_56,CD,1,0.3448403029198555,0.6551596970801445,4
46,RSVP_first,23,46_2_57,CD,1,0.3870888570699572,0.6129111429300428,3
46,RSVP_first,24,46_2_58,VD,1,0.9999999997426701,2.573299048509326e-10,2
46,RSVP_first,26,46_2_60,VD,1,0.5542321602704358,0.44576783972956424,2
46,RSVP_first,27,46_2_61,VD,1,0.1527900128735152,0.8472099871264848,3
46,RSVP_first,28,46_2_62,VD,1,0.09505796764068303,0.9049420323593169,3
46,RSVP_first,29,46_2_63,CD,1,0.10746359249362042,0.8925364075063796,4
46,RSVP_first,30,46_2_64,CD,1,0.35616345926011994,0.6438365407398801,4
46,RSVP_first,31,46_3_65,CD,2,0.09749472524535369,0.9025052747546464,3
46,RSVP_first,32,46_3_66,VD,2,0.20601357011081511,0.793986429889185,4
46,RSVP_first,33,46_3_67,CD,2,0.11899640608367458,0.8810035939163254,4
46,RSVP_first,34,46_3_68,CD,2,0.5156678928186312,0.48433210718136877,2
46,RSVP_first,35,46_3_69,VD,2,0.13059540108443773,0.8694045989155623,4
46,RSVP_first,36,46_3_71,VD,2,0.12276552953963615,0.8772344704603638,4
46,RSVP_first,37,46_3_72,VD,2,0.5142004157962058,0.4857995842037942,2
46,RSVP_first,38,46_3_73,VD,2,0.1313097106596553,0.8686902893403448,4
46,RSVP_first,39,46_3_74,CD,2,0.48891624354162033,0.5110837564583797,3
46,RSVP_first,40,46_3_76,CD,2,0.392521759663985,0.607478240336015,3
46,RSVP_first,42,46_3_78,VD,2,0.5540654626327561,0.44593453736724387,2
46,RSVP_first,43,46_3_79,CD,2,0.3825319410710133,0.6174680589289867,3
46,RSVP_first,44,46_3_80,VD,2,0.134525292088566,0.865474707911434,3
46,RSVP_first,45,46_3_81,CD,2,0.48749442632431794,0.5125055736756821,2
46,RSVP_first,46,46_3_82,CD,2,0.5149666392968578,0.4850333607031422,2
46,RSVP_first,47,46_3_83,CD,2,0.13619661878254752,0.8638033812174525,3
46,RSVP_first,48,46_3_84,VD,2,0.5292214951431597,0.4707785048568403,2
46,RSVP_first,49,46_3_85,VD,2,0.09972054340461804,0.900279456595382,3
46,RSVP_first,50,46_3_86,CD,2,0.3187359359354587,0.6812640640645413,4
46,RSVP_first,52,46_3_88,VD,2,0.12696948497191882,0.8730305150280812,3
46,RSVP_first,53,46_3_89,VD,2,0.3189542529332289,0.6810457470667712,4
46,RSVP_first,54,46_3_90,CD,2,0.18808320949218613,0.8119167905078138,4
46,RSVP_first,55,46_3_92,VD,2,0.5211501890756763,0.47884981092432366,2
46,RSVP_first,56,46_3_93,VD,2,0.12913369250731824,0.8708663074926818,4
46,RSVP_first,57,46_3_94,VD,2,0.20682197030750243,0.7931780296924976,3
46,RSVP_first,58,46_3_95,VD,2,0.10276943368074076,0.8972305663192592,4
46,RSVP_first,59,46_3_96,CD,2,0.208594019374235,0.7914059806257651,3
46,RSVP_first,60,46_4_97,CD,3,0.38627228930381047,0.6137277106961895,3
46,RSVP_first,61,46_4_98,CD,3,0.17543978664225757,0.8245602133577424,3
46,RSVP_first,62,46_4_99,VD,3,0.1272186432959541,0.8727813567040459,4
46,RSVP_first,64,46_4_101,CD,3,0.5261051326584019,0.4738948673415982,2
46,RSVP_first,65,46_4_102,CD,3,0.12107074250319988,0.8789292574968001,4
46,RSVP_first,66,46_4_103,VD,3,0.3871807978414324,0.6128192021585676,3
46,RSVP_first,67,46_4_104,VD,3,0.10356089024301192,0.8964391097569882,4
46,RSVP_first,68,46_4_105,CD,3,0.10863256588425553,0.8913674341157445,4
46,RSVP_first,69,46_4_107,CD,3,0.1359672233607321,0.8640327766392679,4
46,RSVP_first,71,46_4_109,VD,3,0.22454549101988583,0.7754545089801141,3
46,RSVP_first,72,46_4_110,VD,3,0.10509062777808428,0.8949093722219157,4
46,RSVP_first,73,46_4_111,CD,3,0.37511881797233676,0.6248811820276633,5
46,RSVP_first,75,46_4_113,VD,3,0.5333939141720689,0.466606085827931,2
46,RSVP_first,76,46_4_114,VD,3,0.34581175751776977,0.6541882424822302,4
46,RSVP_first,77,46_4_115,CD,3,0.12995499847392247,0.8700450015260776,4
46,RSVP_first,78,46_4_116,VD,3,0.3264956681893233,0.6735043318106766,4
46,RSVP_first,80,46_4_118,CD,3,0.34111660360363133,0.6588833963963686,4
46,RSVP_first,81,46_4_119,VD,3,0.3872734026467466,0.6127265973532534,3
46,RSVP_first,82,46_4_120,VD,3,0.34910872533320886,0.6508912746667911,3
46,RSVP_first,83,46_4_121,CD,3,0.18990111245576088,0.8100988875442392,3
46,RSVP_first,85,46_4_123,VD,3,0.7033779915393925,0.29662200846060743,3
46,RSVP_first,86,46_4_124,VD,3,0.2878092674314251,0.7121907325685748,3
46,RSVP_first,87,46_4_125,CD,3,0.30252852310494704,0.697471476895053,3
46,RSVP_first,88,46_4_126,VD,3,0.0940557170101264,0.9059442829898736,3
46,RSVP_first,89,46_4_127,CD,3,0.10916009251111887,0.8908399074888811,3
46,RSVP_first,90,46_4_128,CD,3,0.38617411545379465,0.6138258845462053,3
46,RSVP_first,91,46_5_129,VD,4,0.7489283100953462,0.2510716899046538,5
46,RSVP_first,92,46_5_130,VD,4,0.5151798071594968,0.4848201928405031,2
46,RSVP_first,93,46_5_132,VD,4,0.5355526974612348,0.4644473025387652,4
46,RSVP_first,94,46_5_133,VD,4,0.33377001691509683,0.6662299830849032,3
46,RSVP_first,95,46_5_134,VD,4,0.3018295914451079,0.6981704085548921,3
46,RSVP_first,96,46_5_135,CD,4,0.10324141125728628,0.8967585887427137,4
46,RSVP_first,97,46_5_136,VD,4,0.316221111159545,0.683778888840455,4
46,RSVP_first,98,46_5_137,CD,4,0.32106494214489073,0.6789350578551092,4
46,RSVP_first,99,46_5_138,VD,4,0.09891228338816535,0.9010877166118346,4
46,RSVP_first,100,46_5_139,CD,4,0.5977106526127771,0.40228934738722294,4
46,RSVP_first,101,46_5_140,CD,4,0.3844503782565201,0.6155496217434798,3
46,RSVP_first,102,46_5_141,VD,4,0.13980423893147126,0.8601957610685288,4
46,RSVP_first,103,46_5_142,CD,4,0.12432955929852604,0.8756704407014739,4
46,RSVP_first,104,46_5_143,CD,4,0.5153824549409081,0.48461754505909194,2
46,RSVP_first,105,46_5_144,CD,4,0.3215807061758817,0.6784192938241183,4
46,RSVP_first,106,46_5_145,VD,4,0.35632612308327327,0.6436738769167267,4
46,RSVP_first,107,46_5_146,VD,4,0.319003621010795,0.680996378989205,4
46,RSVP_first,108,46_5_147,CD,4,0.5141066122915907,0.48589338770840934,2
46,RSVP_first,109,46_5_148,VD,4,0.11619142144005166,0.8838085785599483,4
46,RSVP_first,110,46_5_149,VD,4,0.5147003387289306,0.4852996612710695,2
46,RSVP_first,111,46_5_150,VD,4,0.34134091346042206,0.6586590865395779,4
46,RSVP_first,112,46_5_151,CD,4,0.21612500222566766,0.7838749977743323,4
46,RSVP_first,113,46_5_152,CD,4,0.5788410326813709,0.4211589673186291,3
46,RSVP_first,114,46_5_153,VD,4,0.9495474381941493,0.050452561805850664,2
46,RSVP_first,115,46_5_154,CD,4,0.1059295161224506,0.8940704838775494,4
46,RSVP_first,116,46_5_155,VD,4,0.4349359193075476,0.5650640806924524,3
46,RSVP_first,117,46_5_156,CD,4,0.14196152653630223,0.8580384734636978,3
46,RSVP_first,118,46_5_157,VD,4,0.3537309508004633,0.6462690491995368,5
46,RSVP_first,119,46_5_158,CD,4,0.3946631449552872,0.6053368550447128,3
46,RSVP_first,120,46_5_159,CD,4,0.5139764394798829,0.486023560520117,2
46,RSVP_first,122,46_6_161,CD,5,0.1683721100247728,0.8316278899752272,4
46,RSVP_first,123,46_6_162,VD,5,0.33253294803850375,0.6674670519614962,4
46,RSVP_first,125,46_6_164,VD,5,0.5203507274031904,0.4796492725968096,2
46,RSVP_first,126,46_6_165,VD,5,0.33845637264033346,0.6615436273596665,5
46,RSVP_first,127,46_6_166,VD,5,0.10831454106483032,0.8916854589351697,4
46,RSVP_first,130,46_6_169,VD,5,0.31733930874606775,0.6826606912539321,4
46,RSVP_first,131,46_6_170,CD,5,0.11054986312061586,0.8894501368793841,4
46,RSVP_first,132,46_6_171,CD,5,0.31907546223521954,0.6809245377647805,4
46,RSVP_first,133,46_6_172,VD,5,0.2846007411464555,0.7153992588535445,4
46,RSVP_first,134,46_6_173,CD,5,0.16737414021821037,0.8326258597817896,4
46,RSVP_first,135,46_6_174,CD,5,0.44181979361467827,0.5581802063853217,3
46,RSVP_first,136,46_6_175,CD,5,0.13503507148721833,0.8649649285127817,2
46,RSVP_first,137,46_6_176,VD,5,0.5188123160338092,0.4811876839661909,2
46,RSVP_first,138,46_6_177,CD,5,0.10118717813852734,0.8988128218614726,4
46,RSVP_first,139,46_6_178,VD,5,0.5595022223554065,0.44049777764459347,2
46,RSVP_first,140,46_6_179,CD,5,0.36352776563534345,0.6364722343646566,3
46,RSVP_first,141,46_6_180,VD,5,0.6558035946388981,0.34419640536110185,5
46,RSVP_first,142,46_6_181,VD,5,0.6631571230252175,0.33684287697478255,4
46,RSVP_first,143,46_6_182,CD,5,0.5879727951958664,0.4120272048041336,4
46,RSVP_first,145,46_6_186,VD,5,0.335043416350642,0.6649565836493581,4
46,RSVP_first,146,46_6_187,CD,5,0.5947121610962228,0.4052878389037772,4
46,RSVP_first,147,46_6_188,VD,5,0.10080801150909356,0.8991919884909064,4
46,RSVP_first,148,46_6_189,CD,5,0.31830991191385505,0.681690088086145,4
46,RSVP_first,149,46_6_190,VD,5,0.9973437113096354,0.0026562886903646215,2
46,RSVP_first,150,46_6_191,VD,5,0.09865143344851407,0.9013485665514859,3
46,RSVP_first,152,46_7_194,CD,6,0.5432607017182347,0.45673929828176535,3
46,RSVP_first,153,46_7_195,VD,6,0.092021477017425607,0.9079785229825744,3
46,RSVP_first,154,46_7_196,CD,6,0.10575720496958298,0.894242795030417,3
46,RSVP_first,155,46_7_197,VD,6,0.3234269652857824,0.6765730347142176,4
46,RSVP_first,156,46_7_198,VD,6,0.1055998931063087,0.8944001068936913,4
46,RSVP_first,157,46_7_199,VD,6,0.6112474590152036,0.38875254098479634,2
46,RSVP_first,158,46_7_200,CD,6,0.35569684874783625,0.6443031512521638,4
46,RSVP_first,159,46_7_201,VD,6,0.38996563830941666,0.6100343616905833,3
46,RSVP_first,160,46_7_202,VD,6,0.633070513239315,0.36692948676068504,4
46,RSVP_first,162,46_7_204,CD,6,0.17117906323786372,0.8288209367621363,4
46,RSVP_first,163,46_7_205,VD,6,0.1084852469867137,0.8915147530132863,3
46,RSVP_first,164,46_7_206,CD,6,0.6716347896678494,0.3283652103321506,6
46,RSVP_first,166,46_7_208,VD,6,0.40168869211230135,0.5983113078876987,4
46,RSVP_first,167,46_7_209,CD,6,0.6843285807014405,0.31567141929855946,4
46,RSVP_first,169,46_7_211,VD,6,0.11506811109940973,0.8849318889005903,4
46,RSVP_first,170,46_7_212,VD,6,0.2898639138167619,0.7101360861832382,4
46,RSVP_first,171,46_7_213,CD,6,0.1282101813943503,0.8717898186056496,4
46,RSVP_first,172,46_7_214,VD,6,0.12686643363833497,0.8731335663616651,4
46,RSVP_first,173,46_7_215,VD,6,0.10264528225414656,0.8973547177458534,3
46,RSVP_first,174,46_7_216,VD,6,0.5420655335908022,0.4579344664091977,2
46,RSVP_first,175,46_7_217,CD,6,0.3080079958883138,0.6919920041116863,5
46,RSVP_first,176,46_7_218,CD,6,0.10439805840494881,0.8956019415950511,4
46,RSVP_first,177,46_7_219,CD,6,0.09822571320332237,0.9017742867966776,4
46,RSVP_first,178,46_7_220,VD,6,0.3281268044387168,0.6718731955612832,4
46,RSVP_first,179,46_7_221,CD,6,0.6121673393900527,0.3878326606099472,5
46,RSVP_first,180,46_7_222,CD,6,0.31668784061216804,0.6833121593878321,4
46,RSVP_first,181,46_7_223,CD,6,0.7682856739410607,0.23171432605893924,2
46,RSVP_first,183,46_8_225,VD,7,0.5046891108795142,0.4953108891204858,6
46,RSVP_first,186,46_8_228,CD,7,0.42522733574642546,0.5747726642535745,5
46,RSVP_first,188,46_8_230,VD,7,0.516478947716138,0.48352105228386194,2
46,RSVP_first,189,46_8_231,CD,7,0.09943463432717374,0.9005653656728263,3
46,RSVP_first,190,46_8_232,CD,7,0.5508415788808503,0.4491584211191497,2
46,RSVP_first,191,46_8_233,CD,7,0.3180845375441428,0.6819154624558572,3
46,RSVP_first,192,46_8_234,CD,7,0.7952567785355327,0.20474322146446727,2
46,RSVP_first,193,46_8_236,VD,7,0.32336366553528423,0.6766363344647158,4
46,RSVP_first,194,46_8_237,VD,7,0.24091096799006861,0.7590890320099314,4
46,RSVP_first,195,46_8_238,VD,7,0.5335720715088241,0.46642792849117587,5
46,RSVP_first,196,46_8_239,CD,7,0.47817522249351757,0.5218247775064825,5
46,RSVP_first,198,46_8_242,VD,7,0.6240615893703059,0.3759384106296941,5
46,RSVP_first,199,46_8_244,CD,7,0.11919749973174047,0.8808025002682596,4
46,RSVP_first,200,46_8_245,CD,7,0.39508982988735225,0.6049101701126478,4
46,RSVP_first,201,46_8_246,CD,7,0.48908194270942523,0.5109180572905748,3
46,RSVP_first,202,46_8_247,VD,7,0.09563541012020003,0.9043645898798,3
46,RSVP_first,203,46_8_248,CD,7,0.3963664558721852,0.6036335441278148,3
46,RSVP_first,204,46_8_249,VD,7,0.7265946383543976,0.27340536164560236,4
46,RSVP_first,205,46_8_252,CD,7,0.31813004179379567,0.6818699582062043,4
46,RSVP_first,206,46_8_256,CD,7,0.30416953715189904,0.695830462848101,4
46,RSVP_first,207,46_9_257,VD,8,0.0906001778701145,0.9093998221298855,3
46,RSVP_first,208,46_9_258,VD,8,0.10269615525361273,0.8973038447463872,4
46,RSVP_first,209,46_9_259,VD,8,0.11117355309953705,0.8888264469004629,4
46,RSVP_first,210,46_9_260,VD,8,0.3502371582977803,0.6497628417022197,5
46,RSVP_first,211,46_9_261,CD,8,0.14610597877542453,0.8538940212245755,4
46,RSVP_first,212,46_9_262,VD,8,0.6565880519926086,0.3434119480073914,3
46,RSVP_first,213,46_9_263,CD,8,0.5174870786765591,0.48251292132344087,2
46,RSVP_first,214,46_9_264,CD,8,0.2314550994917116,0.7685449005082885,4
46,RSVP_first,216,46_9_266,CD,8,0.1089046737242779,0.8910953262757222,4
46,RSVP_first,217,46_9_267,CD,8,0.3238150177431861,0.676184982256814,4
46,RSVP_first,218,46_9_268,CD,8,0.17452558626500117,0.8254744137349989,3
46,RSVP_first,219,46_9_270,VD,8,0.7032741759282461,0.29672582407175385,3
46,RSVP_first,220,46_9_271,VD,8,0.3402847359793827,0.6597152640206173,4
46,RSVP_first,221,46_9_272,CD,8,0.38815272329251505,0.611847276707485,3
46,RSVP_first,222,46_9_273,VD,8,0.5233832945735377,0.4766167054264623,2
46,RSVP_first,223,46_9_274,CD,8,0.3388639578234899,0.6611360421765101,4
46,RSVP_first,224,46_9_275,VD,8,0.09981391143696886,0.9001860885630311,4
46,RSVP_first,225,46_9_276,VD,8,0.09663990870121013,0.9033600912987899,3
46,RSVP_first,227,46_9_278,CD,8,0.1319169143809455,0.8680830856190546,4
46,RSVP_first,229,46_9_280,CD,8,0.1337201383404732,0.8662798616595269,4
46,RSVP_first,231,46_9_282,VD,8,0.11783595633478884,0.8821640436652112,4
46,RSVP_first,232,46_9_283,CD,8,0.15206042709233228,0.8479395729076677,4
46,RSVP_first,233,46_9_284,CD,8,0.10478216724054921,0.8952178327594508,4
46,RSVP_first,234,46_9_285,VD,8,0.21904102700885555,0.7809589729911444,3
46,RSVP_first,235,46_9_286,CD,8,0.5211501890756763,0.47884981092432366,2
46,RSVP_first,236,46_9_287,VD,8,0.10641659868233261,0.8935834013176673,4
46,RSVP_first,237,46_9_288,CD,8,0.10242932469313172,0.8975706753068683,3
47,VST_first,1,47_2_33,CD,1,0.42521752348739006,0.5747824765126099,4
47,VST_first,2,47_2_34,VD,1,0.093952983905399,0.906047016094601,3
47,VST_first,3,47_2_35,CD,1,0.5305307013426568,0.46946929865734327,3
47,VST_first,4,47_2_36,CD,1,0.09938782746870763,0.9006121725312923,4
47,VST_first,6,47_2_38,VD,1,0.5211435143424554,0.4788564856575446,2
47,VST_first,7,47_2_39,CD,1,0.1622034790298274,0.8377965209701725,4
47,VST_first,8,47_2_40,VD,1,0.3827293502953597,0.6172706497046403,3
47,VST_first,9,47_2_41,VD,1,0.12332022550617751,0.8766797744938225,4
47,VST_first,10,47_2_42,VD,1,0.15130109343037754,0.8486989065696224,4
47,VST_first,11,47_2_43,VD,1,0.47241597579221817,0.5275840242077818,4
47,VST_first,13,47_2_45,VD,1,0.15494996114237009,0.84505003885763,3
47,VST_first,15,47_2_47,VD,1,0.3204792339910386,0.6795207660089615,4
47,VST_first,16,47_2_48,VD,1,0.17040128969853932,0.8295987103014607,5
47,VST_first,18,47_2_50,CD,1,0.5146006537234802,0.48539934627651976,2
47,VST_first,19,47_2_52,CD,1,0.4686306485138311,0.5313693514861688,3
47,VST_first,20,47_2_53,CD,1,0.45120928129726295,0.5487907187027371,5
47,VST_first,21,47_2_54,CD,1,0.25543018810334267,0.7445698118966573,4
47,VST_first,22,47_2_55,VD,1,0.517573493272362,0.4824265067276379,2
47,VST_first,23,47_2_56,CD,1,0.4122636910660137,0.5877363089339863,3
47,VST_first,24,47_2_57,VD,1,0.4412935246236387,0.5587064753763613,5
47,VST_first,25,47_2_58,VD,1,0.12567685849575239,0.8743231415042476,3
47,VST_first,26,47_2_59,CD,1,0.10887500865012854,0.8911249913498714,4
47,VST_first,27,47_2_60,CD,1,0.24258798783710786,0.7574120121628921,4
47,VST_first,29,47_2_62,CD,1,0.17163275070111167,0.8283672492988883,4
47,VST_first,30,47_2_63,VD,1,0.38011721801922776,0.6198827819807723,5
47,VST_first,31,47_2_64,CD,1,0.20266274437354126,0.7973372556264587,4
47,VST_first,32,47_3_65,VD,2,0.13928149809273255,0.8607185019072675,4
47,VST_first,33,47_3_66,VD,2,0.5143464270730403,0.4856535729269597,2
47,VST_first,34,47_3_67,CD,2,0.254823500528533,0.745176499471467,4
47,VST_first,35,47_3_68,CD,2,0.2042120242074032,0.7957879757925969,5
47,VST_first,36,47_3_69,CD,2,0.4217274669041321,0.5782725330958679,3
47,VST_first,37,47_3_70,CD,2,0.3222335056415443,0.6777664943584557,4
47,VST_first,38,47_3_71,VD,2,0.1773463339803893,0.8226536660196108,4
47,VST_first,39,47_3_72,VD,2,0.1667758129571451,0.833224187042855,4
47,VST_first,41,47_3_74,CD,2,0.18162926608689317,0.8183707339131068,5
47,VST_first,42,47_3_75,VD,2,0.34341365502242904,0.656586344977571,5
47,VST_first,43,47_3_76,VD,2,0.3297411118899788,0.6702588881100212,4
47,VST_first,44,47_3_78,CD,2,0.4257623281847762,0.5742376718152238,5
47,VST_first,45,47_3_79,CD,2,0.10599549022347485,0.8940045097765251,4
47,VST_first,46,47_3_80,VD,2,0.333088148027119,0.666911851972881,5
47,VST_first,47,47_3_81,CD,2,0.13590954406567524,0.8640904559343248,4
47,VST_first,48,47_3_82,CD,2,0.09745776863962344,0.9025422313603766,3
47,VST_first,51,47_3_85,VD,2,0.5199055486902573,0.4800944513097427,2
47,VST_first,52,47_3_86,CD,2,0.14892171763379355,0.8510782823662064,4
47,VST_first,53,47_3_87,VD,2,0.2976927936409402,0.7023072063590597,5
47,VST_first,55,47_3_89,VD,2,0.38049772324823594,0.6195022767517641,4
47,VST_first,56,47_3_90,CD,2,0.3301775951087376,0.6698224048912624,5
47,VST_first,57,47_3_91,VD,2,0.3836471981727491,0.6163528018272509,3
47,VST_first,58,47_3_92,CD,2,0.23267409888474652,0.7673259011152536,4
47,VST_first,59,47_3_93,VD,2,0.09756806555643,0.9024319344435701,4
47,VST_first,60,47_3_94,VD,2,0.15374845923494337,0.8462515407650566,4
47,VST_first,61,47_3_95,CD,2,0.3899865299519393,0.6100134700480606,3
47,VST_first,62,47_3_96,CD,2,0.5245862250948687,0.47541377490513126,2
47,VST_first,63,47_4_97,CD,3,0.26150109644323755,0.7384989035567625,5
47,VST_first,64,47_4_98,VD,3,0.10751156015750833,0.8924884398424917,4
47,VST_first,66,47_4_100,VD,3,0.39533438735120446,0.6046656126487955,4
47,VST_first,67,47_4_101,CD,3,0.13533497272862197,0.8646650272713781,4
47,VST_first,68,47_4_102,VD,3,0.3829063371224003,0.6170936628775997,3
47,VST_first,69,47_4_103,CD,3,0.1113960563776699,0.8886039436223301,4
47,VST_first,70,47_4_105,CD,3,0.10039487372535705,0.899605126274643,4
47,VST_first,71,47_4_106,VD,3,0.41860624045471734,0.5813937595452827,4
47,VST_first,73,47_4_108,VD,3,0.11515299409926276,0.8848470059007372,4
47,VST_first,74,47_4_109,CD,3,0.43854618673555007,0.56145381326445,4
47,VST_first,76,47_4_111,CD,3,0.5147736591067572,0.48522634089324274,2
47,VST_first,77,47_4_112,CD,3,0.09623002125568372,0.9037699787443163,3
47,VST_first,78,47_4_113,VD,3,0.5102411448245275,0.48975885517547246,3
47,VST_first,79,47_4_114,VD,3,0.6840249506583802,0.31597504934161974,3
47,VST_first,80,47_4_115,VD,3,0.10078525511879491,0.8992147448812051,4
47,VST_first,81,47_4_116,CD,3,0.3855704431675922,0.6144295568324079,3
47,VST_first,82,47_4_117,CD,3,0.3198010614425666,0.6801989385574334,4
47,VST_first,83,47_4_118,CD,3,0.6693691090424934,0.3306308909575066,3
47,VST_first,84,47_4_119,VD,3,0.10657745241798734,0.8934225475820127,4
47,VST_first,86,47_4_121,VD,3,0.32659741569195744,0.6734025843080426,4
47,VST_first,87,47_4_122,CD,3,0.4027842090873648,0.5972157909126352,3
47,VST_first,88,47_4_123,CD,3,0.1155248114832529,0.8844751885167471,4
47,VST_first,89,47_4_124,CD,3,0.22973901189348,0.77026098810652,5
47,VST_first,90,47_4_125,VD,3,0.23762439961263512,0.7623756003873648,4
47,VST_first,91,47_4_126,CD,3,0.20397594620307427,0.7960240537969258,4
47,VST_first,92,47_4_127,VD,3,0.3511322921688596,0.6488677078311403,5
47,VST_first,93,47_4_128,VD,3,0.5946219071908403,0.40537809280915976,3
47,VST_first,94,47_5_129,VD,4,0.18570018514501416,0.8142998148549858,5
47,VST_first,95,47_5_130,CD,4,0.16588960704067301,0.834110392959327,4
47,VST_first,96,47_5_131,CD,4,0.39769660839184484,0.6023033916081552,3
47,VST_first,97,47_5_132,CD,4,0.31979952562405556,0.6802004743759444,4
47,VST_first,98,47_5_133,CD,4,0.0995469492593469,0.9004530507406531,4
47,VST_first,99,47_5_134,VD,4,0.3348410026278963,0.6651589973721037,4
47,VST_first,101,47_5_136,VD,4,0.3922994501164359,0.607700549883564,3
47,VST_first,102,47_5_137,CD,4,0.12248872235303225,0.8775112776469678,4
47,VST_first,103,47_5_138,CD,4,0.6765317434539346,0.32346825654606537,3
47,VST_first,104,47_5_139,CD,4,0.2670622354607084,0.7329377645392916,5
47,VST_first,105,47_5_140,VD,4,0.5159435673658215,0.48405643263417847,2
47,VST_first,106,47_5_141,VD,4,0.13908464140140464,0.8609153585985954,4
47,VST_first,107,47_5_142,VD,4,0.3301048691712035,0.6698951308287965,4
47,VST_first,108,47_5_143,CD,4,0.1559789692519545,0.8440210307480456,4
47,VST_first,109,47_5_144,VD,4,0.3844650569050127,0.6155349430949872,3
47,VST_first,110,47_5_145,CD,4,0.10138301268160625,0.8986169873183938,3
47,VST_first,111,47_5_146,CD,4,0.5128120247156328,0.4871879752843672,5
47,VST_first,112,47_5_147,VD,4,0.5764306759285682,0.42356932407143166,3
47,VST_first,113,47_5_148,VD,4,0.17673334652451944,0.8232666534754807,4
47,VST_first,115,47_5_150,VD,4,0.33594458616492073,0.6640554138350793,5
47,VST_first,116,47_5_151,CD,4,0.45857375719934845,0.5414262428006515,4
47,VST_first,118,47_5_153,CD,4,0.6191802368161674,0.38081976318383254,3
47,VST_first,119,47_5_154,VD,4,0.25764956772737974,0.7423504322726203,5
47,VST_first,120,47_5_155,VD,4,0.11118615240427689,0.8888138475957231,3
47,VST_first,122,47_5_157,VD,4,0.328953375907839,0.671046624092161,4
47,VST_first,123,47_5_158,CD,4,0.22645273656174983,0.7735472634382501,4
47,VST_first,124,47_5_159,CD,4,0.11220164430282423,0.8877983556971758,4
47,VST_first,125,47_5_160,VD,4,0.09757340290898858,0.9024265970910114,4
47,VST_first,126,47_6_161,CD,5,0.5149142303259509,0.4850857696740492,2
47,VST_first,127,47_6_162,VD,5,0.23569793644922873,0.7643020635507713,5
47,VST_first,128,47_6_163,VD,5,0.39461147259575,0.60538852740425,5
47,VST_first,129,47_6_164,CD,5,0.3636865488953213,0.6363134511046786,5
47,VST_first,130,47_6_165,VD,5,0.27491320726826146,0.7250867927317386,4
47,VST_first,132,47_6_167,VD,5,0.10791952958776228,0.8920804704122377,3
47,VST_first,133,47_6_168,CD,5,0.2120933464714735,0.7879066535285264,5
47,VST_first,134,47_6_169,VD,5,0.2534867771356592,0.7465132228643407,4
47,VST_first,136,47_6_171,CD,5,0.38279218129282866,0.6172078187071713,3
47,VST_first,137,47_6_172,VD,5,0.31345155963641813,0.6865484403635819,5
47,VST_first,138,47_6_173,VD,5,0.42550595284964354,0.5744940471503563,4
47,VST_first,139,47_6_174,VD,5,0.16349743972969882,0.8365025602703012,4
47,VST_first,140,47_6_175,VD,5,0.3823383564685381,0.6176616435314619,3
47,VST_first,141,47_6_176,CD,5,0.2892840964932065,0.7107159035067936,4
47,VST_first,142,47_6_177,VD,5,0.651243986255167,0.34875601374483306,3
47,VST_first,143,47_6_178,CD,5,0.09940241679368009,0.9005975832063199,4
47,VST_first,144,47_6_180,CD,5,0.17799032769791256,0.8220096723020874,5
47,VST_first,145,47_6_181,CD,5,0.5187518160910537,0.4812481839089463,4
47,VST_first,147,47_6_184,VD,5,0.21700951411056604,0.7829904858894339,4
47,VST_first,148,47_6_185,CD,5,0.282041733110722,0.7179582668892779,5
47,VST_first,150,47_6_187,VD,5,0.5149142303259509,0.4850857696740492,2
47,VST_first,151,47_6_188,VD,5,0.14353153276643832,0.8564684672335616,4
47,VST_first,152,47_6_189,CD,5,0.6581706788760371,0.341829321123963,3
47,VST_first,153,47_6_190,CD,5,0.5136992225936872,0.4863007774063129,5
47,VST_first,154,47_6_191,CD,5,0.31987947415320817,0.6801205258467918,4
47,VST_first,155,47_6_192,CD,5,0.2586433495660082,0.7413566504339918,4
47,VST_first,156,47_7_193,VD,6,0.4326877576789224,0.5673122423210776,4
47,VST_first,157,47_7_194,CD,6,0.22234061579035588,0.7776593842096441,5
47,VST_first,158,47_7_195,CD,6,0.4738798688795838,0.5261201311204162,4
47,VST_first,159,47_7_196,VD,6,0.3256625986335161,0.6743374013664839,4
47,VST_first,161,47_7_198,CD,6,0.11758728330728711,0.8824127166927129,4
47,VST_first,163,47_7_200,VD,6,0.09826030613944334,0.9017396938605566,4
47,VST_first,164,47_7_201,VD,6,0.15233714098171303,0.847662859018287,4
47,VST_first,165,47_7_202,VD,6,0.2081631067724385,0.7918368932275615,4
47,VST_first,167,47_7_204,VD,6,0.5564616408855312,0.44353835911446876,3
47,VST_first,168,47_7_205,VD,6,0.10366815934114101,0.896331840658859,4
47,VST_first,169,47_7_206,VD,6,0.17916811811319425,0.8208318818868058,5
47,VST_first,170,47_7_207,VD,6,0.32849602546000045,0.6715039745399995,5
47,VST_first,171,47_7_208,CD,6,0.6770607006836742,0.32293929931632587,3
47,VST_first,172,47_7_209,VD,6,0.17548938163477268,0.8245106183652273,4
47,VST_first,173,47_7_210,CD,6,0.1872130933278199,0.8127869066721801,5
47,VST_first,175,47_7_212,VD,6,0.31671637292182686,0.6832836270781733,4
47,VST_first,176,47_7_213,CD,6,0.1083561297225056,0.8916438702774944,4
47,VST_first,177,47_7_214,CD,6,0.13237789494679356,0.8676221050532065,4
47,VST_first,178,47_7_215,VD,6,0.5143140658479859,0.4856859341520141,2
47,VST_first,179,47_7_216,CD,6,0.6625814180886318,0.33741858191136814,3
47,VST_first,180,47_7_217,VD,6,0.10244128323743745,0.8975587167625625,4
47,VST_first,181,47_7_218,CD,6,0.37524443409690966,0.6247555659030903,4
47,VST_first,182,47_7_219,CD,6,0.20955138391878192,0.7904486160812181,4
47,VST_first,183,47_7_220,CD,6,0.18505211476097322,0.8149478852390268,4
47,VST_first,184,47_7_221,VD,6,0.4883802360524706,0.5116197639475294,5
47,VST_first,185,47_7_222,CD,6,0.1996330837645382,0.8003669162354619,4
47,VST_first,186,47_7_223,CD,6,0.15647205681168566,0.8435279431883144,5
47,VST_first,187,47_7_224,CD,6,0.18454105212316538,0.8154589478768346,4
47,VST_first,188,47_8_225,VD,7,0.4505308558897659,0.5494691441102342,5
47,VST_first,189,47_8_226,VD,7,0.22042082472169858,0.7795791752783015,5
47,VST_first,190,47_8_227,CD,7,0.4538075587755003,0.5461924412244997,3
47,VST_first,191,47_8_228,VD,7,0.5046090756544805,0.49539092434551946,4
47,VST_first,192,47_8_229,CD,7,0.3151170202073421,0.6848829797926579,4
47,VST_first,193,47_8_230,VD,7,0.2964563280731364,0.7035436719268636,5
47,VST_first,194,47_8_231,CD,7,0.11186437203168814,0.8881356279683119,4
47,VST_first,195,47_8_232,VD,7,0.5164978493871855,0.4835021506128145,2
47,VST_first,196,47_8_233,VD,7,0.3914562383147149,0.6085437616852851,3
47,VST_first,197,47_8_234,VD,7,0.10648201236340457,0.8935179876365954,4
47,VST_first,198,47_8_235,VD,7,0.27511491391919346,0.7248850860808065,5
47,VST_first,199,47_8_236,VD,7,0.2951299711536137,0.7048700288463863,5
47,VST_first,200,47_8_237,CD,7,0.4354352052619894,0.5645647947380106,4
47,VST_first,201,47_8_238,CD,7,0.38255918344206713,0.6174408165579328,5
47,VST_first,203,47_8_240,VD,7,0.5139633134735144,0.4860366865264855,2
47,VST_first,205,47_8_242,VD,7,0.3185188361357893,0.6814811638642106,4
47,VST_first,206,47_8_243,VD,7,0.554680491805221,0.44531950819477895,4
47,VST_first,207,47_8_244,CD,7,0.10106793158952038,0.8989320684104796,4
47,VST_first,208,47_8_245,CD,7,0.24541056424655266,0.7545894357534473,4
47,VST_first,209,47_8_246,CD,7,0.17236518115081872,0.8276348188491813,4
47,VST_first,210,47_8_247,VD,7,0.15677610323093089,0.8432238967690691,4
47,VST_first,211,47_8_248,VD,7,0.383470269776077,0.616529730223923,3
47,VST_first,212,47_8_249,CD,7,0.11043468626508639,0.8895653137349135,4
47,VST_first,213,47_8_250,CD,7,0.1023906345904944,0.8976093654095056,4
47,VST_first,214,47_8_251,CD,7,0.3223431777682634,0.6776568222317366,5
47,VST_first,215,47_8_252,CD,7,0.3823478077603628,0.6176521922396372,3
47,VST_first,218,47_8_255,VD,7,0.11068291555254835,0.8893170844474516,4
47,VST_first,219,47_8_256,CD,7,0.10970538096040018,0.8902946190395998,4
47,VST_first,220,47_9_257,VD,8,0.18710630317752094,0.812893696822479,5
47,VST_first,221,47_9_258,CD,8,0.5115000108314657,0.4884999891685343,3
47,VST_first,222,47_9_259,VD,8,0.38445721021167,0.61554278978833,3
47,VST_first,223,47_9_260,VD,8,0.2180710670872697,0.7819289329127304,5
47,VST_first,224,47_9_261,CD,8,0.2865653071263542,0.7134346928736458,5
47,VST_first,225,47_9_262,CD,8,0.4587438346780217,0.5412561653219783,4
47,VST_first,226,47_9_263,CD,8,0.28700699890908965,0.71299300109091035,5
47,VST_first,227,47_9_264,VD,8,0.4692343556418855,0.5307656443581146,5
47,VST_first,228,47_9_265,VD,8,0.23557730160330723,0.7644226983966927,5
47,VST_first,230,47_9_267,VD,8,0.5149142303259509,0.4850857696740492,2
47,VST_first,231,47_9_268,CD,8,0.28757591626917306,0.7124240837308269,5
47,VST_first,232,47_9_269,CD,8,0.6120211524023962,0.3879788475976038,2
47,VST_first,234,47_9_271,VD,8,0.9728148253949835,0.027185174605016363,2
47,VST_first,235,47_9_273,CD,8,0.9909638966967227,0.009036103303277244,2
47,VST_first,236,47_9_274,VD,8,0.13678398803812833,0.8632160119618717,4
47,VST_first,237,47_9_275,CD,8,0.13355713816484058,0.8664428618351594,2
47,VST_first,238,47_9_276,CD,8,0.5939590852100154,0.4060409147899846,3
47,VST_first,239,47_9_277,CD,8,0.3305994758332691,0.6694005241667309,4
47,VST_first,240,47_9_278,VD,8,0.45631599563713227,0.5436840043628678,5
47,VST_first,241,47_9_279,VD,8,0.282563592677805,0.7174364073221949,5
47,VST_first,243,47_9_281,CD,8,0.10405262299832013,0.8959473770016799,4
47,VST_first,244,47_9_282,VD,8,0.29892450203596155,0.7010754979640385,5
47,VST_first,245,47_9_283,CD,8,0.28814458072942695,0.711855419270573,5
47,VST_first,246,47_9_284,VD,8,0.220293288250498,0.779706711749502,4
47,VST_first,248,47_9_286,VD,8,0.3905481717639349,0.6094518282360651,3
47,VST_first,249,47_9_287,CD,8,0.19803059034762835,0.8019694096523716,4
47,VST_first,250,47_9_288,CD,8,0.10217915013992981,0.8978208498600702,4
48,RSVP_first,1,48_2_33,CD,1,0.32406006751891425,0.6759399324810857,4
48,RSVP_first,2,48_2_35,CD,1,0.10475545961865734,0.8952445403813427,4
48,RSVP_first,3,48_2_36,CD,1,0.22197057207096493,0.7780294279290351,4
48,RSVP_first,4,48_2_37,VD,1,0.09709637189300482,0.9029036281069952,3
48,RSVP_first,5,48_2_38,VD,1,0.09932880680092301,0.900671193199077,3
48,RSVP_first,6,48_2_39,CD,1,0.11160308845466874,0.8883969115453313,3
48,RSVP_first,7,48_2_40,CD,1,0.10776940433438517,0.8922305956656148,4
48,RSVP_first,8,48_2_41,CD,1,0.4005655498206428,0.5994344501793571,3
48,RSVP_first,9,48_2_42,CD,1,0.1616008924417484,0.8383991075582516,2
48,RSVP_first,10,48_2_43,VD,1,0.5231004658715331,0.47689953412846686,2
48,RSVP_first,11,48_2_44,VD,1,0.09591810689252038,0.9040818931074796,3
48,RSVP_first,12,48_2_45,CD,1,0.3947819183543271,0.6052180816456729,3
48,RSVP_first,13,48_2_46,VD,1,0.39641344536577006,0.60358655463423,2
48,RSVP_first,14,48_2_47,VD,1,0.09629039374809961,0.9037096062519004,3
48,RSVP_first,15,48_2_48,VD,1,0.09453538212404838,0.9054646178759517,3
48,RSVP_first,16,48_2_49,CD,1,0.16529480559196355,0.8347051944080365,3
48,RSVP_first,18,48_2_51,VD,1,0.4235554971967399,0.5764445028032601,3
48,RSVP_first,19,48_2_52,CD,1,0.390490291535172,0.609509708464828,3
48,RSVP_first,21,48_2_54,CD,1,0.12955870102308045,0.8704412989769196,3
48,RSVP_first,22,48_2_56,VD,1,0.31851535448961793,0.681484645510382,4
48,RSVP_first,23,48_2_57,CD,1,0.3080948972695868,0.6919051027304132,4
48,RSVP_first,26,48_2_60,VD,1,0.3854016960082115,0.6145983039917885,3
48,RSVP_first,27,48_2_61,VD,1,0.3993654941173431,0.6006345058826569,3
48,RSVP_first,28,48_2_62,VD,1,0.3860606164694489,0.6139393835305511,3
48,RSVP_first,29,48_2_63,CD,1,0.19095453962672618,0.8090454603732739,4
48,RSVP_first,30,48_2_64,CD,1,0.5994036366914003,0.40059636330859966,3
48,RSVP_first,31,48_3_65,CD,2,0.6409944780335678,0.35900552196643215,3
48,RSVP_first,32,48_3_66,VD,2,0.10658870831314654,0.8934112916868534,4
48,RSVP_first,33,48_3_67,CD,2,0.38600602289801195,0.613993977101988,3
48,RSVP_first,35,48_3_69,CD,2,0.38771326082251983,0.6122867391774802,3
48,RSVP_first,36,48_3_70,CD,2,0.18104653453947786,0.8189534654605222,3
48,RSVP_first,37,48_3_71,VD,2,0.5138752579390036,0.48612474206099643,2
48,RSVP_first,38,48_3_72,CD,2,0.9103967124267061,0.08960328757329397,2
48,RSVP_first,39,48_3_73,VD,2,0.1016096738266113,0.8983903261733888,3
48,RSVP_first,40,48_3_74,CD,2,0.3225502195033404,0.6774497804966597,4
48,RSVP_first,41,48_3_75,CD,2,0.10468787231976123,0.8953121276802388,3
48,RSVP_first,42,48_3_76,VD,2,0.10145436980021867,0.8985456301997813,4
48,RSVP_first,43,48_3_77,CD,2,0.12231858252509191,0.877681417474908,3
48,RSVP_first,44,48_3_78,VD,2,0.2856944066843016,0.7143055933156983,4
48,RSVP_first,45,48_3_79,VD,2,0.24837038943320397,0.751629610566796,4
48,RSVP_first,46,48_3_80,VD,2,0.32190316490564236,0.6780968350943576,4
48,RSVP_first,47,48_3_81,CD,2,0.09984147997923559,0.9001585200207644,3
48,RSVP_first,48,48_3_82,VD,2,0.3839320195285604,0.6160679804714396,3
48,RSVP_first,49,48_3_83,VD,2,0.11852004132361561,0.8814799586763843,3
48,RSVP_first,50,48_3_84,VD,2,0.5144335918498427,0.4855664081501573,2
48,RSVP_first,51,48_3_85,VD,2,0.1618430907089704,0.8381569092910297,4
48,RSVP_first,52,48_3_86,CD,2,0.5140328213632861,0.48596717863671385,2
48,RSVP_first,53,48_3_87,VD,2,0.1788836352655309,0.821116364734469,3
48,RSVP_first,54,48_3_88,CD,2,0.12101087477252448,0.8789891252274755,3
48,RSVP_first,55,48_3_89,CD,2,0.09396023337879024,0.9060397666212098,3
48,RSVP_first,56,48_3_90,CD,2,0.1217821092932946,0.8782178907067054,3
48,RSVP_first,57,48_3_91,CD,2,0.11672825336756583,0.8832717466324342,4
48,RSVP_first,58,48_3_92,VD,2,0.1485071698015945,0.8514928301984055,3
48,RSVP_first,59,48_3_93,VD,2,0.12244567238229001,0.8775543276177099,4
48,RSVP_first,62,48_3_96,VD,2,0.4390576036860365,0.5609423963139635,4
48,RSVP_first,63,48_4_97,VD,3,0.5822202782292367,0.4177797217707633,3
48,RSVP_first,64,48_4_99,VD,3,0.5149666392968578,0.4850333607031422,2
48,RSVP_first,65,48_4_100,CD,3,0.40015461293418425,0.5998453870658158,3
48,RSVP_first,66,48_4_101,CD,3,0.09761394022481887,0.9023860597751812,4
48,RSVP_first,67,48_4_102,CD,3,0.5345553009300075,0.46544469906999253,2
48,RSVP_first,68,48_4_103,VD,3,0.3231570418437456,0.6768429581562544,4
48,RSVP_first,69,48_4_104,VD,3,0.5146213042955881,0.48537869570441194,2
48,RSVP_first,70,48_4_105,CD,3,0.14211640177430943,0.8578835982256906,3
48,RSVP_first,71,48_4_106,VD,3,0.0990934188324754,0.9009065811675246,4
48,RSVP_first,72,48_4_107,VD,3,0.1105844968029569,0.8894155031970431,4
48,RSVP_first,73,48_4_108,CD,3,0.4055623351498636,0.5944376648501363,3
48,RSVP_first,74,48_4_109,VD,3,0.3645535104680534,0.6354464895319466,3
48,RSVP_first,75,48_4_110,CD,3,0.23141865777183995,0.7685813422281601,4
48,RSVP_first,76,48_4_111,CD,3,0.31921916227315805,0.6807808377268418,4
48,RSVP_first,77,48_4_112,VD,3,0.3178801633195993,0.6821198366804007,4
48,RSVP_first,78,48_4_113,CD,3,0.39336524317254024,0.6066347568274598,3
48,RSVP_first,79,48_4_114,CD,3,0.19808463513111102,0.801915364868889,3
48,RSVP_first,80,48_4_115,VD,3,0.43317976442919537,0.5668202355708046,4
48,RSVP_first,81,48_4_116,CD,3,0.09861495451725287,0.9013850454827471,3
48,RSVP_first,82,48_4_117,VD,3,0.22961355881887444,0.7703864411811256,3
48,RSVP_first,83,48_4_118,VD,3,0.19593718580939828,0.8040628141906018,2
48,RSVP_first,84,48_4_119,CD,3,0.12882374641349575,0.8711762535865043,4
48,RSVP_first,85,48_4_121,VD,3,0.10402765363475634,0.8959723463652436,4
48,RSVP_first,86,48_4_122,CD,3,0.09325351490318276,0.9067464850968172,3
48,RSVP_first,87,48_4_123,CD,3,0.08921815873430501,0.9107818412656951,3
48,RSVP_first,88,48_4_124,VD,3,0.09346428261081992,0.90653571738918,3
48,RSVP_first,89,48_4_125,VD,3,0.3735626723152664,0.6264373276847336,4
48,RSVP_first,91,48_4_127,VD,3,0.11018736585539184,0.8898126341446081,4
48,RSVP_first,92,48_4_128,CD,3,0.6767378295716168,0.32326217042838323,3
48,RSVP_first,93,48_5_129,VD,4,0.149093247718729,0.850906752281271,3
48,RSVP_first,94,48_5_130,CD,4,0.09765668974073857,0.9023433102592614,4
48,RSVP_first,95,48_5_131,VD,4,0.32768373328707706,0.672316266712923,3
48,RSVP_first,96,48_5_132,VD,4,0.31972174504490747,0.6802782549550926,4
48,RSVP_first,98,48_5_134,CD,4,0.39451915099506285,0.6054808490049371,3
48,RSVP_first,99,48_5_135,VD,4,0.08885669454639325,0.9111433054536068,3
48,RSVP_first,100,48_5_136,VD,4,0.20313492654351165,0.7968650734564884,4
48,RSVP_first,101,48_5_137,CD,4,0.5193835139378327,0.4806164860621674,2
48,RSVP_first,102,48_5_138,VD,4,0.10260059213049907,0.8973994078695009,4
48,RSVP_first,103,48_5_139,CD,4,0.09454300651120819,0.9054569934887918,3
48,RSVP_first,104,48_5_140,VD,4,0.4077652548356754,0.5922347451643246,3
48,RSVP_first,105,48_5_141,VD,4,0.14345658475607675,0.8565434152439233,4
48,RSVP_first,106,48_5_142,CD,4,0.11017460512261099,0.889825394877389,4
48,RSVP_first,107,48_5_143,VD,4,0.1131214612754812,0.8868785387245188,4
48,RSVP_first,109,48_5_146,VD,4,0.3192084988367465,0.6807915011632535,4
48,RSVP_first,110,48_5_147,CD,4,0.09436384302858279,0.9056361569714172,3
48,RSVP_first,111,48_5_148,CD,4,0.3837865231283911,0.6162134768716089,3
48,RSVP_first,112,48_5_149,CD,4,0.38884282453810626,0.6111571754618937,3
48,RSVP_first,113,48_5_150,VD,4,0.4028135422569065,0.5971864577430934,4
48,RSVP_first,114,48_5_151,CD,4,0.11778578484727142,0.8822142151527286,4
48,RSVP_first,116,48_5_153,CD,4,0.09791331526020353,0.9020866847397965,4
48,RSVP_first,117,48_5_154,CD,4,0.3986972826135212,0.6013027173864788,3
48,RSVP_first,118,48_5_155,CD,4,0.6796929867848484,0.3203070132151517,3
48,RSVP_first,119,48_5_156,CD,4,0.12492042003859141,0.8750795799614086,4
48,RSVP_first,120,48_5_157,CD,4,0.09828776370060513,0.9017122362993949,4
48,RSVP_first,121,48_5_158,VD,4,0.5161608595279391,0.48383914047206095,2
48,RSVP_first,122,48_5_159,VD,4,0.09284906482068472,0.9071509351793153,3
48,RSVP_first,123,48_5_160,VD,4,0.5188123160338092,0.4811876839661909,2
48,RSVP_first,124,48_6_161,CD,5,0.10887733255383793,0.8911226674461621,4
48,RSVP_first,125,48_6_162,CD,5,0.38263637081474605,0.617363629185254,3
48,RSVP_first,126,48_6_163,VD,5,0.5148926477333505,0.48510735226664947,2
48,RSVP_first,127,48_6_164,CD,5,0.387524330534701,0.6124756694652991,3
48,RSVP_first,128,48_6_165,VD,5,0.38614618440455023,0.6138538155954497,3
48,RSVP_first,129,48_6_166,CD,5,0.10320584286276707,0.8967941571372329,4
48,RSVP_first,130,48_6_167,CD,5,0.11848289265588668,0.8815171073441134,4
48,RSVP_first,131,48_6_168,VD,5,0.18701076735433428,0.8129892326456657,4
48,RSVP_first,132,48_6_169,CD,5,0.09527248838897404,0.9047275116110259,3
48,RSVP_first,133,48_6_170,CD,5,0.5139633134735144,0.4860366865264855,2
48,RSVP_first,134,48_6_171,VD,5,0.3881070516792877,0.6118929483207123,3
48,RSVP_first,135,48_6_172,CD,5,0.10994923591060426,0.8900507640893958,3
48,RSVP_first,136,48_6_173,VD,5,0.18075041220929977,0.8192495877907002,4
48,RSVP_first,137,48_6_174,CD,5,0.5351998367325456,0.4648001632674544,3
48,RSVP_first,138,48_6_175,VD,5,0.5139792976138002,0.4860207023861998,2
48,RSVP_first,139,48_6_176,VD,5,0.21228704544884744,0.7877129545511525,4
48,RSVP_first,140,48_6_177,VD,5,0.49203305248280754,0.5079669475171924,4
48,RSVP_first,141,48_6_178,VD,5,0.4255051881796631,0.5744948118203369,2
48,RSVP_first,142,48_6_179,VD,5,0.28972411210378335,0.7102758878962167,4
48,RSVP_first,143,48_6_180,CD,5,0.41449606529775085,0.5855039347022492,4
48,RSVP_first,145,48_6_182,CD,5,0.3871658484296817,0.6128341515703183,3
48,RSVP_first,147,48_6_184,CD,5,0.5007810176023676,0.49921898239763235,4
48,RSVP_first,148,48_6_185,VD,5,0.11982689160495728,0.8801731083950427,4
48,RSVP_first,149,48_6_186,VD,5,0.11694992650108546,0.8830500734989146,4
48,RSVP_first,150,48_6_187,CD,5,0.0930666217999022,0.9069333782000978,3
48,RSVP_first,151,48_6_188,VD,5,0.1072822482359986,0.8927177517640014,3
48,RSVP_first,152,48_6_189,VD,5,0.3391795484393418,0.6608204515606583,3
48,RSVP_first,153,48_6_190,VD,5,0.13146885439938327,0.8685311456006167,3
48,RSVP_first,154,48_6_191,VD,5,0.6638169770751616,0.3361830229248383,3
48,RSVP_first,156,48_7_193,CD,6,0.09416634530274255,0.9058336546972574,3
48,RSVP_first,158,48_7_195,VD,6,0.11348016315863646,0.8865198368413636,4
48,RSVP_first,160,48_7_197,VD,6,0.09724869193100856,0.9027513080689915,4
48,RSVP_first,161,48_7_198,VD,6,0.11676370599017008,0.88323629400983,4
48,RSVP_first,162,48_7_199,VD,6,0.40665207821377025,0.5933479217862297,3
48,RSVP_first,163,48_7_200,CD,6,0.3834219842483634,0.6165780157516366,3
48,RSVP_first,164,48_7_201,VD,6,0.10115758119069447,0.8988424188093056,3
48,RSVP_first,165,48_7_202,CD,6,0.10032031657623171,0.8996796834237684,4
48,RSVP_first,166,48_7_203,VD,6,0.5146006537234802,0.48539934627651976,2
48,RSVP_first,168,48_7_205,VD,6,0.11067069754580466,0.8893293024541953,3
48,RSVP_first,169,48_7_206,CD,6,0.1265375163819207,0.8734624836180793,3
48,RSVP_first,170,48_7_207,CD,6,0.22897278957840633,0.7710272104215936,4
48,RSVP_first,171,48_7_208,CD,6,0.13407740464904136,0.8659225953509586,4
48,RSVP_first,172,48_7_209,CD,6,0.5193835139378327,0.4806164860621674,2
48,RSVP_first,173,48_7_210,CD,6,0.5229881684084404,0.4770118315915596,2
48,RSVP_first,174,48_7_211,VD,6,0.32343088670643444,0.6765691132935656,4
48,RSVP_first,175,48_7_212,VD,6,0.13025169287781135,0.8697483071221886,4
48,RSVP_first,176,48_7_213,CD,6,0.48180645251908594,0.5181935474809141,3
48,RSVP_first,177,48_7_214,VD,6,0.16395780504302368,0.8360421949569764,3
48,RSVP_first,178,48_7_215,CD,6,0.27287910406835963,0.7271208959316404,3
48,RSVP_first,179,48_7_216,CD,6,0.11040982401872537,0.8895901759812747,3
48,RSVP_first,181,48_7_218,VD,6,0.5532739660470061,0.4467260339529938,2
48,RSVP_first,182,48_7_219,VD,6,0.1093944113898355,0.8906055886101645,3
48,RSVP_first,183,48_7_220,CD,6,0.1447780740259718,0.8552219259740282,3
48,RSVP_first,184,48_7_222,VD,6,0.5148926477333505,0.48510735226664947,2
48,RSVP_first,185,48_7_223,CD,6,0.1976770422334772,0.8023229577665227,4
48,RSVP_first,186,48_7_224,VD,6,0.6391091248097331,0.36089087519026697,2
48,RSVP_first,187,48_8_225,CD,7,0.11804927990713884,0.8819507200928611,4
48,RSVP_first,188,48_8_226,VD,7,0.5626054044089683,0.43739459559103167,3
48,RSVP_first,189,48_8_227,VD,7,0.31454868632968863,0.6854513136703113,4
48,RSVP_first,190,48_8_228,CD,7,0.5140328213632861,0.48596717863671385,2
48,RSVP_first,192,48_8_230,CD,7,0.30783245331383213,0.6921675466861679,4
48,RSVP_first,193,48_8_231,CD,7,0.4620433774911866,0.5379566225088134,4
48,RSVP_first,194,48_8_232,VD,7,0.318939613180091,0.681060386819909,4
48,RSVP_first,197,48_8_235,CD,7,0.11904943477034305,0.8809505652296569,3
48,RSVP_first,198,48_8_236,VD,7,0.29282511501060554,0.7071748849893944,4
48,RSVP_first,199,48_8_237,VD,7,0.3927611205084196,0.6072388794915804,4
48,RSVP_first,200,48_8_238,CD,7,0.34234038891219326,0.6576596110878068,4
48,RSVP_first,201,48_8_239,CD,7,0.25569705827368033,0.7443029417263197,3
48,RSVP_first,202,48_8_240,VD,7,0.20820237829135818,0.7917976217086419,3
48,RSVP_first,203,48_8_241,CD,7,0.11508572788958447,0.8849142721104155,4
48,RSVP_first,204,48_8_242,CD,7,0.15927824150819195,0.8407217584918081,5
48,RSVP_first,206,48_8_244,VD,7,0.10841703058143487,0.8915829694185652,4
48,RSVP_first,207,48_8_246,CD,7,0.5156678928186312,0.48433210718136877,2
48,RSVP_first,208,48_8_247,CD,7,0.10857254181104072,0.8914274581889593,4
48,RSVP_first,209,48_8_248,VD,7,0.5188123160338092,0.4811876839661909,2
48,RSVP_first,210,48_8_249,VD,7,0.24663221132339683,0.7533677886766031,3
48,RSVP_first,211,48_8_250,CD,7,0.10442594098282477,0.8955740590171752,3
48,RSVP_first,212,48_8_251,CD,7,0.3850257473748139,0.6149742526251861,3
48,RSVP_first,213,48_8_253,VD,7,0.22080345374055055,0.7791965462594495,4
48,RSVP_first,214,48_8_254,VD,7,0.17819689101617442,0.8218031089838256,3
48,RSVP_first,215,48_8_255,CD,7,0.5140328213632861,0.48596717863671385,2
48,RSVP_first,216,48_8_256,CD,7,0.5348966181617116,0.4651033818382884,4
48,RSVP_first,217,48_9_257,CD,8,0.6725974449380759,0.32740255506192406,3
48,RSVP_first,218,48_9_258,VD,8,0.5151798071594968,0.4848201928405031,2
48,RSVP_first,219,48_9_259,VD,8,0.3184704277540832,0.6815295722459168,4
48,RSVP_first,221,48_9_261,VD,8,0.5223043090334281,0.47769569096657194,2
48,RSVP_first,222,48_9_262,VD,8,0.3312645065180737,0.6687354934819263,4
48,RSVP_first,223,48_9_263,CD,8,0.32769164005919194,0.6723083599408081,4
48,RSVP_first,225,48_9_265,CD,8,0.09817172824941574,0.9018282717505843,4
48,RSVP_first,227,48_9_267,CD,8,0.5144474797559201,0.48555252024407997,2
48,RSVP_first,228,48_9_268,CD,8,0.28718169443498787,0.7128183055650121,4
48,RSVP_first,229,48_9_269,CD,8,0.38251602183628786,0.6174839781637121,3
48,RSVP_first,230,48_9_270,CD,8,0.33758077701477546,0.6624192229852245,4
48,RSVP_first,231,48_9_271,VD,8,0.1293628461759745,0.8706371538240255,4
48,RSVP_first,233,48_9_273,CD,8,0.32509075803643317,0.6749092419635667,4
48,RSVP_first,234,48_9_274,CD,8,0.5333009936415032,0.46669900635849676,4
48,RSVP_first,235,48_9_275,CD,8,0.11865478313469427,0.8813452168653058,4
48,RSVP_first,236,48_9_276,CD,8,0.5366211744209561,0.4633788255790439,3
48,RSVP_first,237,48_9_277,CD,8,0.3912883956631627,0.6087116043368372,3
48,RSVP_first,238,48_9_278,CD,8,0.5280515536310701,0.47194844636892985,2
48,RSVP_first,239,48_9_279,VD,8,0.5141301019086996,0.48586989809130043,2
48,RSVP_first,240,48_9_280,VD,8,0.3557685314622457,0.6442314685377544,4
48,RSVP_first,241,48_9_281,CD,8,0.1945960839519449,0.8054039160480552,4
48,RSVP_first,242,48_9_282,VD,8,0.09786557353248082,0.9021344264675192,3
48,RSVP_first,243,48_9_283,VD,8,0.0919368835316757,0.9080631164683243,3
48,RSVP_first,244,48_9_284,VD,8,0.5074356204771594,0.4925643795228406,4
48,RSVP_first,245,48_9_285,VD,8,0.30024818286528265,0.6997518171347173,4
48,RSVP_first,246,48_9_286,VD,8,0.10526522499636883,0.8947347750036312,4
48,RSVP_first,247,48_9_287,VD,8,0.21744973415303137,0.7825502658469686,3
48,RSVP_first,248,48_9_288,VD,8,0.3297304232547462,0.6702695767452538,4
