subjnum,TaskOrder,block_Norm,trial,trial_num,trial_id,condition,p_efficient,p_engaged,n_fix
1,1,1,34,2,1_2_34,VD,0.4701213553536622,0.5298786446463378,5
1,1,1,35,3,1_2_35,CD,0.11907180793883893,0.880928192061161,3
1,1,1,36,4,1_2_36,VD,0.11781883978768927,0.8821811602123107,4
1,1,1,37,5,1_2_37,VD,0.5180700328528033,0.4819299671471967,2
1,1,1,38,6,1_2_38,CD,0.1495135840484447,0.8504864159515553,4
1,1,1,39,7,1_2_39,VD,0.31899864956265006,0.68100135043735,4
1,1,1,40,8,1_2_40,CD,0.5880473398609489,0.411952660139051,4
1,1,1,41,9,1_2_41,VD,0.3379577242659846,0.6620422757340154,4
1,1,1,42,10,1_2_42,CD,0.23064278010628567,0.7693572198937143,3
1,1,1,43,11,1_2_43,CD,0.3856611297973248,0.6143388702026752,5
1,1,1,45,12,1_2_45,VD,0.12968548080746622,0.8703145191925338,3
1,1,1,46,13,1_2_46,CD,0.12468326953498576,0.8753167304650142,4
1,1,1,47,14,1_2_47,VD,0.39374095677121546,0.6062590432287844,3
1,1,1,48,15,1_2_48,VD,0.3811294607240622,0.6188705392759378,4
1,1,1,49,16,1_2_49,CD,0.5905747882911225,0.40942521170887747,4
1,1,1,50,17,1_2_50,CD,0.5481572903308894,0.45184270966911055,3
1,1,1,51,18,1_2_51,VD,0.5262503545619117,0.4737496454380883,3
1,1,1,52,19,1_2_52,CD,0.12058629263151713,0.8794137073684829,3
1,1,1,55,22,1_2_55,CD,0.40323764654832395,0.596762353451676,4
1,1,1,56,23,1_2_56,CD,0.4718103836245429,0.5281896163754571,4
1,1,1,57,24,1_2_57,VD,0.13456097788444354,0.8654390221155565,4
1,1,1,58,25,1_2_58,VD,0.34903158216234353,0.6509684178376565,5
1,1,1,59,26,1_2_59,CD,0.3085188218774175,0.6914811781225825,4
1,1,1,60,27,1_2_60,VD,0.16083995354558064,0.8391600464544193,4
1,1,1,61,28,1_2_61,VD,0.3360217273287949,0.6639782726712051,4
1,1,1,62,29,1_2_62,CD,0.11259101412410967,0.8874089858758903,4
1,1,1,63,30,1_2_63,CD,0.5145284173108647,0.48547158268913526,2
1,1,1,64,31,1_2_64,VD,0.14869624153235464,0.8513037584676454,4
1,1,2,65,32,1_3_65,VD,0.7239318718427294,0.27606812815727055,4
1,1,2,66,33,1_3_66,CD,0.16979530096893877,0.8302046990310612,4
1,1,2,67,34,1_3_67,CD,0.3745416524481036,0.6254583475518964,4
1,1,2,68,35,1_3_68,VD,0.1907388381158957,0.8092611618841044,4
1,1,2,69,36,1_3_69,VD,0.12783263677898515,0.8721673632210148,4
1,1,2,70,37,1_3_70,CD,0.3831737221888506,0.6168262778111494,4
1,1,2,71,38,1_3_71,VD,0.07715934756628158,0.9228406524337184,2
1,1,2,72,39,1_3_72,VD,0.19886770565241887,0.8011322943475812,3
1,1,2,74,40,1_3_74,VD,0.15320251060996384,0.8467974893900362,4
1,1,2,75,41,1_3_75,VD,0.11487610305775497,0.885123896942245,4
1,1,2,76,42,1_3_76,CD,0.23034106475833988,0.7696589352416601,4
1,1,2,77,43,1_3_77,VD,0.3198595828076001,0.6801404171923999,4
1,1,2,78,44,1_3_78,VD,0.39669204297637856,0.6033079570236214,4
1,1,2,79,45,1_3_79,VD,0.1549754852216224,0.8450245147783776,4
1,1,2,80,46,1_3_80,CD,0.5880802955038702,0.4119197044961298,5
1,1,2,81,47,1_3_81,VD,0.18237418022530266,0.8176258197746973,5
1,1,2,82,48,1_3_82,VD,0.5139792976138002,0.4860207023861998,2
1,1,2,84,50,1_3_84,CD,0.2565807080978876,0.7434192919021124,5
1,1,2,85,51,1_3_85,CD,0.12012483745047402,0.879875162549526,4
1,1,2,86,52,1_3_86,CD,0.39663807559782216,0.603361924402178,4
1,1,2,88,54,1_3_88,VD,0.5145053708702474,0.48549462912975266,2
1,1,2,89,55,1_3_89,CD,0.6800775311014678,0.3199224688985321,3
1,1,2,90,56,1_3_90,CD,0.1200725611063833,0.8799274388936167,3
1,1,2,91,57,1_3_91,CD,0.6214611426428798,0.37853885735712023,3
1,1,2,92,58,1_3_92,CD,0.2104289270212404,0.7895710729787596,4
1,1,2,93,59,1_3_93,CD,0.3875270296322959,0.6124729703677041,3
1,1,2,94,60,1_3_94,CD,0.3862156918192243,0.6137843081807757,3
1,1,2,95,61,1_3_95,CD,0.2204985273263364,0.7795014726736635,4
1,1,2,96,62,1_3_96,VD,0.11415619857809065,0.8858438014219094,3
1,1,3,97,63,1_4_97,CD,0.41017224796449886,0.5898277520355012,5
1,1,3,98,64,1_4_98,CD,0.4316947339666518,0.5683052660333482,5
1,1,3,99,65,1_4_99,VD,0.2091161882128879,0.7908838117871121,4
1,1,3,100,66,1_4_100,VD,0.22688406557443128,0.7731159344255687,4
1,1,3,101,67,1_4_101,VD,0.32835344417055146,0.6716465558294485,4
1,1,3,102,68,1_4_102,CD,0.3481009712509805,0.6518990287490194,4
1,1,3,103,69,1_4_103,VD,0.40376626965122403,0.596233730348776,3
1,1,3,104,70,1_4_104,CD,0.10269146734185994,0.89730853265814,3
1,1,3,105,71,1_4_105,CD,0.33064175647113403,0.669358243528866,4
1,1,3,106,72,1_4_106,VD,0.13258998731022276,0.8674100126897772,3
1,1,3,107,73,1_4_107,CD,0.3843020720529914,0.6156979279470086,3
1,1,3,108,74,1_4_108,CD,0.33113427366309856,0.6688657263369014,4
1,1,3,109,75,1_4_109,VD,0.3502241694154021,0.649775830584598,4
1,1,3,111,76,1_4_111,CD,0.22162147463520984,0.7783785253647901,3
1,1,3,112,77,1_4_112,VD,0.3417569563222384,0.6582430436777615,4
1,1,3,113,78,1_4_113,VD,0.5333939141720689,0.466606085827931,2
1,1,3,114,79,1_4_114,VD,0.3748803242414696,0.6251196757585304,5
1,1,3,115,80,1_4_115,CD,0.3851276130045552,0.6148723869954448,3
1,1,3,116,81,1_4_116,CD,0.1122538744344121,0.887746125565588,4
1,1,3,117,82,1_4_117,VD,0.16744728620924781,0.8325527137907521,4
1,1,3,118,83,1_4_118,CD,0.5151047945627555,0.4848952054372445,2
1,1,3,119,84,1_4_119,CD,0.24573417976803416,0.7542658202319659,4
1,1,3,120,85,1_4_120,CD,0.6046594665606349,0.3953405334393651,3
1,1,3,121,86,1_4_121,CD,0.5179855380203087,0.4820144619796914,2
1,1,3,123,87,1_4_123,VD,0.3030726494784835,0.6969273505215164,5
1,1,3,124,88,1_4_124,CD,0.14342084495336832,0.8565791550466317,4
1,1,3,125,89,1_4_125,VD,0.11464594573609461,0.8853540542639053,3
1,1,3,126,90,1_4_126,VD,0.7466176679277399,0.25338233207226013,4
1,1,3,127,91,1_4_127,VD,0.12635466364725445,0.8736453363527455,4
1,1,3,128,92,1_4_128,VD,0.09982344535655248,0.9001765546434475,3
1,1,4,129,93,1_5_129,VD,0.5622599630839216,0.43774003691607843,4
1,1,4,130,94,1_5_130,CD,0.3078675721638127,0.6921324278361872,4
1,1,4,131,95,1_5_131,CD,0.3115719155177093,0.6884280844822906,4
1,1,4,132,96,1_5_132,VD,0.3367359648182756,0.6632640351817244,5
1,1,4,133,97,1_5_133,CD,0.20972543087889897,0.7902745691211011,5
1,1,4,134,98,1_5_134,VD,0.3054005842714872,0.6945994157285128,4
1,1,4,135,99,1_5_135,CD,0.1643678486218932,0.8356321513781069,4
1,1,4,136,100,1_5_136,CD,0.28354777868389347,0.7164522213161065,5
1,1,4,137,101,1_5_137,VD,0.25601767408124826,0.7439823259187518,4
1,1,4,138,102,1_5_138,CD,0.5931670240519136,0.4068329759480864,5
1,1,4,139,103,1_5_139,VD,0.6703735255001654,0.3296264744998346,3
1,1,4,140,104,1_5_140,CD,0.3626401175557787,0.6373598824442214,4
1,1,4,143,107,1_5_143,VD,0.2831179683172924,0.7168820316827076,4
1,1,4,144,108,1_5_144,VD,0.22768054642344032,0.7723194535765597,4
1,1,4,145,109,1_5_145,CD,0.3587024743374947,0.6412975256625054,4
1,1,4,146,110,1_5_146,CD,0.2219724494059356,0.7780275505940644,4
1,1,4,147,111,1_5_147,CD,0.19382255209456567,0.8061774479054343,5
1,1,4,148,112,1_5_148,VD,0.12697092706071283,0.8730290729392872,3
1,1,4,149,113,1_5_149,VD,0.3283448164377928,0.6716551835622071,4
1,1,4,150,114,1_5_150,CD,0.09987997796643218,0.9001200220335678,3
1,1,4,151,115,1_5_151,CD,0.35842185582673036,0.6415781441732696,4
1,1,4,152,116,1_5_152,VD,0.42706236064985903,0.572937639350141,5
1,1,4,153,117,1_5_153,VD,0.15274349022610317,0.8472565097738969,4
1,1,4,154,118,1_5_154,VD,0.3177094052743108,0.6822905947256892,4
1,1,4,155,119,1_5_155,CD,0.1063828461485051,0.8936171538514949,4
1,1,4,156,120,1_5_156,VD,0.4325353235697521,0.5674646764302479,4
1,1,4,157,121,1_5_157,CD,0.5534075305751907,0.4465924694248093,4
1,1,4,158,122,1_5_158,CD,0.2431879195261233,0.7568120804738767,4
1,1,4,159,123,1_5_159,CD,0.5154134429736363,0.4845865570263636,2
1,1,4,160,124,1_5_160,VD,0.18825859087282348,0.8117414091271765,4
1,1,5,161,125,1_6_161,CD,0.12284284217091389,0.8771571578290861,4
1,1,5,162,126,1_6_162,VD,0.5224134228038309,0.47758657719616915,2
1,1,5,163,127,1_6_163,CD,0.31753221879449434,0.6824677812055058,4
1,1,5,164,128,1_6_164,VD,0.5292214951431597,0.4707785048568403,2
1,1,5,165,129,1_6_165,CD,0.1285788086939563,0.8714211913060437,4
1,1,5,166,130,1_6_166,VD,0.13290678893513114,0.8670932110648688,4
1,1,5,167,131,1_6_167,VD,0.2698906094533688,0.7301093905466312,4
1,1,5,168,132,1_6_168,CD,0.5647786789788207,0.4352213210211793,4
1,1,5,169,133,1_6_169,VD,0.5330392367758294,0.4669607632241706,5
1,1,5,170,134,1_6_170,VD,0.9999999955470631,4.452936895710376e-9,2
1,1,5,171,135,1_6_171,CD,0.3700194755222106,0.6299805244777894,4
1,1,5,172,136,1_6_172,VD,0.32637499118126595,0.673625008818734,4
1,1,5,173,137,1_6_173,CD,0.10028216900506812,0.8997178309949319,3
1,1,5,174,138,1_6_174,VD,0.2977720233400151,0.7022279766599848,4
1,1,5,175,139,1_6_175,CD,0.5260375154632018,0.47396248453679823,2
1,1,5,176,140,1_6_176,VD,0.4032449905796161,0.5967550094203838,3
1,1,5,177,141,1_6_177,VD,0.20234488606191295,0.7976551139380871,4
1,1,5,178,142,1_6_178,CD,0.5155905458570302,0.48440945414296976,2
1,1,5,179,143,1_6_179,VD,0.11016626727720903,0.889833732722791,3
1,1,5,180,144,1_6_180,VD,0.31518308617599905,0.684816913824001,5
1,1,5,182,146,1_6_182,CD,0.35582031877516324,0.6441796812248368,3
1,1,5,183,147,1_6_183,CD,0.22647699132580412,0.7735230086741959,3
1,1,5,184,148,1_6_184,CD,0.12222407055874615,0.8777759294412538,4
1,1,5,185,149,1_6_185,CD,0.3715147313477045,0.6284852686522955,4
1,1,5,186,150,1_6_186,VD,0.5154134429736363,0.4845865570263636,2
1,1,5,187,151,1_6_187,VD,0.31667532977646246,0.6833246702235376,4
1,1,5,188,152,1_6_188,CD,0.3331178114203555,0.6668821885796445,4
1,1,5,189,153,1_6_189,CD,0.3220749108945792,0.6779250891054208,4
1,1,5,190,154,1_6_190,VD,0.5169648619378224,0.4830351380621775,2
1,1,5,191,155,1_6_191,CD,0.4295460456542589,0.5704539543457411,4
1,1,6,193,157,1_7_193,VD,0.295271699136379,0.7047283008636209,4
1,1,6,194,158,1_7_194,VD,0.5695375131662255,0.4304624868337745,4
1,1,6,195,159,1_7_195,VD,0.5285033425235097,0.4714966574764904,4
1,1,6,196,160,1_7_196,CD,0.3219659706624475,0.6780340293375525,4
1,1,6,198,162,1_7_198,VD,0.1239446672100378,0.8760553327899623,4
1,1,6,199,163,1_7_199,CD,0.5139100472513202,0.48608995274867983,2
1,1,6,202,165,1_7_202,VD,0.2306007461395669,0.7693992538604331,4
1,1,6,203,166,1_7_203,CD,0.3274184692005168,0.6725815307994831,4
1,1,6,204,167,1_7_204,VD,0.3092720784592366,0.6907279215407633,4
1,1,6,205,168,1_7_205,VD,0.10139700229153262,0.8986029977084674,3
1,1,6,206,169,1_7_206,VD,0.335501640407152,0.664498359592848,5
1,1,6,207,170,1_7_207,CD,0.21188873018141866,0.7881112698185814,4
1,1,6,209,172,1_7_209,CD,0.33848568018643954,0.6615143198135605,4
1,1,6,210,173,1_7_210,CD,0.49376599132961074,0.5062340086703893,5
1,1,6,212,174,1_7_212,VD,0.11495639197434653,0.8850436080256534,3
1,1,6,213,175,1_7_213,CD,0.10112289274832047,0.8988771072516796,4
1,1,6,214,176,1_7_214,VD,0.1561259050675463,0.8438740949324537,4
1,1,6,215,177,1_7_215,CD,0.6814560535503188,0.3185439464496812,3
1,1,6,216,178,1_7_216,CD,0.49327871581489635,0.5067212841851036,4
1,1,6,218,179,1_7_218,VD,0.1616166788296131,0.8383833211703868,4
1,1,6,220,181,1_7_220,CD,0.4282049921170229,0.5717950078829771,3
1,1,6,221,182,1_7_221,VD,0.6905479951912763,0.3094520048087237,3
1,1,6,222,183,1_7_222,VD,0.14079576496299354,0.8592042350370065,3
1,1,6,223,184,1_7_223,VD,0.29661394483589487,0.7033860551641051,5
1,1,6,224,185,1_7_224,VD,0.15502963216485383,0.8449703678351461,4
1,1,7,225,186,1_8_225,CD,0.4967023190788632,0.5032976809211368,5
1,1,7,226,187,1_8_226,VD,0.18947986885703147,0.8105201311429685,4
1,1,7,227,188,1_8_227,VD,0.11826137633651931,0.8817386236634808,4
1,1,7,228,189,1_8_228,CD,0.24118900253248868,0.75881099746751135,5
1,1,7,229,190,1_8_229,CD,0.5374988279299358,0.46250117207006425,5
1,1,7,230,191,1_8_230,VD,0.3274380111334001,0.6725619888665999,4
1,1,7,231,192,1_8_231,VD,0.10002262714575101,0.8999773728542491,3
1,1,7,232,193,1_8_232,CD,0.3341304141096375,0.6658695858903625,4
1,1,7,233,194,1_8_233,CD,0.4172236010092357,0.5827763989907644,4
1,1,7,234,195,1_8_234,VD,0.27977568399894404,0.720224316001056,5
1,1,7,235,196,1_8_235,CD,0.14393378437293358,0.8560662156270664,5
1,1,7,236,197,1_8_236,CD,0.3287490371347158,0.6712509628652842,4
1,1,7,237,198,1_8_237,VD,0.3027602079830472,0.6972397920169529,4
1,1,7,238,199,1_8_238,VD,0.30197479205408284,0.6980252079459172,5
1,1,7,239,200,1_8_239,CD,0.14187397861988732,0.8581260213801127,4
1,1,7,240,201,1_8_240,VD,0.35920680367107816,0.6407931963289218,4
1,1,7,241,202,1_8_241,CD,0.11812137712994095,0.881878622870059,4
1,1,7,242,203,1_8_242,VD,0.11273164138392539,0.8872683586160746,4
1,1,7,243,204,1_8_243,CD,0.4456232615235903,0.5543767384764098,3
1,1,7,244,205,1_8_244,VD,0.39931122034799615,0.6006887796520038,3
1,1,7,245,206,1_8_245,CD,0.11292210366838731,0.8870778963316127,3
1,1,7,246,207,1_8_246,VD,0.5139463903499893,0.4860536096500106,2
1,1,7,247,208,1_8_247,CD,0.48628835879031507,0.5137116412096849,5
1,1,7,248,209,1_8_248,VD,0.33631511351670096,0.663684886483299,4
1,1,7,249,210,1_8_249,VD,0.44150385739781217,0.5584961426021877,4
1,1,7,250,211,1_8_250,CD,0.4156146800011312,0.5843853199988688,4
1,1,7,251,212,1_8_251,VD,0.341170456587319,0.658829543412681,4
1,1,7,252,213,1_8_252,CD,0.26829415959708425,0.7317058404029159,4
1,1,7,253,214,1_8_253,CD,0.28903951863010235,0.7109604813698976,5
1,1,7,254,215,1_8_254,CD,0.4017059188332371,0.598294081166763,5
1,1,7,255,216,1_8_255,VD,0.15927627840648056,0.8407237215935194,4
1,1,7,256,217,1_8_256,VD,0.10553144404634594,0.894468555953654,3
1,1,8,257,218,1_9_257,VD,0.3984657723219084,0.6015342276780916,5
1,1,8,258,219,1_9_258,VD,0.18743752783139855,0.8125624721686014,4
1,1,8,259,220,1_9_259,VD,0.22967182245088574,0.7703281775491143,5
1,1,8,260,221,1_9_260,CD,0.10138515932242549,0.8986148406775746,3
1,1,8,261,222,1_9_261,CD,0.133554643310429,0.866445356689571,3
1,1,8,262,223,1_9_262,VD,0.11059392386887883,0.8894060761311211,3
1,1,8,263,224,1_9_263,VD,0.3832636035556519,0.6167363964443482,4
1,1,8,264,225,1_9_264,VD,0.3320750534984666,0.6679249465015334,5
1,1,8,265,226,1_9_265,VD,0.19134624766733643,0.8086537523326636,5
1,1,8,266,227,1_9_266,CD,0.38454411598557553,0.6154558840144245,3
1,1,8,267,228,1_9_267,CD,0.3858995266184415,0.6141004733815585,3
1,1,8,268,229,1_9_268,CD,0.13855266538319047,0.8614473346168096,4
1,1,8,270,231,1_9_270,CD,0.9342866683049507,0.0657133316950494,2
1,1,8,271,232,1_9_271,VD,0.16737285768986365,0.8326271423101363,3
1,1,8,273,234,1_9_273,CD,0.5111818549521919,0.4888181450478081,4
1,1,8,275,236,1_9_275,VD,0.5188123160338092,0.4811876839661909,2
1,1,8,276,237,1_9_276,CD,0.2763949924465477,0.7236050075534523,4
1,1,8,277,238,1_9_277,VD,0.31979892767700363,0.6802010723229964,4
1,1,8,278,239,1_9_278,CD,0.4464151285792315,0.5535848714207685,3
1,1,8,279,240,1_9_279,CD,0.21987417726166697,0.780125822738333,5
1,1,8,280,241,1_9_280,VD,0.12956357753126443,0.8704364224687355,4
1,1,8,281,242,1_9_281,VD,0.39719833068897636,0.6028016693110236,3
1,1,8,283,244,1_9_283,VD,0.13119059658014295,0.868809403419857,4
1,1,8,284,245,1_9_284,CD,0.31860640596722883,0.6813935940327711,4
1,1,8,286,247,1_9_286,VD,0.40807292325166117,0.5919270767483389,3
1,1,8,287,248,1_9_287,CD,0.4059047377743785,0.5940952622256215,4
1,1,8,288,249,1_9_288,CD,0.18241431726601107,0.8175856827339889,4
3,1,1,33,1,3_2_33,VD,0.123480192197414,0.876519807802586,3
3,1,1,34,2,3_2_34,VD,0.12820902340931084,0.8717909765906892,3
3,1,1,35,3,3_2_35,CD,0.09597459891685828,0.9040254010831417,2
3,1,1,36,4,3_2_36,VD,0.1302047390629903,0.8697952609370097,4
3,1,1,37,5,3_2_37,CD,0.39251160702907073,0.6074883929709293,3
3,1,1,42,7,3_2_42,CD,0.4522081813508563,0.5477918186491437,4
3,1,1,43,8,3_2_43,VD,0.11085675647677715,0.8891432435232228,4
3,1,1,45,10,3_2_45,VD,0.2301684490946231,0.7698315509053769,4
3,1,1,46,11,3_2_46,VD,0.1035560069701569,0.8964439930298431,3
3,1,1,47,12,3_2_47,CD,0.11763946527404551,0.8823605347259545,3
3,1,1,48,13,3_2_48,CD,0.10903948965819703,0.890960510341803,3
3,1,1,49,14,3_2_49,VD,0.5138655157107779,0.4861344842892221,2
3,1,1,51,16,3_2_51,VD,0.09293614941726473,0.9070638505827353,3
3,1,1,56,19,3_2_56,VD,0.3938642135552749,0.6061357864447252,3
3,1,1,59,20,3_2_59,CD,0.09264662574082601,0.9073533742591741,3
3,1,1,60,21,3_2_60,CD,0.1596877938312573,0.8403122061687427,4
3,1,1,61,22,3_2_61,VD,0.5157106384190858,0.4842893615809142,2
3,1,1,62,23,3_2_62,CD,0.28917894209599293,0.7108210579040071,4
3,1,1,63,24,3_2_63,VD,0.17537928362490735,0.8246207163750927,4
3,1,1,64,25,3_2_64,CD,0.1365263289194541,0.863473671080546,4
3,1,2,65,26,3_3_65,VD,0.08610111229975602,0.913898887700244,2
3,1,2,66,27,3_3_66,VD,0.09363101379984248,0.9063689862001576,3
3,1,2,67,28,3_3_67,CD,0.20995648502432754,0.7900435149756725,4
3,1,2,70,29,3_3_70,VD,0.3599024324493961,0.640097567550604,4
3,1,2,72,31,3_3_72,VD,0.10099108057268485,0.8990089194273152,3
3,1,2,73,32,3_3_73,VD,0.2225469295335646,0.7774530704664354,3
3,1,2,74,33,3_3_74,VD,0.10341319171953589,0.8965868082804641,3
3,1,2,76,35,3_3_76,VD,0.5223043090334281,0.47769569096657194,2
3,1,2,77,36,3_3_77,CD,0.3505989460599985,0.6494010539400016,3
3,1,2,80,39,3_3_80,CD,0.3053841835238755,0.6946158164761246,3
3,1,2,81,40,3_3_81,VD,0.12500641923182065,0.8749935807681793,3
3,1,2,83,41,3_3_83,VD,0.1306334149166717,0.8693665850833283,3
3,1,2,85,42,3_3_85,VD,0.16111603984478576,0.8388839601552143,4
3,1,2,86,43,3_3_86,VD,0.0949014477345755,0.9050985522654245,3
3,1,2,88,45,3_3_88,CD,0.45190502188479736,0.5480949781152027,5
3,1,2,89,46,3_3_89,CD,0.21852718635724197,0.781472813642758,4
3,1,2,90,47,3_3_90,CD,0.10169364083945381,0.8983063591605461,3
3,1,2,91,48,3_3_91,CD,0.4463326808639625,0.5536673191360375,3
3,1,2,92,49,3_3_92,VD,0.09355692275155862,0.9064430772484414,3
3,1,2,93,50,3_3_93,VD,0.384836735520927,0.615163264479073,3
3,1,2,94,51,3_3_94,CD,0.09254823515091519,0.9074517648490849,3
3,1,2,95,52,3_3_95,CD,0.09615792029601138,0.9038420797039886,3
3,1,2,96,53,3_3_96,CD,0.33574717165090817,0.6642528283490918,4
3,1,3,98,54,3_4_98,VD,0.09867211178750346,0.9013278882124965,4
3,1,3,99,55,3_4_99,CD,0.1137706651609591,0.8862293348390409,3
3,1,3,101,57,3_4_101,VD,0.8217759817907138,0.17822401820928624,2
3,1,3,102,58,3_4_102,VD,0.3895836479745872,0.6104163520254128,3
3,1,3,103,59,3_4_103,CD,0.23619133297744208,0.7638086670225579,2
3,1,3,104,60,3_4_104,CD,0.5481456548690136,0.45185434513098643,4
3,1,3,105,61,3_4_105,CD,0.5154588024789278,0.4845411975210722,2
3,1,3,106,62,3_4_106,VD,0.5222605556276195,0.47773944437238053,2
3,1,3,107,63,3_4_107,CD,0.32204078729674396,0.6779592127032561,4
3,1,3,108,64,3_4_108,VD,0.38416393721115516,0.6158360627888448,3
3,1,3,109,65,3_4_109,CD,0.09303964928596918,0.9069603507140308,3
3,1,3,110,66,3_4_110,CD,0.3211606629690177,0.6788393370309823,4
3,1,3,111,67,3_4_111,CD,0.10853987661605773,0.8914601233839423,3
3,1,3,112,68,3_4_112,VD,0.36227906074856575,0.6377209392514342,4
3,1,3,114,69,3_4_114,CD,0.38680936213563066,0.6131906378643693,3
3,1,3,115,70,3_4_115,CD,0.21647499166987197,0.7835250083301281,3
3,1,3,116,71,3_4_116,VD,0.21202227493273335,0.7879777250672666,4
3,1,3,117,72,3_4_117,VD,0.11068217417658052,0.88931782582341945,4
3,1,3,119,74,3_4_119,VD,0.6533786586077599,0.34662134139224016,3
3,1,3,120,75,3_4_120,CD,0.10436235394495455,0.8956376460550455,3
3,1,3,121,76,3_4_121,CD,0.385361500037218,0.614638499962782,3
3,1,3,122,77,3_4_122,VD,0.1193264738783949,0.8806735261216051,3
3,1,3,123,78,3_4_123,CD,0.237783697041501,0.762216302958499,4
3,1,3,124,79,3_4_124,VD,0.5132950425442392,0.4867049574557608,3
3,1,3,125,80,3_4_125,VD,0.09559919906103646,0.9044008009389635,3
3,1,3,126,81,3_4_126,CD,0.5271189706737092,0.4728810293262908,2
3,1,3,127,82,3_4_127,VD,0.3828632098354627,0.6171367901645374,3
3,1,3,128,83,3_4_128,VD,0.5139764394798829,0.486023560520117,2
3,1,4,129,84,3_5_129,CD,0.30247022391764095,0.697529776082359,4
3,1,4,130,85,3_5_130,CD,0.10563295135813143,0.8943670486418686,3
3,1,4,131,86,3_5_131,CD,0.09776117801049483,0.9022388219895052,4
3,1,4,132,87,3_5_132,VD,0.09640812127672917,0.9035918787232708,3
3,1,4,134,89,3_5_134,VD,0.1189271906222782,0.8810728093777217,4
3,1,4,135,90,3_5_135,CD,0.18575588100413587,0.8142441189958641,4
3,1,4,136,91,3_5_136,CD,0.5279165965402776,0.4720834034597225,2
3,1,4,137,92,3_5_137,CD,0.10465059784067457,0.8953494021593253,4
3,1,4,139,94,3_5_139,VD,0.30593393111957107,0.6940660688804289,4
3,1,4,140,95,3_5_140,CD,0.10848931884846781,0.8915106811515322,3
3,1,4,141,96,3_5_141,CD,0.08315512303675664,0.9168448769632433,2
3,1,4,142,97,3_5_142,CD,0.23243338160449295,0.767566618395507,4
3,1,4,143,98,3_5_143,CD,0.10483125952691438,0.8951687404730856,3
3,1,4,144,99,3_5_144,VD,0.5497862792772201,0.4502137207227799,2
3,1,4,145,100,3_5_145,CD,0.0945222672033113,0.9054777327966888,3
3,1,4,146,101,3_5_146,VD,0.15622455200337118,0.8437754479966287,3
3,1,4,148,102,3_5_148,CD,0.08954762885201721,0.9104523711479827,3
3,1,4,150,103,3_5_150,VD,0.3200980260575297,0.6799019739424703,4
3,1,4,151,104,3_5_151,VD,0.3264105182604722,0.6735894817395278,4
3,1,4,152,105,3_5_152,VD,0.3829698072407112,0.6170301927592888,3
3,1,4,153,106,3_5_153,VD,0.3752527197108768,0.6247472802891232,4
3,1,4,154,107,3_5_154,VD,0.09650161671995794,0.9034983832800421,3
3,1,4,155,108,3_5_155,VD,0.3881775137623348,0.6118224862376652,3
3,1,4,156,109,3_5_156,CD,0.3925086232360638,0.6074913767639363,4
3,1,4,157,110,3_5_157,VD,0.20009262900987188,0.7999073709901281,4
3,1,4,159,111,3_5_159,VD,0.09600252444611714,0.9039974755538829,3
3,1,4,160,112,3_5_160,VD,0.22034060284166818,0.7796593971583319,4
3,1,5,161,113,3_6_161,CD,0.5260375154632018,0.47396248453679823,2
3,1,5,162,114,3_6_162,VD,0.09377598354189914,0.9062240164581009,3
3,1,5,163,115,3_6_163,VD,0.12980190132758898,0.870198098672411,4
3,1,5,164,116,3_6_164,CD,0.10780486545214876,0.8921951345478512,4
3,1,5,165,117,3_6_165,VD,0.09576629280812436,0.9042337071918757,3
3,1,5,166,118,3_6_166,CD,0.5149666392968578,0.4850333607031422,2
3,1,5,167,119,3_6_167,VD,0.3845344692964021,0.6154655307035979,3
3,1,5,168,120,3_6_168,VD,0.12258816395254435,0.8774118360474557,3
3,1,5,170,121,3_6_170,VD,0.5139345507308902,0.4860654492691097,2
3,1,5,171,122,3_6_171,VD,0.1292870622605786,0.8707129377394214,3
3,1,5,172,123,3_6_172,CD,0.33640692962577123,0.6635930703742288,4
3,1,5,173,124,3_6_173,VD,0.09976179235525715,0.9002382076447428,3
3,1,5,174,125,3_6_174,CD,0.10389415807963029,0.8961058419203697,3
3,1,5,175,126,3_6_175,CD,0.09995817110124525,0.9000418288987548,3
3,1,5,176,127,3_6_176,VD,0.1320152086981979,0.8679847913018021,4
3,1,5,178,128,3_6_178,VD,0.1817211071023823,0.8182788928976177,4
3,1,5,179,129,3_6_179,VD,0.09188430872996017,0.9081156912700398,3
3,1,5,180,130,3_6_180,VD,0.3551663094986353,0.6448336905013647,3
3,1,5,181,131,3_6_181,VD,0.20029190222154475,0.7997080977784552,4
3,1,5,182,132,3_6_182,CD,0.5157885617582725,0.48421143824172763,2
3,1,5,183,133,3_6_183,VD,0.5413206683931906,0.45867933160680935,3
3,1,5,184,134,3_6_184,CD,0.39900578564975975,0.6009942143502403,3
3,1,5,185,135,3_6_185,CD,0.33357046889756603,0.666429531102434,4
3,1,5,186,136,3_6_186,CD,0.5089450717662949,0.49105492823370517,3
3,1,5,187,137,3_6_187,CD,0.09075324789345572,0.9092467521065443,3
3,1,5,188,138,3_6_188,VD,0.09296354452032271,0.9070364554796774,3
3,1,5,189,139,3_6_189,CD,0.17857343640938073,0.8214265635906193,2
3,1,5,190,140,3_6_190,CD,0.527472306026739,0.47252769397326094,2
3,1,5,192,141,3_6_192,VD,0.28049904359028005,0.7195009564097199,4
3,1,6,193,142,3_7_193,VD,0.170740782801164,0.829259217198836,4
3,1,6,195,143,3_7_195,VD,0.09072329172467089,0.9092767082753291,3
3,1,6,196,144,3_7_196,CD,0.3827625056860392,0.6172374943139608,3
3,1,6,197,145,3_7_197,CD,0.5188123160338092,0.4811876839661909,2
3,1,6,198,146,3_7_198,VD,0.1601927789220537,0.8398072210779463,3
3,1,6,199,147,3_7_199,CD,0.19057919720749136,0.8094208027925086,3
3,1,6,200,148,3_7_200,VD,0.4182922481750323,0.5817077518249677,3
3,1,6,201,149,3_7_201,CD,0.1107847075373655,0.8892152924626344,4
3,1,6,202,150,3_7_202,VD,0.264214360097899,0.735785639902101,3
3,1,6,203,151,3_7_203,CD,0.09823719043293846,0.9017628095670616,3
3,1,6,204,152,3_7_204,CD,0.13045751023647675,0.8695424897635232,3
3,1,6,205,153,3_7_205,CD,0.5149666392968578,0.4850333607031422,2
3,1,6,208,155,3_7_208,VD,0.3879835356294029,0.6120164643705971,3
3,1,6,210,157,3_7_210,CD,0.5141109604134417,0.48588903958655827,2
3,1,6,211,158,3_7_211,VD,0.329311530366057,0.6706884696339429,4
3,1,6,212,159,3_7_212,VD,0.4019101022528326,0.5980898977471674,3
3,1,6,214,160,3_7_214,VD,0.3198122058698853,0.6801877941301148,4
3,1,6,217,163,3_7_217,VD,0.11180250455832154,0.8881974954416785,3
3,1,6,219,165,3_7_219,CD,0.11594448529692719,0.8840555147030728,3
3,1,6,220,166,3_7_220,CD,0.5141109604134417,0.48588903958655827,2
3,1,6,221,167,3_7_221,CD,0.08457439881067899,0.9154256011893211,2
3,1,6,222,168,3_7_222,CD,0.4184825443738108,0.5815174556261893,3
3,1,6,224,169,3_7_224,VD,0.10386491142669764,0.8961350885733024,3
3,1,7,225,170,3_8_225,VD,0.1054836290296852,0.8945163709703148,3
3,1,7,226,171,3_8_226,VD,0.10233288490543022,0.8976671150945698,3
3,1,7,229,172,3_8_229,CD,0.40077474562683807,0.5992252543731619,3
3,1,7,230,173,3_8_230,VD,0.3287533137071613,0.6712466862928387,4
3,1,7,232,174,3_8_232,VD,0.6809386957121135,0.3190613042878865,3
3,1,7,234,175,3_8_234,CD,0.0903810795950437,0.9096189204049563,3
3,1,7,235,176,3_8_235,VD,0.10339572375487585,0.8966042762451242,3
3,1,7,236,177,3_8_236,CD,0.3933433976416215,0.6066566023583785,3
3,1,7,238,179,3_8_238,CD,0.11257261172660013,0.8874273882733998,4
3,1,7,239,180,3_8_239,VD,0.5236182786638114,0.4763817213361886,3
3,1,7,240,181,3_8_240,VD,0.0969362620648351,0.9030637379351649,3
3,1,7,241,182,3_8_241,CD,0.4165182755307761,0.583481724469224,3
3,1,7,242,183,3_8_242,CD,0.14934266257949733,0.8506573374205026,4
3,1,7,243,184,3_8_243,VD,0.11089690140597298,0.8891030985940269,4
3,1,7,245,185,3_8_245,CD,0.3886065374339803,0.6113934625660197,3
3,1,7,247,186,3_8_247,VD,0.15792271394262591,0.8420772860573741,4
3,1,7,248,187,3_8_248,VD,0.16968375661675983,0.8303162433832402,3
3,1,7,249,188,3_8_249,CD,0.10540188311680812,0.8945981168831919,3
3,1,7,250,189,3_8_250,VD,0.42013521494163397,0.579864785058366,2
3,1,7,251,190,3_8_251,VD,0.12227016841073172,0.8777298315892683,4
3,1,7,252,191,3_8_252,VD,0.5139463903499893,0.4860536096500106,2
3,1,7,253,192,3_8_253,CD,0.0791310870442134,0.9208689129557865,2
3,1,7,254,193,3_8_254,CD,0.10110499123990167,0.8988950087600983,3
3,1,7,255,194,3_8_255,CD,0.3974484098787337,0.6025515901212664,3
3,1,7,256,195,3_8_256,CD,0.09839023189584103,0.901609768104159,2
3,1,8,257,196,3_9_257,VD,0.09880742743922823,0.9011925725607718,4
3,1,8,259,197,3_9_259,CD,0.149837755815772,0.850162244184228,3
3,1,8,260,198,3_9_260,CD,0.32061016267929254,0.6793898373207075,4
3,1,8,262,199,3_9_262,CD,0.12466321709705493,0.875336782902945,4
3,1,8,263,200,3_9_263,CD,0.1737278958944883,0.8262721041055117,4
3,1,8,264,201,3_9_264,VD,0.0984834841254449,0.9015165158745551,3
3,1,8,265,202,3_9_265,CD,0.09193759833203433,0.9080624016679657,3
3,1,8,266,203,3_9_266,CD,0.21996640699012662,0.7800335930098734,4
3,1,8,267,204,3_9_267,CD,0.10435935807849607,0.8956406419215039,3
3,1,8,269,206,3_9_269,VD,0.11774641437947232,0.8822535856205277,4
3,1,8,270,207,3_9_270,CD,0.5151798071594968,0.4848201928405031,2
3,1,8,271,208,3_9_271,VD,0.385239303959876,0.6147606960401241,3
3,1,8,272,209,3_9_272,VD,0.3834936467793043,0.6165063532206957,3
3,1,8,273,210,3_9_273,VD,0.26032353792916035,0.7396764620708396,3
3,1,8,274,211,3_9_274,VD,0.1767890334069115,0.8232109665930885,4
3,1,8,276,212,3_9_276,VD,0.11725409009967681,0.8827459099003232,4
3,1,8,278,213,3_9_278,VD,0.18489313504246774,0.8151068649575322,3
3,1,8,279,214,3_9_279,CD,0.2737135139898401,0.7262864860101599,4
3,1,8,280,215,3_9_280,VD,0.09819049227609952,0.9018095077239004,3
3,1,8,281,216,3_9_281,VD,0.12710684951027676,0.8728931504897233,3
3,1,8,282,217,3_9_282,VD,0.1214166044277456,0.8785833955722544,4
3,1,8,283,218,3_9_283,CD,0.6783811830177169,0.3216188169822831,3
3,1,8,284,219,3_9_284,VD,0.19352529372915536,0.8064747062708446,3
3,1,8,285,220,3_9_285,VD,0.15344238714602684,0.8465576128539731,4
3,1,8,286,221,3_9_286,VD,0.3878948283628306,0.6121051716371694,3
3,1,8,288,222,3_9_288,CD,0.316809508722862,0.683190491277138,4
5,1,1,33,1,5_2_33,CD,0.7085872299223744,0.2914127700776255,3
5,1,1,35,2,5_2_35,VD,0.10236698312957468,0.8976330168704253,4
5,1,1,36,3,5_2_36,VD,0.3234128421761754,0.6765871578238246,4
5,1,1,38,5,5_2_38,CD,0.5146213042955881,0.48537869570441194,2
5,1,1,39,6,5_2_39,CD,0.10507715202580648,0.8949228479741935,4
5,1,1,40,7,5_2_40,VD,0.13124459838763242,0.8687554016123675,4
5,1,1,41,8,5_2_41,VD,0.09721265981144438,0.9027873401885556,4
5,1,1,43,9,5_2_43,VD,0.3965906187778056,0.6034093812221943,3
5,1,1,46,12,5_2_46,VD,0.5139463903499893,0.4860536096500106,2
5,1,1,47,13,5_2_47,CD,0.09785492963801043,0.9021450703619895,4
5,1,1,48,14,5_2_48,VD,0.3824652020729661,0.6175347979270339,3
5,1,1,49,15,5_2_49,VD,0.3904140187965254,0.6095859812034747,3
5,1,1,52,16,5_2_52,CD,0.11858603687676987,0.8814139631232301,4
5,1,1,54,18,5_2_54,CD,0.3364399748364966,0.6635600251635034,4
5,1,1,55,19,5_2_55,CD,0.5150933647198388,0.48490663528016115,2
5,1,1,56,20,5_2_56,VD,0.5174870786765591,0.48251292132344087,2
5,1,1,57,21,5_2_57,CD,0.10974395776831833,0.8902560422316818,4
5,1,1,58,22,5_2_58,CD,0.09881542224120143,0.9011845777587986,4
5,1,1,59,23,5_2_59,VD,0.10584232048546191,0.8941576795145381,4
5,1,1,60,24,5_2_60,CD,0.3196418645617045,0.6803581354382955,4
5,1,1,61,25,5_2_61,VD,0.10032006718538339,0.8996799328146166,4
5,1,1,62,26,5_2_62,CD,0.11912923111775713,0.8808707688822429,3
5,1,1,63,27,5_2_63,VD,0.3173777566641247,0.6826222433358753,4
5,1,1,64,28,5_2_64,CD,0.38683376758246796,0.613166232417532,3
5,1,2,65,29,5_3_65,VD,0.32185262912741436,0.6781473708725857,4
5,1,2,67,31,5_3_67,CD,0.333352053073767,0.666647946926233,4
5,1,2,68,32,5_3_68,CD,0.12332950126579015,0.8766704987342099,4
5,1,2,69,33,5_3_69,VD,0.5195400451995655,0.4804599548004344,2
5,1,2,72,35,5_3_72,VD,0.32033067174881313,0.6796693282511869,4
5,1,2,73,36,5_3_73,CD,0.09838038108568602,0.901619618914314,4
5,1,2,74,37,5_3_74,VD,0.10759883588593322,0.8924011641140668,4
5,1,2,75,38,5_3_75,CD,0.32907013568581944,0.6709298643141806,4
5,1,2,76,39,5_3_76,VD,0.0967282437958186,0.9032717562041814,4
5,1,2,77,40,5_3_77,VD,0.5142432057171187,0.48575679428288143,2
5,1,2,78,41,5_3_78,CD,0.13206885992449588,0.8679311400755041,4
5,1,2,79,42,5_3_79,VD,0.1290170556521044,0.8709829443478956,4
5,1,2,80,43,5_3_80,VD,0.09181118758946362,0.9081888124105364,3
5,1,2,81,44,5_3_81,VD,0.39378697359734466,0.6062130264026553,3
5,1,2,82,45,5_3_82,CD,0.4042812602421782,0.5957187397578219,4
5,1,2,83,46,5_3_83,CD,0.10516964823511385,0.8948303517648861,4
5,1,2,84,47,5_3_84,CD,0.41098412753838043,0.5890158724616196,4
5,1,2,86,49,5_3_86,CD,0.5143759787237827,0.4856240212762173,2
5,1,2,87,50,5_3_87,VD,0.3825463136250196,0.6174536863749804,3
5,1,2,88,51,5_3_88,VD,0.1362075232804607,0.8637924767195393,4
5,1,2,89,52,5_3_89,VD,0.32926005526789176,0.6707399447321083,4
5,1,2,91,54,5_3_91,VD,0.3910882339451972,0.6089117660548029,3
5,1,2,92,55,5_3_92,CD,0.09853750928769849,0.9014624907123014,4
5,1,2,93,56,5_3_93,CD,0.5145053708702474,0.48549462912975266,2
5,1,2,95,57,5_3_95,VD,0.18884651621420145,0.8111534837857985,3
5,1,2,96,58,5_3_96,CD,0.11592402395574421,0.8840759760442558,3
5,1,3,97,59,5_4_97,CD,0.3279248399192958,0.6720751600807042,4
5,1,3,98,60,5_4_98,VD,0.38804369775121617,0.6119563022487838,3
5,1,3,99,61,5_4_99,VD,0.13135209442853946,0.8686479055714605,4
5,1,3,100,62,5_4_100,CD,0.10217449155369315,0.8978255084463068,4
5,1,3,101,63,5_4_101,VD,0.5211501890756763,0.47884981092432366,2
5,1,3,102,64,5_4_102,CD,0.11505402080184153,0.8849459791981584,4
5,1,3,104,66,5_4_104,CD,0.3744422588930696,0.6255577411069304,3
5,1,3,105,67,5_4_105,VD,0.27072721656386406,0.729272783436136,3
5,1,3,106,68,5_4_106,VD,0.517573493272362,0.4824265067276379,2
5,1,3,107,69,5_4_107,VD,0.10280345250699602,0.8971965474930039,4
5,1,3,108,70,5_4_108,CD,0.3685384664691291,0.6314615335308709,3
5,1,3,110,71,5_4_110,VD,0.09633974740723708,0.903660252592763,3
5,1,3,111,72,5_4_111,CD,0.38373123758882927,0.6162687624111708,3
5,1,3,113,74,5_4_113,CD,0.5165795435516989,0.4834204564483012,2
5,1,3,115,75,5_4_115,VD,0.38209200531359894,0.6179079946864011,3
5,1,3,116,76,5_4_116,CD,0.10526173708359252,0.8947382629164075,4
5,1,3,117,77,5_4_117,CD,0.11936454016009727,0.8806354598399028,4
5,1,3,118,78,5_4_118,VD,0.3356171546003044,0.6643828453996956,3
5,1,3,119,79,5_4_119,CD,0.525911715990919,0.474088284009081,2
5,1,3,120,80,5_4_120,VD,0.3363468597457402,0.6636531402542598,4
5,1,3,121,81,5_4_121,VD,0.09712374201050375,0.9028762579894963,4
5,1,3,122,82,5_4_122,CD,0.3189702679288079,0.6810297320711921,4
5,1,3,125,85,5_4_125,VD,0.10769206686635077,0.8923079331336492,4
5,1,3,126,86,5_4_126,VD,0.11266913719543317,0.8873308628045669,4
5,1,3,127,87,5_4_127,CD,0.39849767971901595,0.601502320280984,3
5,1,3,128,88,5_4_128,CD,0.272394922476782,0.727605077523218,3
5,1,4,129,89,5_5_129,VD,0.10255218211726498,0.8974478178827351,4
5,1,4,130,90,5_5_130,VD,0.10929467612749533,0.8907053238725047,4
5,1,4,131,91,5_5_131,CD,0.24203919382103503,0.7579608061789649,3
5,1,4,132,92,5_5_132,CD,0.10519452681333508,0.8948054731866649,4
5,1,4,133,93,5_5_133,CD,0.5142154523071886,0.48578454769281143,2
5,1,4,134,94,5_5_134,VD,0.10911833878881365,0.8908816612111864,4
5,1,4,135,95,5_5_135,CD,0.5146939885707045,0.48530601142929547,2
5,1,4,136,96,5_5_136,CD,0.3880037275257076,0.6119962724742923,3
5,1,4,138,98,5_5_138,CD,0.09815167120463641,0.9018483287953636,4
5,1,4,139,99,5_5_139,VD,0.32357335361300255,0.6764266463869975,4
5,1,4,140,100,5_5_140,VD,0.3826415626339277,0.6173584373660723,3
5,1,4,141,101,5_5_141,CD,0.32064459930504874,0.6793554006949513,4
5,1,4,143,103,5_5_143,VD,0.10578526087053759,0.8942147391294624,4
5,1,4,144,104,5_5_144,VD,0.3784108033680812,0.6215891966319187,3
5,1,4,146,105,5_5_146,VD,0.5419491576001128,0.4580508423998873,2
5,1,4,147,106,5_5_147,CD,0.11333310350896589,0.886666896491034,4
5,1,4,148,107,5_5_148,CD,0.0996482714949126,0.9003517285050874,4
5,1,4,150,109,5_5_150,VD,0.3559390386046925,0.6440609613953074,3
5,1,4,151,110,5_5_151,CD,0.3181317821072921,0.6818682178927079,4
5,1,4,152,111,5_5_152,VD,0.10513329201355967,0.8948667079864403,4
5,1,4,153,112,5_5_153,VD,0.5151683223299425,0.4848316776700575,2
5,1,4,154,113,5_5_154,CD,0.15038923019829226,0.8496107698017077,4
5,1,4,155,114,5_5_155,CD,0.11297470643535605,0.8870252935646439,4
5,1,4,156,115,5_5_156,VD,0.393532181748392,0.606467818251608,3
5,1,4,157,116,5_5_157,CD,0.2264401416395347,0.7735598583604654,4
5,1,4,158,117,5_5_158,CD,0.3855951927208456,0.6144048072791544,3
5,1,5,161,119,5_6_161,CD,0.37858277189574757,0.6214172281042524,3
5,1,5,162,120,5_6_162,CD,0.3826948719041648,0.6173051280958353,3
5,1,5,164,122,5_6_164,VD,0.34138373595991356,0.6586162640400864,3
5,1,5,165,123,5_6_165,VD,0.10462458145784204,0.895375418542158,4
5,1,5,166,124,5_6_166,VD,0.3891073513875237,0.6108926486124763,3
5,1,5,167,125,5_6_167,CD,0.2893079913719732,0.7106920086280268,3
5,1,5,168,126,5_6_168,CD,0.2730301038194882,0.7269698961805118,5
5,1,5,170,128,5_6_170,VD,0.39051562132207,0.60948437867793,3
5,1,5,171,129,5_6_171,CD,0.10049608251002073,0.8995039174899793,4
5,1,5,173,130,5_6_173,CD,0.5151798071594968,0.4848201928405031,2
5,1,5,174,131,5_6_174,CD,0.9999998465996449,1.5340035504001926e-7,2
5,1,5,175,132,5_6_175,CD,0.11013464899656561,0.8898653510034343,3
5,1,5,176,133,5_6_176,CD,0.38326190751534717,0.6167380924846528,3
5,1,5,177,134,5_6_177,VD,0.9346367290573905,0.06536327094260955,2
5,1,5,178,135,5_6_178,CD,0.38504397928152073,0.6149560207184792,3
5,1,5,179,136,5_6_179,VD,0.1810148131460169,0.8189851868539831,3
5,1,5,180,137,5_6_180,CD,0.10784476347281885,0.8921552365271811,4
5,1,5,181,138,5_6_181,VD,0.10916646504325092,0.8908335349567491,4
5,1,5,182,139,5_6_182,VD,0.5139072028708299,0.4860927971291701,2
5,1,5,183,140,5_6_183,VD,0.14223267086695085,0.8577673291330492,4
5,1,5,185,141,5_6_185,VD,0.38277669404384,0.61722330595616,3
5,1,5,186,142,5_6_186,VD,0.40526367769572375,0.5947363223042762,3
5,1,5,187,143,5_6_187,VD,0.09880373700951364,0.9011962629904864,4
5,1,5,188,144,5_6_188,CD,0.10120482840301469,0.8987951715969853,4
5,1,5,189,145,5_6_189,CD,0.31688901168095496,0.683110988319045,4
5,1,5,191,147,5_6_191,VD,0.320849810177428,0.679150189822572,4
5,1,5,192,148,5_6_192,VD,0.108024758467098,0.891975241532902,4
5,1,6,194,150,5_7_194,CD,0.5232696892921496,0.4767303107078504,2
5,1,6,195,151,5_7_195,VD,0.5188901908263122,0.48110980917368784,2
5,1,6,196,152,5_7_196,CD,0.5174870786765591,0.48251292132344087,2
5,1,6,197,153,5_7_197,CD,0.158729814433722,0.8412701855662781,4
5,1,6,198,154,5_7_198,VD,0.10988165429371156,0.8901183457062884,4
5,1,6,199,155,5_7_199,CD,0.1077383978711241,0.892261602128876,4
5,1,6,201,157,5_7_201,CD,0.3848293719448007,0.6151706280551993,3
5,1,6,202,158,5_7_202,VD,0.3572458707168298,0.6427541292831702,4
5,1,6,203,159,5_7_203,CD,0.16351337933381854,0.8364866206661815,3
5,1,6,204,160,5_7_204,CD,0.3194911455740033,0.6805088544259967,4
5,1,6,205,161,5_7_205,VD,0.5246366790919409,0.4753633209080591,2
5,1,6,206,162,5_7_206,CD,0.1080667765946118,0.8919332234053883,4
5,1,6,207,163,5_7_207,VD,0.31899762554254835,0.6810023744574516,4
5,1,6,210,164,5_7_210,VD,0.3919652993426203,0.6080347006573796,3
5,1,6,211,165,5_7_211,CD,0.11649801487514408,0.8835019851248559,4
5,1,6,212,166,5_7_212,VD,0.3945857110963245,0.6054142889036754,3
5,1,6,213,167,5_7_213,CD,0.1624678303301339,0.8375321696698661,4
5,1,6,214,168,5_7_214,VD,0.45704038255926893,0.5429596174407311,4
5,1,6,215,169,5_7_215,CD,0.3247990154594008,0.6752009845405993,4
5,1,6,216,170,5_7_216,VD,0.09786502474345833,0.9021349752565416,4
5,1,6,217,171,5_7_217,VD,0.09705724314266662,0.9029427568573334,4
5,1,6,218,172,5_7_218,VD,0.2535521570150804,0.7464478429849196,3
5,1,6,219,173,5_7_219,CD,0.5609404994359215,0.4390595005640785,2
5,1,6,220,174,5_7_220,CD,0.3827624721661917,0.6172375278338083,3
5,1,6,222,176,5_7_222,VD,0.11829705073538847,0.8817029492646116,3
5,1,6,224,178,5_7_224,VD,0.3470418141737546,0.6529581858262454,3
5,1,7,226,179,5_8_226,CD,0.5338821368441846,0.4661178631558154,4
5,1,7,227,180,5_8_227,VD,0.3845642593039384,0.6154357406960616,3
5,1,7,228,181,5_8_228,CD,0.18133232912150155,0.8186676708784985,4
5,1,7,229,182,5_8_229,CD,0.3767997587965567,0.6232002412034432,3
5,1,7,230,183,5_8_230,CD,0.6597667872170602,0.34023321278293983,3
5,1,7,231,184,5_8_231,VD,0.11121016833294317,0.8887898316670568,4
5,1,7,232,185,5_8_232,CD,0.3430837303553017,0.6569162696446984,3
5,1,7,233,186,5_8_233,CD,0.10076854651663959,0.8992314534833604,4
5,1,7,234,187,5_8_234,VD,0.3802905197400208,0.6197094802599792,3
5,1,7,235,188,5_8_235,CD,0.24367509529927125,0.7563249047007288,3
5,1,7,236,189,5_8_236,VD,0.5211435143424554,0.4788564856575446,2
5,1,7,237,190,5_8_237,VD,0.32031406382052763,0.6796859361794724,4
5,1,7,238,191,5_8_238,CD,0.10102678991067955,0.8989732100893204,4
5,1,7,241,193,5_8_241,CD,0.09748397783217903,0.902516022167821,4
5,1,7,242,194,5_8_242,VD,0.12015835059904512,0.8798416494009549,4
5,1,7,243,195,5_8_243,VD,0.2691794007008357,0.7308205992991643,3
5,1,7,246,198,5_8_246,CD,0.09801888789087015,0.9019811121091299,4
5,1,7,247,199,5_8_247,VD,0.15589102790972817,0.8441089720902718,4
5,1,7,248,200,5_8_248,CD,0.5139345507308902,0.4860654492691097,2
5,1,7,249,201,5_8_249,VD,0.5216554947996879,0.4783445052003121,2
5,1,7,251,203,5_8_251,VD,0.4201553934926163,0.5798446065073837,3
5,1,7,252,204,5_8_252,VD,0.1811078981319869,0.8188921018680131,4
5,1,7,253,205,5_8_253,VD,0.18965828181389924,0.8103417181861008,3
5,1,7,254,206,5_8_254,VD,0.10749220153594743,0.8925077984640526,4
5,1,7,255,207,5_8_255,CD,0.14265309671119675,0.8573469032888033,3
5,1,7,256,208,5_8_256,VD,0.5825225704203134,0.4174774295796866,2
5,1,8,258,209,5_9_258,CD,0.10224657316934524,0.8977534268306547,3
5,1,8,259,210,5_9_259,VD,0.39240135251377195,0.6075986474862279,3
5,1,8,260,211,5_9_260,VD,0.11270251843834711,0.8872974815616528,4
5,1,8,261,212,5_9_261,CD,0.1271850374200173,0.8728149625799827,4
5,1,8,262,213,5_9_262,CD,0.4974129854184861,0.5025870145815139,3
5,1,8,263,214,5_9_263,CD,0.22115447816780684,0.7788455218321931,3
5,1,8,264,215,5_9_264,VD,0.1281510665268551,0.8718489334731448,3
5,1,8,266,217,5_9_266,CD,0.12384668711936941,0.8761533128806306,3
5,1,8,267,218,5_9_267,CD,0.5169029994153532,0.4830970005846468,2
5,1,8,268,219,5_9_268,VD,0.14489455002600318,0.8551054499739968,3
5,1,8,269,220,5_9_269,CD,0.11681687720450518,0.8831831227954948,3
5,1,8,271,221,5_9_271,VD,0.5159435673658215,0.48405643263417847,2
5,1,8,272,222,5_9_272,VD,0.3826933145497558,0.6173066854502443,3
5,1,8,273,223,5_9_273,VD,0.3859246648101037,0.6140753351898963,3
5,1,8,274,224,5_9_274,VD,0.3824843772347156,0.6175156227652844,3
5,1,8,275,225,5_9_275,CD,0.5510099199224736,0.44899008007752644,3
5,1,8,276,226,5_9_276,CD,0.103422868280965,0.896577131719035,4
5,1,8,277,227,5_9_277,CD,0.33025471136954443,0.6697452886304556,4
5,1,8,278,228,5_9_278,VD,0.30528208300626547,0.6947179169937345,4
5,1,8,279,229,5_9_279,VD,0.5143140658479859,0.4856859341520141,2
5,1,8,280,230,5_9_280,CD,0.3507246344116432,0.6492753655883567,3
5,1,8,282,231,5_9_282,CD,0.32064399413220385,0.6793560058677961,4
5,1,8,283,232,5_9_283,VD,0.12438069672648061,0.8756193032735193,3
5,1,8,284,233,5_9_284,CD,0.3889342394400011,0.611065760559999,3
5,1,8,285,234,5_9_285,VD,0.3782223688779567,0.6217776311220433,3
5,1,8,288,237,5_9_288,CD,0.38614615848295764,0.6138538415170424,3
7,1,1,33,1,7_2_33,VD,0.4226952157851328,0.5773047842148672,4
7,1,1,34,2,7_2_34,CD,0.5423307873719729,0.45766921262802707,4
7,1,1,36,4,7_2_36,CD,0.5330218334214682,0.46697816657853164,2
7,1,1,37,5,7_2_37,CD,0.5161608923392826,0.48383910766071736,2
7,1,1,40,7,7_2_40,VD,0.12041426457920475,0.8795857354207953,3
7,1,1,41,8,7_2_41,VD,0.3948242678284586,0.6051757321715414,3
7,1,1,42,9,7_2_42,CD,0.10086983555946342,0.8991301644405366,4
7,1,1,43,10,7_2_43,VD,0.3498424211825979,0.6501575788174021,4
7,1,1,45,12,7_2_45,CD,0.10346036917898492,0.8965396308210151,4
7,1,1,46,13,7_2_46,VD,0.1855621109843562,0.8144378890156437,3
7,1,1,47,14,7_2_47,CD,0.3032576699941093,0.6967423300058907,3
7,1,1,49,15,7_2_49,CD,0.12224172110755152,0.8777582788924485,3
7,1,1,50,16,7_2_50,VD,0.40476726427215165,0.5952327357278483,5
7,1,1,51,17,7_2_51,CD,0.5140328213632861,0.48596717863671385,2
7,1,1,52,18,7_2_52,VD,0.17574664122357542,0.8242533587764246,3
7,1,1,53,19,7_2_53,VD,0.3002766955306163,0.6997233044693837,4
7,1,1,56,21,7_2_56,CD,0.16300153052714822,0.8369984694728518,4
7,1,1,57,22,7_2_57,VD,0.9997802837681484,2.1971623185147832e-4,2
7,1,1,58,23,7_2_58,VD,0.4038537263671703,0.5961462736328298,4
7,1,1,59,24,7_2_59,VD,0.6144904389164372,0.3855095610835627,2
7,1,1,60,25,7_2_60,VD,0.40228097183773764,0.5977190281622624,3
7,1,1,61,26,7_2_61,VD,0.18580879354083485,0.8141912064591652,4
7,1,1,62,27,7_2_62,VD,0.09863553018040176,0.9013644698195983,4
7,1,1,63,28,7_2_63,CD,0.5159435673658215,0.48405643263417847,2
7,1,1,64,29,7_2_64,CD,0.17306618402388294,0.826933815976117,3
7,1,2,65,30,7_3_65,CD,0.18907595256638107,0.810924047433619,4
7,1,2,66,31,7_3_66,CD,0.09801368300606954,0.9019863169939304,4
7,1,2,68,32,7_3_68,CD,0.1285591475872893,0.8714408524127106,3
7,1,2,71,33,7_3_71,VD,0.31811406193759595,0.6818859380624042,4
7,1,2,72,34,7_3_72,VD,0.26835464969180717,0.7316453503081929,4
7,1,2,74,36,7_3_74,CD,0.37760332102164934,0.6223966789783506,5
7,1,2,75,37,7_3_75,VD,0.32066178906811227,0.6793382109318877,4
7,1,2,76,38,7_3_76,CD,0.5154134429736363,0.4845865570263636,2
7,1,2,77,39,7_3_77,VD,0.1327720652749179,0.8672279347250822,4
7,1,2,80,42,7_3_80,VD,0.3142577124147082,0.6857422875852918,5
7,1,2,82,44,7_3_82,CD,0.10197882737343456,0.8980211726265654,4
7,1,2,83,45,7_3_83,VD,0.10192770189352729,0.8980722981064727,4
7,1,2,84,46,7_3_84,CD,0.3915377200096871,0.6084622799903129,3
7,1,2,85,47,7_3_85,CD,0.5141109604134417,0.48588903958655827,2
7,1,2,86,48,7_3_86,CD,0.10015120844476612,0.8998487915552338,4
7,1,2,87,49,7_3_87,CD,0.38217571947933565,0.6178242805206644,3
7,1,2,88,50,7_3_88,VD,0.11251813461644919,0.8874818653835509,4
7,1,2,89,51,7_3_89,VD,0.5140410766652408,0.4859589233347593,2
7,1,2,90,52,7_3_90,VD,0.3190289094238885,0.6809710905761115,4
7,1,2,91,53,7_3_91,VD,0.14105812794764397,0.8589418720523561,3
7,1,2,92,54,7_3_92,CD,0.3572795378367337,0.6427204621632662,3
7,1,2,93,55,7_3_93,CD,0.12009437002838369,0.8799056299716163,4
7,1,2,94,56,7_3_94,VD,0.10309079302786128,0.8969092069721387,4
7,1,2,95,57,7_3_95,VD,0.5174870786765591,0.48251292132344087,2
7,1,2,96,58,7_3_96,CD,0.10071299118251367,0.8992870088174862,4
7,1,3,97,59,7_4_97,VD,0.11302069034824869,0.8869793096517513,4
7,1,3,98,60,7_4_98,VD,0.15152127863450027,0.8484787213654997,4
7,1,3,99,61,7_4_99,CD,0.5139072028708299,0.4860927971291701,2
7,1,3,100,62,7_4_100,VD,0.5147005926764545,0.4852994073235455,2
7,1,3,101,63,7_4_101,VD,0.11130480936142718,0.8886951906385728,4
7,1,3,102,64,7_4_102,CD,0.39009225656478236,0.6099077434352176,3
7,1,3,105,66,7_4_105,CD,0.38596861582955555,0.6140313841704444,3
7,1,3,106,67,7_4_106,VD,0.5139443400733589,0.4860556599266411,2
7,1,3,107,68,7_4_107,VD,0.26879432439587847,0.7312056756041215,3
7,1,3,108,69,7_4_108,VD,0.38512979237210854,0.6148702076278915,3
7,1,3,109,70,7_4_109,VD,0.10897685600061432,0.8910231439993856,4
7,1,3,110,71,7_4_110,VD,0.11974806672395635,0.8802519332760437,4
7,1,3,111,72,7_4_111,CD,0.10560956554781904,0.8943904344521809,4
7,1,3,112,73,7_4_112,VD,0.4115299128096102,0.5884700871903898,3
7,1,3,113,74,7_4_113,VD,0.09699241846110222,0.9030075815388978,4
7,1,3,114,75,7_4_114,CD,0.10186126345757902,0.8981387365424209,3
7,1,3,115,76,7_4_115,CD,0.31958413640785405,0.680415863592146,4
7,1,3,116,77,7_4_116,CD,0.3831060692835224,0.6168939307164776,3
7,1,3,118,78,7_4_118,CD,0.10634528521764215,0.8936547147823579,4
7,1,3,119,79,7_4_119,VD,0.3388196230972461,0.6611803769027538,4
7,1,3,120,80,7_4_120,VD,0.13896487982699984,0.8610351201730002,3
7,1,3,122,81,7_4_122,VD,0.3098344739041918,0.6901655260958082,4
7,1,3,123,82,7_4_123,CD,0.12335497936812193,0.8766450206318781,4
7,1,3,124,83,7_4_124,CD,0.1284279871948295,0.8715720128051705,4
7,1,3,125,84,7_4_125,CD,0.11037038308199944,0.8896296169180006,4
7,1,3,126,85,7_4_126,CD,0.46293382346809,0.53706617653191,3
7,1,3,128,87,7_4_128,CD,0.31528158424211417,0.6847184157578858,4
7,1,4,129,88,7_5_129,VD,0.3318773236618293,0.6681226763381707,4
7,1,4,130,89,7_5_130,VD,0.10042552650258194,0.899574473497418,3
7,1,4,131,90,7_5_131,CD,0.10418624053368611,0.8958137594663139,4
7,1,4,132,91,7_5_132,VD,0.4239316491008229,0.5760683508991771,4
7,1,4,133,92,7_5_133,VD,0.3844080875422645,0.6155919124577355,3
7,1,4,134,93,7_5_134,VD,0.14147619103360204,0.8585238089663979,3
7,1,4,135,94,7_5_135,CD,0.3364978176367072,0.6635021823632927,4
7,1,4,136,95,7_5_136,VD,0.11679255777340047,0.8832074422265995,4
7,1,4,137,96,7_5_137,CD,0.5139072028708299,0.4860927971291701,2
7,1,4,138,97,7_5_138,CD,0.5143464270730403,0.4856535729269597,2
7,1,4,139,98,7_5_139,CD,0.11252114986382623,0.8874788501361738,3
7,1,4,141,100,7_5_141,VD,0.20367878188927338,0.7963212181107266,4
7,1,4,142,101,7_5_142,VD,0.38268937753327215,0.6173106224667279,3
7,1,4,144,103,7_5_144,CD,0.10684717686463344,0.8931528231353666,4
7,1,4,145,104,7_5_145,VD,0.5140328213632861,0.48596717863671385,2
7,1,4,146,105,7_5_146,CD,0.31886420607075616,0.6811357939292438,4
7,1,4,147,106,7_5_147,CD,0.10111712001206052,0.8988828799879395,4
7,1,4,148,107,7_5_148,VD,0.13009395283576203,0.8699060471642379,4
7,1,4,149,108,7_5_149,VD,0.32221157185589167,0.6777884281441082,4
7,1,4,150,109,7_5_150,CD,0.38405137018898766,0.6159486298110123,3
7,1,4,151,110,7_5_151,CD,0.39617470125688425,0.6038252987431157,3
7,1,4,152,111,7_5_152,CD,0.11102142379747318,0.8889785762025268,4
7,1,4,153,112,7_5_153,VD,0.1092476817488369,0.8907523182511631,4
7,1,4,154,113,7_5_154,CD,0.09809020201477256,0.9019097979852274,4
7,1,4,156,115,7_5_156,VD,0.5164978493871855,0.4835021506128145,2
7,1,4,157,116,7_5_157,VD,0.31797781420966625,0.6820221857903337,4
7,1,4,158,117,7_5_158,CD,0.09821059173777352,0.9017894082622265,4
7,1,4,159,118,7_5_159,CD,0.10575000367844441,0.8942499963215556,4
7,1,5,162,121,7_6_162,VD,0.3325871902295561,0.6674128097704439,4
7,1,5,163,122,7_6_163,CD,0.5361997606196764,0.46380023938032355,3
7,1,5,164,123,7_6_164,CD,0.3916948549926459,0.6083051450073541,3
7,1,5,165,124,7_6_165,CD,0.3174527904545449,0.6825472095454551,4
7,1,5,166,125,7_6_166,CD,0.3846366451307545,0.6153633548692454,3
7,1,5,168,127,7_6_168,CD,0.09199804771684125,0.9080019522831587,3
7,1,5,170,128,7_6_170,VD,0.5194443501862793,0.4805556498137206,2
7,1,5,171,129,7_6_171,VD,0.1071960158923128,0.8928039841076871,4
7,1,5,172,130,7_6_172,VD,0.10464614127593949,0.8953538587240605,4
7,1,5,173,131,7_6_173,CD,0.3412483986006334,0.6587516013993667,5
7,1,5,174,132,7_6_174,VD,0.10062618376657242,0.8993738162334276,4
7,1,5,175,133,7_6_175,VD,0.12693877281892713,0.8730612271810728,4
7,1,5,177,134,7_6_177,CD,0.16481997226078277,0.8351800277392173,4
7,1,5,178,135,7_6_178,VD,0.21671949769334772,0.7832805023066522,4
7,1,5,179,136,7_6_179,VD,0.5139792976138002,0.4860207023861998,2
7,1,5,180,137,7_6_180,CD,0.33002247833831566,0.6699775216616843,4
7,1,5,181,138,7_6_181,VD,0.30994787076056296,0.690052129239437,4
7,1,5,182,139,7_6_182,VD,0.10564152543155028,0.8943584745684497,4
7,1,5,184,141,7_6_184,VD,0.1376483245445676,0.8623516754554323,4
7,1,5,185,142,7_6_185,VD,0.3822222278547228,0.6177777721452772,3
7,1,5,186,143,7_6_186,CD,0.3480224560643211,0.651977543935679,4
7,1,5,187,144,7_6_187,CD,0.5146213042955881,0.48537869570441194,2
7,1,5,188,145,7_6_188,CD,0.30217864864446325,0.6978213513555368,4
7,1,5,189,146,7_6_189,VD,0.38824957239936436,0.6117504276006357,3
7,1,5,190,147,7_6_190,CD,0.5319261166610671,0.46807388333893285,2
7,1,5,192,149,7_6_192,CD,0.10393123607146389,0.8960687639285361,4
7,1,6,193,150,7_7_193,CD,0.5433079611421956,0.4566920388578045,4
7,1,6,194,151,7_7_194,CD,0.2915518801131517,0.7084481198868483,5
7,1,6,195,152,7_7_195,CD,0.11058700921331485,0.8894129907866851,4
7,1,6,196,153,7_7_196,VD,0.32037733221943127,0.6796226677805688,4
7,1,6,197,154,7_7_197,VD,0.3848451028680505,0.6151548971319494,3
7,1,6,199,156,7_7_199,VD,0.12462311591035326,0.8753768840896468,4
7,1,6,201,158,7_7_201,CD,0.28848238423709743,0.7115176157629026,3
7,1,6,202,159,7_7_202,CD,0.13896367109908728,0.8610363289009128,4
7,1,6,203,160,7_7_203,VD,0.10018206506657704,0.8998179349334229,4
7,1,6,204,161,7_7_204,CD,0.2906151335859497,0.7093848664140503,5
7,1,6,205,162,7_7_205,CD,0.5139792976138002,0.4860207023861998,2
7,1,6,206,163,7_7_206,VD,0.1074817265696516,0.8925182734303483,4
7,1,6,207,164,7_7_207,VD,0.5181592197741133,0.4818407802258867,2
7,1,6,208,165,7_7_208,CD,0.10184501751580999,0.89815498248419,4
7,1,6,210,167,7_7_210,VD,0.10115273996320809,0.8988472600367919,4
7,1,6,211,168,7_7_211,VD,0.3845100116862802,0.6154899883137198,3
7,1,6,212,169,7_7_212,CD,0.5139764394798829,0.486023560520117,2
7,1,6,213,170,7_7_213,CD,0.13721066303540821,0.8627893369645918,4
7,1,6,214,171,7_7_214,CD,0.3970842594237085,0.6029157405762915,3
7,1,6,215,172,7_7_215,CD,0.2099655197819683,0.7900344802180317,4
7,1,6,216,173,7_7_216,CD,0.11093418979520883,0.8890658102047911,3
7,1,6,217,174,7_7_217,VD,0.10460121966836051,0.8953987803316394,3
7,1,6,218,175,7_7_218,VD,0.11921691489007322,0.8807830851099268,4
7,1,6,220,177,7_7_220,VD,0.3167288666123129,0.6832711333876871,4
7,1,6,221,178,7_7_221,VD,0.290445405214739,0.709554594785261,5
7,1,6,222,179,7_7_222,VD,0.10415518391556043,0.8958448160844396,4
7,1,6,223,180,7_7_223,CD,0.32246825125247325,0.6775317487475268,4
7,1,6,224,181,7_7_224,VD,0.5144335918498427,0.4855664081501573,2
7,1,7,225,182,7_8_225,CD,0.32913092536420047,0.6708690746357995,4
7,1,7,227,184,7_8_227,CD,0.11867904594309375,0.8813209540569062,4
7,1,7,228,185,7_8_228,CD,0.31767750982067067,0.6823224901793294,4
7,1,7,229,186,7_8_229,CD,0.13215893180993746,0.8678410681900626,4
7,1,7,230,187,7_8_230,VD,0.11094114013556573,0.8890588598644342,4
7,1,7,232,189,7_8_232,VD,0.34270636217763784,0.6572936378223622,4
7,1,7,234,190,7_8_234,CD,0.16771825660448986,0.8322817433955102,4
7,1,7,235,191,7_8_235,VD,0.13552705608439508,0.8644729439156049,4
7,1,7,236,192,7_8_236,VD,0.1013481666161937,0.8986518333838063,4
7,1,7,237,193,7_8_237,VD,0.10517260729969956,0.8948273927003004,3
7,1,7,238,194,7_8_238,CD,0.385177504094923,0.614822495905077,3
7,1,7,239,195,7_8_239,CD,0.22033900229253123,0.7796609977074688,4
7,1,7,240,196,7_8_240,VD,0.09692405709241564,0.9030759429075843,3
7,1,7,241,197,7_8_241,CD,0.1340020272221521,0.865997972777848,4
7,1,7,242,198,7_8_242,CD,0.5194443501862793,0.4805556498137206,2
7,1,7,243,199,7_8_243,VD,0.5140316609805153,0.48596833901948466,2
7,1,7,244,200,7_8_244,CD,0.3253277430181899,0.6746722569818101,3
7,1,7,246,202,7_8_246,VD,0.16382181899349732,0.8361781810065027,3
7,1,7,247,203,7_8_247,CD,0.5141301019086996,0.48586989809130043,2
7,1,7,249,205,7_8_249,CD,0.10597126445713839,0.8940287355428616,4
7,1,7,250,206,7_8_250,VD,0.5139463903499893,0.4860536096500106,2
7,1,7,251,207,7_8_251,VD,0.13031455922578386,0.8696854407742162,3
7,1,7,252,208,7_8_252,VD,0.10003742979688794,0.8999625702031121,4
7,1,7,253,209,7_8_253,CD,0.12461811189908964,0.8753818881009103,3
7,1,7,254,210,7_8_254,VD,0.38279229778935914,0.6172077022106408,3
7,1,7,255,211,7_8_255,VD,0.3278280397110268,0.6721719602889731,4
7,1,7,256,212,7_8_256,CD,0.3962308078220592,0.6037691921779408,3
7,1,8,257,213,7_9_257,VD,0.2918153756018369,0.7081846243981631,3
7,1,8,258,214,7_9_258,VD,0.10904827132950161,0.8909517286704984,4
7,1,8,259,215,7_9_259,CD,0.4028939224629996,0.5971060775370003,3
7,1,8,260,216,7_9_260,VD,0.10686466527683146,0.8931353347231685,4
7,1,8,261,217,7_9_261,CD,0.10457230457229212,0.8954276954277078,4
7,1,8,262,218,7_9_262,VD,0.2768446551864352,0.7231553448135648,5
7,1,8,263,219,7_9_263,CD,0.3197905664452726,0.6802094335547273,4
7,1,8,264,220,7_9_264,VD,0.41166892360077817,0.5883310763992218,4
7,1,8,265,221,7_9_265,CD,0.09705149832431206,0.902948501675688,3
7,1,8,266,222,7_9_266,CD,0.3831183218030065,0.6168816781969936,3
7,1,8,268,224,7_9_268,VD,0.5168932796284755,0.48310672037152447,2
7,1,8,269,225,7_9_269,CD,0.1047064545341263,0.8952935454658737,3
7,1,8,270,226,7_9_270,CD,0.5143464270730403,0.4856535729269597,2
7,1,8,273,229,7_9_273,VD,0.15686029566897217,0.8431397043310278,4
7,1,8,275,230,7_9_275,CD,0.14437473958344896,0.8556252604165511,4
7,1,8,276,231,7_9_276,VD,0.10262758978215936,0.8973724102178406,4
7,1,8,277,232,7_9_277,VD,0.5143759787237827,0.4856240212762173,2
7,1,8,278,233,7_9_278,VD,0.15556476028319047,0.8444352397168096,4
7,1,8,279,234,7_9_279,CD,0.5139443400733589,0.4860556599266411,2
7,1,8,280,235,7_9_280,CD,0.10709455817193611,0.892905441828064,4
7,1,8,281,236,7_9_281,CD,0.18779047084987086,0.8122095291501292,4
7,1,8,282,237,7_9_282,VD,0.5181592197741133,0.4818407802258867,2
7,1,8,283,238,7_9_283,CD,0.10858193810555825,0.8914180618944417,4
7,1,8,284,239,7_9_284,VD,0.16452764393031216,0.8354723560696878,4
7,1,8,286,241,7_9_286,CD,0.32678627439700503,0.673213725602995,4
7,1,8,287,242,7_9_287,VD,0.3234351211881952,0.6765648788118048,4
7,1,8,288,243,7_9_288,VD,0.38489395447969577,0.6151060455203042,3
9,1,1,34,2,9_2_34,VD,0.22919965851784857,0.7708003414821514,4
9,1,1,35,3,9_2_35,VD,0.2129217846889572,0.7870782153110428,4
9,1,1,36,4,9_2_36,VD,0.3568590026434677,0.6431409973565322,3
9,1,1,38,6,9_2_38,CD,0.5453501537695071,0.45464984623049287,2
9,1,1,40,7,9_2_40,VD,0.2962527737917868,0.7037472262082132,4
9,1,1,41,8,9_2_41,CD,0.336627994569432,0.663372005430568,3
9,1,1,42,9,9_2_42,CD,0.33284027293781454,0.6671597270621855,4
9,1,1,43,10,9_2_43,CD,0.19712581590558734,0.8028741840944127,3
9,1,1,44,11,9_2_44,VD,0.3269572828553852,0.6730427171446148,3
9,1,1,45,12,9_2_45,CD,0.5592783694902412,0.44072163050975877,4
9,1,1,46,13,9_2_46,CD,0.12498204564874145,0.8750179543512585,3
9,1,1,47,14,9_2_47,CD,0.11276517683017444,0.8872348231698255,3
9,1,1,48,15,9_2_48,CD,0.2678336819205708,0.7321663180794291,3
9,1,1,49,16,9_2_49,VD,0.40931179221785907,0.5906882077821409,3
9,1,1,50,17,9_2_50,VD,0.3928710148094759,0.6071289851905242,3
9,1,1,51,18,9_2_51,VD,0.1286980400660106,0.8713019599339894,3
9,1,1,53,19,9_2_53,VD,0.11875180777338246,0.8812481922266175,3
9,1,1,54,20,9_2_54,VD,0.5997433462356947,0.4002566537643052,2
9,1,1,55,21,9_2_55,VD,0.49713366431321265,0.5028663356867873,3
9,1,1,56,22,9_2_56,VD,0.1480975911513435,0.8519024088486564,3
9,1,1,58,24,9_2_58,CD,0.41775956538142517,0.5822404346185749,3
9,1,1,59,25,9_2_59,CD,0.339328242096679,0.660671757903321,3
9,1,1,61,26,9_2_61,VD,0.5675249986038506,0.4324750013961494,2
9,1,1,62,27,9_2_62,CD,0.11383672490924485,0.8861632750907552,3
9,1,1,63,28,9_2_63,CD,0.4075378874717955,0.5924621125282046,3
9,1,2,65,30,9_3_65,CD,0.11564646630690613,0.8843535336930939,3
9,1,2,66,31,9_3_66,CD,0.21361354001246805,0.786386459987532,3
9,1,2,67,32,9_3_67,CD,0.11561033771511327,0.8843896622848867,3
9,1,2,68,33,9_3_68,CD,0.18622326906462755,0.8137767309353725,4
9,1,2,69,34,9_3_69,VD,0.18999626867849903,0.8100037313215009,4
9,1,2,70,35,9_3_70,CD,0.4247397680868686,0.5752602319131314,3
9,1,2,71,36,9_3_71,VD,0.5386684278026579,0.461331572197342,2
9,1,2,72,37,9_3_72,CD,0.1867557432857274,0.8132442567142726,3
9,1,2,73,38,9_3_73,CD,0.11427563713538125,0.8857243628646188,3
9,1,2,74,39,9_3_74,CD,0.1293767787705858,0.8706232212294143,4
9,1,2,75,40,9_3_75,VD,0.5453501537695071,0.45464984623049287,2
9,1,2,77,42,9_3_77,CD,0.14994262204209524,0.8500573779579047,3
9,1,2,78,43,9_3_78,CD,0.5280515536310701,0.47194844636892985,2
9,1,2,79,44,9_3_79,VD,0.16047900187213893,0.8395209981278611,3
9,1,2,81,46,9_3_81,VD,0.33474697215205446,0.6652530278479456,4
9,1,2,82,47,9_3_82,VD,0.36022848101637017,0.6397715189836298,4
9,1,2,83,48,9_3_83,VD,0.19946628053683807,0.8005337194631619,3
9,1,2,84,49,9_3_84,VD,0.1129772930143462,0.8870227069856538,3
9,1,2,85,50,9_3_85,CD,0.10874966255376348,0.8912503374462365,3
9,1,2,87,52,9_3_87,VD,0.46345636556050673,0.5365436344394933,4
9,1,2,88,53,9_3_88,VD,0.1481348565358173,0.8518651434641827,3
9,1,2,89,54,9_3_89,VD,0.18821485664099669,0.8117851433590033,4
9,1,2,91,56,9_3_91,VD,0.4641920427968249,0.5358079572031751,4
9,1,2,92,57,9_3_92,VD,0.15458315937246572,0.8454168406275342,3
9,1,2,93,58,9_3_93,CD,0.3862803975146704,0.6137196024853296,3
9,1,2,94,59,9_3_94,CD,0.14665060298814836,0.8533493970118516,3
9,1,2,95,60,9_3_95,CD,0.5625071802037541,0.4374928197962459,2
9,1,2,96,61,9_3_96,VD,0.3894214694442384,0.6105785305557616,3
9,1,3,97,62,9_4_97,CD,0.3184230529428146,0.6815769470571853,4
9,1,3,98,63,9_4_98,VD,0.18349951652910243,0.8165004834708977,3
9,1,3,100,65,9_4_100,VD,0.20210496835989392,0.797895031640106,4
9,1,3,101,66,9_4_101,VD,0.12451524624911317,0.8754847537508869,4
9,1,3,102,67,9_4_102,VD,0.5419491576001128,0.4580508423998873,2
9,1,3,104,68,9_4_104,CD,0.40985522391996326,0.5901447760800367,3
9,1,3,106,69,9_4_106,VD,0.14230395445316674,0.8576960455468332,4
9,1,3,107,70,9_4_107,CD,0.52903157579585,0.47096842420414997,2
9,1,3,108,71,9_4_108,CD,0.15000797927381707,0.8499920207261829,3
9,1,3,109,72,9_4_109,CD,0.10920267563306399,0.8907973243669359,3
9,1,3,110,73,9_4_110,VD,0.13691581820697485,0.8630841817930252,3
9,1,3,111,74,9_4_111,CD,0.14005482436193264,0.8599451756380673,3
9,1,3,112,75,9_4_112,CD,0.337470317642874,0.6625296823571261,3
9,1,3,113,76,9_4_113,VD,0.17840524213744105,0.821594757862559,3
9,1,3,114,77,9_4_114,CD,0.4126697245017391,0.5873302754982609,3
9,1,3,115,78,9_4_115,CD,0.36141748511674293,0.6385825148832571,3
9,1,3,116,79,9_4_116,CD,0.5200034190025711,0.479996580997429,2
9,1,3,118,81,9_4_118,CD,0.10583402328790871,0.8941659767120913,3
9,1,3,119,82,9_4_119,VD,0.12860659504995486,0.8713934049500451,3
9,1,3,120,83,9_4_120,VD,0.5386684278026579,0.461331572197342,2
9,1,3,121,84,9_4_121,VD,0.296062796763033,0.703937203236967,3
9,1,3,122,85,9_4_122,VD,0.4030480309813622,0.5969519690186378,3
9,1,3,124,86,9_4_124,VD,0.4041997528768393,0.5958002471231607,3
9,1,3,125,87,9_4_125,CD,0.3938404096840399,0.6061595903159601,3
9,1,3,127,89,9_4_127,CD,0.11978011474529916,0.8802198852547009,3
9,1,4,129,90,9_5_129,VD,0.5193835139378327,0.4806164860621674,2
9,1,4,130,91,9_5_130,CD,0.2931394290194861,0.7068605709805139,3
9,1,4,131,92,9_5_131,CD,0.11541201205990234,0.8845879879400976,3
9,1,4,132,93,9_5_132,VD,0.15173845959709262,0.8482615404029074,3
9,1,4,133,94,9_5_133,CD,0.20143281472386285,0.7985671852761371,3
9,1,4,135,96,9_5_135,VD,0.11873459158900022,0.8812654084109998,3
9,1,4,137,98,9_5_137,CD,0.5419491576001128,0.4580508423998873,2
9,1,4,138,99,9_5_138,VD,0.43342479688993374,0.5665752031100663,4
9,1,4,139,100,9_5_139,VD,0.276007543471373,0.723992456528627,4
9,1,4,140,101,9_5_140,CD,0.19421367795736985,0.8057863220426302,4
9,1,4,141,102,9_5_141,CD,0.4072697577999065,0.5927302422000935,3
9,1,4,142,103,9_5_142,CD,0.16811278153415515,0.8318872184658449,3
9,1,4,143,104,9_5_143,VD,0.20393071375402066,0.7960692862459794,3
9,1,4,144,105,9_5_144,VD,0.1026932886243585,0.8973067113756416,3
9,1,4,145,106,9_5_145,VD,0.135214930831826,0.864785069168174,3
9,1,4,146,107,9_5_146,CD,0.1329772064689037,0.8670227935310963,3
9,1,4,147,108,9_5_147,VD,0.10973182211263408,0.8902681778873659,3
9,1,4,148,109,9_5_148,VD,0.5169029994153532,0.4830970005846468,2
9,1,4,149,110,9_5_149,VD,0.2894178964711478,0.7105821035288522,3
9,1,4,151,112,9_5_151,CD,0.1915709759000324,0.8084290240999676,4
9,1,4,152,113,9_5_152,CD,0.3876424606168626,0.6123575393831374,3
9,1,4,153,114,9_5_153,VD,0.2359497853456183,0.7640502146543817,3
9,1,4,154,115,9_5_154,VD,0.40668465185917013,0.5933153481408299,3
9,1,4,156,117,9_5_156,CD,0.12641709315245925,0.8735829068475408,3
9,1,4,157,118,9_5_157,CD,0.5374081068282048,0.4625918931717951,2
9,1,4,158,119,9_5_158,CD,0.1714055353397112,0.8285944646602887,3
9,1,4,159,120,9_5_159,VD,0.1518031301199612,0.8481968698800388,3
9,1,4,160,121,9_5_160,CD,0.11991135562225208,0.8800886443777479,3
9,1,5,162,123,9_6_162,VD,0.4067096186907999,0.5932903813092001,3
9,1,5,164,124,9_6_164,VD,0.23593719239792876,0.7640628076020712,3
9,1,5,165,125,9_6_165,CD,0.389431579631791,0.610568420368209,3
9,1,5,166,126,9_6_166,CD,0.10247265342494846,0.8975273465750515,3
9,1,5,167,127,9_6_167,VD,0.19643220338737027,0.8035677966126297,3
9,1,5,168,128,9_6_168,VD,0.15968511777708988,0.8403148822229101,4
9,1,5,169,129,9_6_169,VD,0.555347134758962,0.444652865241038,2
9,1,5,171,131,9_6_171,CD,0.4012156460048967,0.5987843539951033,3
9,1,5,172,132,9_6_172,CD,0.3527991005522107,0.6472008994477892,3
9,1,5,173,133,9_6_173,CD,0.3719407528674957,0.6280592471325043,3
9,1,5,174,134,9_6_174,CD,0.24001848066132397,0.759981519338676,3
9,1,5,175,135,9_6_175,CD,0.1580389987817084,0.8419610012182915,4
9,1,5,176,136,9_6_176,VD,0.3795659985624809,0.620434001437519,3
9,1,5,177,137,9_6_177,VD,0.13228181513180284,0.8677181848681972,3
9,1,5,178,138,9_6_178,CD,0.35914295645484173,0.6408570435451582,4
9,1,5,179,139,9_6_179,VD,0.38919064165877204,0.610809358341228,3
9,1,5,180,140,9_6_180,CD,0.11111871623342982,0.8888812837665702,3
9,1,5,181,141,9_6_181,VD,0.11358046605615427,0.8864195339438458,3
9,1,5,182,142,9_6_182,VD,0.12319226509674215,0.8768077349032578,3
9,1,5,183,143,9_6_183,VD,0.35492729108646415,0.645072708913536,3
9,1,5,184,144,9_6_184,VD,0.5162409410360242,0.4837590589639757,2
9,1,5,185,145,9_6_185,VD,0.11127652467728304,0.888723475322717,3
9,1,5,188,148,9_6_188,CD,0.10820429054625896,0.8917957094537411,3
9,1,5,189,149,9_6_189,CD,0.10488264819633991,0.8951173518036601,3
9,1,5,190,150,9_6_190,CD,0.5210403104223492,0.47895968957765084,2
9,1,5,191,151,9_6_191,CD,0.11505383252923601,0.884946167470764,3
9,1,5,192,152,9_6_192,CD,0.5223043090334281,0.47769569096657194,2
9,1,6,193,153,9_7_193,VD,0.5442194684969364,0.45578053150306364,4
9,1,6,194,154,9_7_194,CD,0.24337838673549206,0.7566216132645079,4
9,1,6,195,155,9_7_195,VD,0.2742544926443123,0.7257455073556877,3
9,1,6,196,156,9_7_196,VD,0.17132891886305707,0.828671081136943,3
9,1,6,197,157,9_7_197,CD,0.09539874082297728,0.9046012591770227,3
9,1,6,198,158,9_7_198,VD,0.11660837699916689,0.8833916230008332,3
9,1,6,199,159,9_7_199,VD,0.11724490878227523,0.8827550912177248,3
9,1,6,200,160,9_7_200,VD,0.15174129215752133,0.8482587078424787,4
9,1,6,201,161,9_7_201,CD,0.5216554947996879,0.4783445052003121,2
9,1,6,202,162,9_7_202,CD,0.16891776219143181,0.8310822378085683,3
9,1,6,203,163,9_7_203,VD,0.3860299074433515,0.6139700925566485,3
9,1,6,204,164,9_7_204,VD,0.10388246900649667,0.8961175309935033,3
9,1,6,205,165,9_7_205,CD,0.3650182698841411,0.6349817301158589,3
9,1,6,206,166,9_7_206,VD,0.14636885655425552,0.8536311434457445,4
9,1,6,208,168,9_7_208,CD,0.21908769499660097,0.780912305003399,4
9,1,6,209,169,9_7_209,CD,0.11173458701815185,0.8882654129818482,3
9,1,6,210,170,9_7_210,CD,0.521761579133124,0.478238420866876,2
9,1,6,211,171,9_7_211,CD,0.14997829705602908,0.850021702943971,3
9,1,6,212,172,9_7_212,CD,0.09735663552760332,0.9026433644723967,3
9,1,6,214,174,9_7_214,CD,0.15451532931609147,0.8454846706839085,4
9,1,6,215,175,9_7_215,VD,0.1001721856010661,0.8998278143989339,3
9,1,6,216,176,9_7_216,CD,0.12231312929081156,0.8776868707091885,3
9,1,6,217,177,9_7_217,VD,0.525265351417008,0.4747346485829921,2
9,1,6,218,178,9_7_218,VD,0.17133892308718535,0.8286610769128147,3
9,1,6,220,179,9_7_220,CD,0.10272574713543173,0.8972742528645682,3
9,1,6,223,182,9_7_223,VD,0.5157885617582725,0.48421143824172763,2
9,1,6,224,183,9_7_224,CD,0.3822807617621907,0.6177192382378094,3
9,1,7,225,184,9_8_225,CD,0.41727187393345105,0.5827281260665489,4
9,1,7,226,185,9_8_226,VD,0.10525718940527584,0.8947428105947242,4
9,1,7,227,186,9_8_227,VD,0.1130984716403604,0.8869015283596396,3
9,1,7,228,187,9_8_228,CD,0.5205578842140702,0.47944211578592977,2
9,1,7,229,188,9_8_229,CD,0.10303131282033978,0.8969686871796602,3
9,1,7,230,189,9_8_230,CD,0.38543989033483705,0.614560109665163,3
9,1,7,231,190,9_8_231,CD,0.12023751818955204,0.8797624818104479,3
9,1,7,232,191,9_8_232,CD,0.11831094312635869,0.8816890568736413,3
9,1,7,234,192,9_8_234,VD,0.4202782101645378,0.5797217898354622,3
9,1,7,235,193,9_8_235,VD,0.43402915015275456,0.5659708498472454,4
9,1,7,236,194,9_8_236,VD,0.1345509918246373,0.8654490081753627,3
9,1,7,237,195,9_8_237,CD,0.5321238230807928,0.46787617691920724,2
9,1,7,238,196,9_8_238,VD,0.10665308207619692,0.893346917923803,4
9,1,7,242,198,9_8_242,VD,0.5271189706737092,0.4728810293262908,2
9,1,7,243,199,9_8_243,VD,0.5238242070352374,0.47617579296476265,2
9,1,7,244,200,9_8_244,CD,0.3990052927334073,0.6009947072665927,3
9,1,7,245,201,9_8_245,VD,0.12102798754983705,0.878972012450163,3
9,1,7,246,202,9_8_246,CD,0.10456677145936989,0.8954332285406301,3
9,1,7,247,203,9_8_247,VD,0.1382329919501445,0.8617670080498555,4
9,1,7,248,204,9_8_248,VD,0.12361012876216655,0.8763898712378334,3
9,1,7,249,205,9_8_249,VD,0.13173923927660394,0.8682607607233961,3
9,1,7,252,207,9_8_252,VD,0.1286358174701228,0.8713641825298772,3
9,1,7,254,209,9_8_254,CD,0.1414831075031671,0.8585168924968329,3
9,1,7,255,210,9_8_255,CD,0.1118070264509278,0.8881929735490721,3
9,1,7,256,211,9_8_256,CD,0.1883131084047322,0.8116868915952677,4
9,1,8,257,212,9_9_257,CD,0.40259381167926644,0.5974061883207336,3
9,1,8,258,213,9_9_258,CD,0.6618740024996755,0.3381259975003245,3
9,1,8,259,214,9_9_259,VD,0.3813120670307412,0.6186879329692588,3
9,1,8,260,215,9_9_260,VD,0.869231699223341,0.13076830077665902,3
9,1,8,261,216,9_9_261,CD,0.3891412455029647,0.6108587544970353,3
9,1,8,262,217,9_9_262,VD,0.11319604189232495,0.8868039581076751,3
9,1,8,264,219,9_9_264,CD,0.12634053268444662,0.8736594673155534,3
9,1,8,265,220,9_9_265,VD,0.15426798251400825,0.8457320174859917,3
9,1,8,266,221,9_9_266,VD,0.10586421022597556,0.8941357897740244,3
9,1,8,267,222,9_9_267,CD,0.13512708654953703,0.864872913450463,3
9,1,8,268,223,9_9_268,VD,0.10995251485149937,0.8900474851485006,3
9,1,8,269,224,9_9_269,CD,0.1289322869065295,0.8710677130934705,3
9,1,8,273,227,9_9_273,VD,0.38999411659959493,0.6100058834004051,3
9,1,8,274,228,9_9_274,CD,0.10231126125981312,0.8976887387401868,3
9,1,8,275,229,9_9_275,CD,0.5141301019086996,0.48586989809130043,2
9,1,8,277,231,9_9_277,CD,0.1109727443013755,0.8890272556986245,3
9,1,8,278,232,9_9_278,VD,0.12553631288772915,0.8744636871122708,3
9,1,8,279,233,9_9_279,VD,0.1279145003997829,0.8720854996002171,4
9,1,8,280,234,9_9_280,VD,0.12565397554948426,0.8743460244505157,3
9,1,8,281,235,9_9_281,CD,0.12458486220268464,0.8754151377973153,3
9,1,8,282,236,9_9_282,VD,0.3408945441834597,0.6591054558165403,4
9,1,8,283,237,9_9_283,VD,0.3471276561832765,0.6528723438167234,4
9,1,8,284,238,9_9_284,CD,0.17084817916220643,0.8291518208377936,3
9,1,8,285,239,9_9_285,CD,0.12454390009517852,0.8754560999048215,3
9,1,8,286,240,9_9_286,CD,0.11950220199349157,0.8804977980065084,3
9,1,8,287,241,9_9_287,CD,0.13665049570996882,0.8633495042900312,4
9,1,8,288,242,9_9_288,VD,0.10819595240241657,0.8918040475975834,3
11,1,1,34,1,11_2_34,CD,0.5025085072624411,0.49749149273755877,2
11,1,1,35,2,11_2_35,CD,0.14246801767019707,0.857531982329803,3
11,1,1,36,3,11_2_36,VD,0.3974432515438143,0.6025567484561857,3
11,1,1,37,4,11_2_37,CD,0.42684337552628,0.5731566244737201,3
11,1,1,38,5,11_2_38,VD,0.19099351246489835,0.8090064875351016,3
11,1,1,46,7,11_2_46,VD,0.10181529256290074,0.8981847074370992,3
11,1,1,47,8,11_2_47,CD,0.5349424889511148,0.46505751104888515,4
11,1,1,48,9,11_2_48,CD,0.5342801267982639,0.46571987320173613,4
11,1,1,49,10,11_2_49,CD,0.28790169461346465,0.7120983053865353,5
11,1,1,51,11,11_2_51,VD,0.11094765735019141,0.8890523426498086,4
11,1,1,52,12,11_2_52,CD,0.0973998080072253,0.9026001919927746,4
11,1,1,53,13,11_2_53,VD,0.5303483938515006,0.46965160614849943,4
11,1,1,54,14,11_2_54,VD,0.5139100472513202,0.48608995274867983,2
11,1,1,55,15,11_2_55,VD,0.10086523127208255,0.8991347687279174,4
11,1,1,56,16,11_2_56,VD,0.09772336212597672,0.9022766378740232,4
11,1,1,58,18,11_2_58,CD,0.0996355041262369,0.9003644958737631,4
11,1,1,59,19,11_2_59,CD,0.38265246979049833,0.6173475302095017,3
11,1,1,60,20,11_2_60,VD,0.38314816404784013,0.6168518359521598,3
11,1,1,61,21,11_2_61,VD,0.10110040706091011,0.8988995929390899,4
11,1,1,62,22,11_2_62,VD,0.09918498932822237,0.9008150106717776,4
11,1,1,64,24,11_2_64,CD,0.10065929372737759,0.8993407062726224,4
11,1,2,66,26,11_3_66,VD,0.39384460189045,0.60615539810955,3
11,1,2,67,27,11_3_67,CD,0.384872121877675,0.6151278781223251,3
11,1,2,68,28,11_3_68,CD,0.10486490805386017,0.8951350919461398,4
11,1,2,69,29,11_3_69,CD,0.3829285188054081,0.6170714811945919,3
11,1,2,70,30,11_3_70,CD,0.3181673747930781,0.6818326252069219,4
11,1,2,71,31,11_3_71,CD,0.10004382458289865,0.8999561754171013,4
11,1,2,74,32,11_3_74,CD,0.10212961923746143,0.8978703807625386,4
11,1,2,76,34,11_3_76,VD,0.10323170766880405,0.8967682923311959,4
11,1,2,77,35,11_3_77,VD,0.5140328213632861,0.48596717863671385,2
11,1,2,78,36,11_3_78,VD,0.13249199629631708,0.8675080037036829,3
11,1,2,79,37,11_3_79,VD,0.31874394500572856,0.6812560549942714,4
11,1,2,81,39,11_3_81,CD,0.31920270845361803,0.680797291546382,4
11,1,2,82,40,11_3_82,VD,0.11433673911774156,0.8856632608822586,4
11,1,2,83,41,11_3_83,VD,0.5146939885707045,0.48530601142929547,2
11,1,2,84,42,11_3_84,VD,0.10860844143591947,0.8913915585640806,4
11,1,2,85,43,11_3_85,VD,0.31953536021614115,0.6804646397838588,4
11,1,2,87,45,11_3_87,CD,0.11657842551668521,0.8834215744833148,4
11,1,2,88,46,11_3_88,CD,0.12106673621057208,0.8789332637894279,4
11,1,2,89,47,11_3_89,CD,0.12710104280962142,0.8728989571903786,4
11,1,2,90,48,11_3_90,VD,0.19194157943094972,0.8080584205690503,4
11,1,2,91,49,11_3_91,CD,0.5138655157107779,0.4861344842892221,2
11,1,2,92,50,11_3_92,VD,0.38556340986278287,0.6144365901372172,3
11,1,2,93,51,11_3_93,CD,0.5145053708702474,0.48549462912975266,2
11,1,2,94,52,11_3_94,VD,0.12449036787527303,0.875509632124727,4
11,1,2,95,53,11_3_95,CD,0.11864222410333651,0.8813577758966635,4
11,1,2,96,54,11_3_96,CD,0.1114967306502988,0.8885032693497013,4
11,1,3,97,55,11_4_97,CD,0.13590249355323575,0.8640975064467642,4
11,1,3,98,56,11_4_98,VD,0.3379901161857084,0.6620098838142916,4
11,1,3,99,57,11_4_99,CD,0.4205982304912667,0.5794017695087332,3
11,1,3,100,58,11_4_100,VD,0.11931165591034418,0.8806883440896559,4
11,1,3,101,59,11_4_101,VD,0.5233832945735377,0.4766167054264623,2
11,1,3,102,60,11_4_102,VD,0.1467435034473204,0.8532564965526797,4
11,1,3,103,61,11_4_103,CD,0.3584004684255292,0.6415995315744708,4
11,1,3,104,62,11_4_104,CD,0.5221521515319866,0.4778478484680134,2
11,1,3,105,63,11_4_105,CD,0.09534201015942885,0.9046579898405711,3
11,1,3,106,64,11_4_106,VD,0.12385459407261898,0.876145405927381,4
11,1,3,107,65,11_4_107,VD,0.11176428430200033,0.8882357156979996,4
11,1,3,108,66,11_4_108,CD,0.39555046664723637,0.6044495333527636,3
11,1,3,109,67,11_4_109,CD,0.5139621586732607,0.48603784132673933,2
11,1,3,110,68,11_4_110,VD,0.32958243521517866,0.6704175647848214,4
11,1,3,111,69,11_4_111,VD,0.10354518241098429,0.8964548175890157,4
11,1,3,112,70,11_4_112,VD,0.32209853075198025,0.6779014692480199,4
11,1,3,113,71,11_4_113,CD,0.10873667819678415,0.8912633218032158,4
11,1,3,114,72,11_4_114,VD,0.11631118036917651,0.8836888196308235,4
11,1,3,115,73,11_4_115,VD,0.4083269859391182,0.5916730140608818,3
11,1,3,116,74,11_4_116,CD,0.12776653355344478,0.8722334664465552,4
11,1,3,117,75,11_4_117,VD,0.5194443501862793,0.4805556498137206,2
11,1,3,118,76,11_4_118,CD,0.14782309314274353,0.8521769068572564,4
11,1,3,119,77,11_4_119,CD,0.10891335323717158,0.8910866467628284,4
11,1,3,122,80,11_4_122,VD,0.3878486614545106,0.6121513385454894,3
11,1,3,123,81,11_4_123,CD,0.15301512197839015,0.8469848780216098,4
11,1,3,124,82,11_4_124,CD,0.10127380299325899,0.8987261970067411,4
11,1,3,125,83,11_4_125,VD,0.12070552160415486,0.8792944783958452,4
11,1,3,126,84,11_4_126,CD,0.3342345740757784,0.6657654259242216,4
11,1,4,129,87,11_5_129,VD,0.3190511235220979,0.680948876477902,4
11,1,4,130,88,11_5_130,CD,0.5146939885707045,0.48530601142929547,2
11,1,4,131,89,11_5_131,VD,0.11796646359034849,0.8820335364096515,4
11,1,4,133,91,11_5_133,VD,0.38367984073387573,0.6163201592661243,3
11,1,4,134,92,11_5_134,CD,0.09959568635486336,0.9004043136451366,4
11,1,4,135,93,11_5_135,CD,0.1088392585001496,0.8911607414998504,4
11,1,4,137,95,11_5_137,CD,0.15207924666339118,0.8479207533366088,4
11,1,4,138,96,11_5_138,CD,0.40037160245916226,0.5996283975408376,3
11,1,4,140,98,11_5_140,VD,0.1256892463908501,0.8743107536091499,4
11,1,4,141,99,11_5_141,CD,0.5151683223299425,0.4848316776700575,2
11,1,4,142,100,11_5_142,VD,0.1290678689816197,0.8709321310183803,4
11,1,4,143,101,11_5_143,VD,0.3937654235078459,0.6062345764921541,4
11,1,4,144,102,11_5_144,VD,0.18124582847601722,0.8187541715239828,4
11,1,4,146,104,11_5_146,VD,0.11855652766779719,0.8814434723322029,4
11,1,4,147,105,11_5_147,CD,0.39239976293697976,0.6076002370630204,3
11,1,4,148,106,11_5_148,CD,0.4364409881431842,0.5635590118568158,5
11,1,4,149,107,11_5_149,CD,0.20251913835880508,0.7974808616411949,3
11,1,4,150,108,11_5_150,VD,0.10579394790388734,0.8942060520961127,4
11,1,4,151,109,11_5_151,CD,0.32069817124033917,0.6793018287596608,4
11,1,4,152,110,11_5_152,VD,0.5140328213632861,0.48596717863671385,2
11,1,4,153,111,11_5_153,VD,0.1333960005435401,0.8666039994564599,4
11,1,4,154,112,11_5_154,VD,0.38573481731196535,0.61426518268803465,3
11,1,4,155,113,11_5_155,CD,0.10940128667085974,0.8905987133291402,4
11,1,4,156,114,11_5_156,VD,0.11246989910657422,0.8875301008934258,4
11,1,4,157,115,11_5_157,CD,0.43603069666997135,0.5639693033300286,5
11,1,4,158,116,11_5_158,VD,0.5222605556276195,0.47773944437238053,2
11,1,4,159,117,11_5_159,CD,0.16331358699844103,0.836686413001559,4
11,1,4,160,118,11_5_160,CD,0.1594110252417242,0.8405889747582758,4
11,1,5,161,119,11_6_161,CD,0.5148404899325639,0.485159510067436,2
11,1,5,162,120,11_6_162,CD,0.13564157658045647,0.8643584234195435,4
11,1,5,163,121,11_6_163,CD,0.10821839793368569,0.8917816020663143,4
11,1,5,164,122,11_6_164,CD,0.46022067504078185,0.5397793249592182,3
11,1,5,166,123,11_6_166,CD,0.10939367018213567,0.8906063298178644,4
11,1,5,167,124,11_6_167,CD,0.13784350225555025,0.8621564977444497,4
11,1,5,168,125,11_6_168,CD,0.3207119558912045,0.6792880441087956,4
11,1,5,169,126,11_6_169,VD,0.10710932772505422,0.8928906722749458,4
11,1,5,170,127,11_6_170,VD,0.3541853744150213,0.6458146255849787,4
11,1,5,171,128,11_6_171,VD,0.12850975011438875,0.8714902498856112,4
11,1,5,172,129,11_6_172,CD,0.38770137861978315,0.6122986213802168,3
11,1,5,173,130,11_6_173,CD,0.3299947473531658,0.6700052526468342,4
11,1,5,174,131,11_6_174,CD,0.10139210852739211,0.8986078914726079,4
11,1,5,175,132,11_6_175,VD,0.16938769271892595,0.830612307281074,4
11,1,5,176,133,11_6_176,VD,0.09796529185904151,0.9020347081409585,4
11,1,5,177,134,11_6_177,VD,0.13057956074359667,0.8694204392564033,4
11,1,5,178,135,11_6_178,VD,0.31747574721899874,0.6825242527810013,4
11,1,5,179,136,11_6_179,VD,0.5139764394798829,0.486023560520117,2
11,1,5,181,138,11_6_181,VD,0.15123885341926752,0.8487611465807325,4
11,1,5,182,139,11_6_182,CD,0.16593534180843428,0.8340646581915657,4
11,1,5,183,140,11_6_183,VD,0.3903930997476525,0.6096069002523474,3
11,1,5,186,143,11_6_186,VD,0.5154588024789278,0.4845411975210722,2
11,1,5,187,144,11_6_187,CD,0.3401651831802243,0.6598348168197757,3
11,1,5,188,145,11_6_188,VD,0.4217994627682219,0.5782005372317781,3
11,1,5,189,146,11_6_189,VD,0.09607979070437778,0.9039202092956222,3
11,1,5,190,147,11_6_190,VD,0.10557275136948635,0.8944272486305136,4
11,1,5,192,149,11_6_192,CD,0.11530994170303349,0.8846900582969666,4
11,1,6,193,150,11_7_193,VD,0.34889986494382985,0.6511001350561703,4
11,1,6,196,152,11_7_196,VD,0.5143464270730403,0.4856535729269597,2
11,1,6,197,153,11_7_197,VD,0.10202816433925693,0.897971835660743,4
11,1,6,198,154,11_7_198,CD,0.11155380906117965,0.8884461909388204,4
11,1,6,199,155,11_7_199,CD,0.5170487871151875,0.4829512128848125,2
11,1,6,200,156,11_7_200,CD,0.25300705804839135,0.7469929419516086,4
11,1,6,201,157,11_7_201,CD,0.1120005807353336,0.8879994192646663,4
11,1,6,202,158,11_7_202,VD,0.5141109604134417,0.48588903958655827,2
11,1,6,203,159,11_7_203,CD,0.10784555186598649,0.8921544481340135,4
11,1,6,204,160,11_7_204,CD,0.10308560450571636,0.8969143954942836,4
11,1,6,205,161,11_7_205,VD,0.297917460668052,0.702082539331948,5
11,1,6,206,162,11_7_206,VD,0.5382612703778531,0.4617387296221469,4
11,1,6,207,163,11_7_207,CD,0.517573493272362,0.4824265067276379,2
11,1,6,209,165,11_7_209,CD,0.3311429084692957,0.6688570915307043,4
11,1,6,210,166,11_7_210,CD,0.3868953331089161,0.6131046668910839,3
11,1,6,211,167,11_7_211,VD,0.3838180791247139,0.6161819208752861,3
11,1,6,212,168,11_7_212,VD,0.08915957506037876,0.9108404249396213,3
11,1,6,213,169,11_7_213,VD,0.45576944207240366,0.5442305579275963,5
11,1,6,214,170,11_7_214,VD,0.3183648809751344,0.6816351190248656,4
11,1,6,215,171,11_7_215,VD,0.10698839459150378,0.8930116054084962,4
11,1,6,216,172,11_7_216,CD,0.3859708125989736,0.6140291874010264,3
11,1,6,217,173,11_7_217,CD,0.1107249161678606,0.8892750838321395,4
11,1,6,218,174,11_7_218,VD,0.09343789101433071,0.9065621089856692,3
11,1,6,221,176,11_7_221,VD,0.1854706559149455,0.8145293440850545,4
11,1,6,222,177,11_7_222,CD,0.10651325417232513,0.8934867458276748,4
11,1,6,224,179,11_7_224,CD,0.16397077303772348,0.8360292269622766,3
11,1,7,225,180,11_8_225,VD,0.48288226623075703,0.517117733769243,5
11,1,7,226,181,11_8_226,VD,0.5174870786765591,0.48251292132344087,2
11,1,7,228,183,11_8_228,CD,0.11410860062950363,0.8858913993704964,4
11,1,7,230,184,11_8_230,CD,0.5139633134735144,0.4860366865264855,2
11,1,7,231,185,11_8_231,CD,0.10751571560109811,0.8924842843989019,4
11,1,7,232,186,11_8_232,VD,0.0940839975604808,0.9059160024395192,3
11,1,7,233,187,11_8_233,CD,0.38247607991699617,0.6175239200830038,3
11,1,7,234,188,11_8_234,VD,0.517573493272362,0.4824265067276379,2
11,1,7,235,189,11_8_235,CD,0.5142432057171187,0.48575679428288143,2
11,1,7,236,190,11_8_236,CD,0.11473026220551716,0.8852697377944828,4
11,1,7,238,192,11_8_238,VD,0.5071109039580501,0.4928890960419499,4
11,1,7,239,193,11_8_239,CD,0.24424790363361953,0.7557520963663804,3
11,1,7,241,195,11_8_241,CD,0.09988547314235757,0.9001145268576425,4
11,1,7,242,196,11_8_242,VD,0.24997911694675012,0.7500208830532499,3
11,1,7,243,197,11_8_243,VD,0.4474200579713849,0.552579942028615,4
11,1,7,244,198,11_8_244,VD,0.3206578676138291,0.6793421323861709,4
11,1,7,245,199,11_8_245,CD,0.10661504138536887,0.8933849586146312,3
11,1,7,246,200,11_8_246,CD,0.21902403940051435,0.7809759605994857,3
11,1,7,247,201,11_8_247,CD,0.3907866301063222,0.6092133698936778,3
11,1,7,248,202,11_8_248,VD,0.3849255785173271,0.6150744214826729,3
11,1,7,249,203,11_8_249,VD,0.11002679290113271,0.8899732070988673,4
11,1,7,250,204,11_8_250,CD,0.10291546506614502,0.897084534933855,4
11,1,7,251,205,11_8_251,CD,0.39241772126072594,0.6075822787392741,5
11,1,7,253,207,11_8_253,VD,0.13973398791820912,0.8602660120817909,4
11,1,7,254,208,11_8_254,CD,0.1151450752638147,0.8848549247361853,4
11,1,7,255,209,11_8_255,VD,0.13843599230803275,0.8615640076919673,4
11,1,7,256,210,11_8_256,VD,0.12086922968419497,0.879130770315805,4
11,1,8,257,211,11_9_257,VD,0.3993415644067565,0.6006584355932434,4
11,1,8,258,212,11_9_258,CD,0.40349394221208523,0.5965060577879149,3
11,1,8,260,214,11_9_260,VD,0.13824280788991755,0.8617571921100824,4
11,1,8,261,215,11_9_261,CD,0.12848331919857295,0.871516680801427,4
11,1,8,263,217,11_9_263,CD,0.10007176694189497,0.8999282330581051,4
11,1,8,264,218,11_9_264,VD,0.5150933647198388,0.48490663528016115,2
11,1,8,265,219,11_9_265,CD,0.47179563021626136,0.5282043697837387,3
11,1,8,266,220,11_9_266,CD,0.4054023555671972,0.5945976444328027,4
11,1,8,267,221,11_9_267,VD,0.10359386094558222,0.8964061390544178,4
11,1,8,269,223,11_9_269,CD,0.5138752579390036,0.48612474206099643,2
11,1,8,270,224,11_9_270,VD,0.5145053708702474,0.48549462912975266,2
11,1,8,271,225,11_9_271,VD,0.4647912454274338,0.5352087545725662,3
11,1,8,272,226,11_9_272,VD,0.1506350178716465,0.8493649821283534,4
11,1,8,273,227,11_9_273,VD,0.14557059807160244,0.8544294019283976,4
11,1,8,274,228,11_9_274,CD,0.1357134420274697,0.8642865579725303,4
11,1,8,276,230,11_9_276,CD,0.11595875709849773,0.8840412429015022,4
11,1,8,277,231,11_9_277,CD,0.3550312951824198,0.6449687048175801,4
11,1,8,278,232,11_9_278,CD,0.12084179225091857,0.8791582077490814,4
11,1,8,279,233,11_9_279,CD,0.11642080237555524,0.8835791976244447,4
11,1,8,280,234,11_9_280,VD,0.1282538623854944,0.8717461376145056,4
11,1,8,281,235,11_9_281,VD,0.3302521715581118,0.6697478284418882,4
11,1,8,282,236,11_9_282,CD,0.129443705377469,0.870556294622531,3
11,1,8,283,237,11_9_283,VD,0.11071557197072207,0.889284428029278,4
11,1,8,284,238,11_9_284,CD,0.2653374566679353,0.7346625433320647,5
11,1,8,285,239,11_9_285,VD,0.11315791495928834,0.8868420850407116,4
11,1,8,286,240,11_9_286,VD,0.22646299849612245,0.7735370015038775,4
11,1,8,287,241,11_9_287,VD,0.3891193949076845,0.6108806050923156,3
11,1,8,288,242,11_9_288,CD,0.5151683223299425,0.4848316776700575,2
13,1,1,33,1,13_2_33,CD,0.3804615745700386,0.6195384254299614,4
13,1,1,34,2,13_2_34,CD,0.14001358857386018,0.8599864114261397,3
13,1,1,35,3,13_2_35,CD,0.32036296914715473,0.6796370308528452,4
13,1,1,38,5,13_2_38,CD,0.1300370846681809,0.8699629153318191,4
13,1,1,39,6,13_2_39,CD,0.3245445037970615,0.6754554962029385,4
13,1,1,40,7,13_2_40,CD,0.29216903685327444,0.7078309631467254,4
13,1,1,41,8,13_2_41,VD,0.10294828536584257,0.8970517146341574,3
13,1,1,43,9,13_2_43,VD,0.3795847017098074,0.6204152982901926,3
13,1,1,44,10,13_2_44,VD,0.11429295480776837,0.8857070451922316,3
13,1,1,46,11,13_2_46,VD,0.2109625039001142,0.7890374960998858,4
13,1,1,47,12,13_2_47,VD,0.12455453451537134,0.8754454654846286,4
13,1,1,48,13,13_2_48,CD,0.2918245687714961,0.7081754312285039,4
13,1,1,50,14,13_2_50,VD,0.3907174447844846,0.6092825552155154,4
13,1,1,52,15,13_2_52,VD,0.3787945139887586,0.6212054860112415,3
13,1,1,54,16,13_2_54,VD,0.32287263298609326,0.6771273670139067,3
13,1,1,56,18,13_2_56,VD,0.34313968390727156,0.6568603160927284,4
13,1,1,58,20,13_2_58,CD,0.33369671047657484,0.6663032895234251,4
13,1,1,60,22,13_2_60,VD,0.33261598056195685,0.6673840194380432,4
13,1,1,61,23,13_2_61,VD,0.2783436063222942,0.7216563936777058,5
13,1,1,62,24,13_2_62,CD,0.3590630303613771,0.6409369696386229,4
13,1,1,63,25,13_2_63,CD,0.581848504349392,0.41815149565060805,2
13,1,1,64,26,13_2_64,CD,0.48747318394038297,0.512526816059617,4
13,1,2,66,28,13_3_66,VD,0.488045959984887,0.511954040015113,5
13,1,2,67,29,13_3_67,VD,0.32696579904970735,0.6730342009502926,4
13,1,2,68,30,13_3_68,CD,0.31320386960196145,0.6867961303980386,4
13,1,2,69,31,13_3_69,VD,0.3915560919732577,0.6084439080267423,3
13,1,2,70,32,13_3_70,VD,0.3969849451864446,0.6030150548135553,3
13,1,2,71,33,13_3_71,CD,0.17985622808985613,0.8201437719101439,3
13,1,2,72,34,13_3_72,CD,0.10630040766612302,0.893699592333877,3
13,1,2,73,35,13_3_73,CD,0.3383513322635278,0.6616486677364722,5
13,1,2,74,36,13_3_74,VD,0.3373790811589195,0.6626209188410805,3
13,1,2,77,38,13_3_77,CD,0.642846565557274,0.3571534344427259,3
13,1,2,78,39,13_3_78,VD,0.3006121379334481,0.6993878620665519,4
13,1,2,79,40,13_3_79,CD,0.36180297716574195,0.638197022834258,3
13,1,2,80,41,13_3_80,CD,0.17888419009676026,0.8211158099032396,4
13,1,2,81,42,13_3_81,CD,0.3183555751879859,0.6816444248120141,4
13,1,2,82,43,13_3_82,CD,0.10649893290483138,0.8935010670951686,4
13,1,2,83,44,13_3_83,CD,0.272130372835214,0.7278696271647861,4
13,1,2,84,45,13_3_84,VD,0.600636780192613,0.3993632198073869,3
13,1,2,85,46,13_3_85,VD,0.5334694255015485,0.4665305744984515,2
13,1,2,86,47,13_3_86,CD,0.3317697521756804,0.6682302478243196,4
13,1,2,87,48,13_3_87,VD,0.109746189420864,0.890253810579136,4
13,1,2,88,49,13_3_88,CD,0.28265189712087985,0.7173481028791201,5
13,1,2,89,50,13_3_89,VD,0.3666354748223053,0.6333645251776947,4
13,1,2,90,51,13_3_90,CD,0.14220354064626942,0.8577964593537306,3
13,1,2,91,52,13_3_91,VD,0.31178724597519625,0.6882127540248038,4
13,1,2,93,54,13_3_93,CD,0.6770514196541512,0.32294858034584883,3
13,1,2,94,55,13_3_94,VD,0.42924751349801665,0.5707524865019834,5
13,1,2,95,56,13_3_95,VD,0.5177764558230681,0.48222354417693186,3
13,1,2,96,57,13_3_96,VD,0.09774999751089519,0.9022500024891048,4
13,1,3,97,58,13_4_97,VD,0.4302520156377404,0.5697479843622596,4
13,1,3,98,59,13_4_98,CD,0.10263839658571546,0.8973616034142846,4
13,1,3,99,60,13_4_99,VD,0.5140328213632861,0.48596717863671385,2
13,1,3,100,61,13_4_100,CD,0.5494823556076777,0.4505176443923223,4
13,1,3,104,63,13_4_104,CD,0.5151798071594968,0.4848201928405031,2
13,1,3,105,64,13_4_105,CD,0.3225091499403514,0.6774908500596486,4
13,1,3,106,65,13_4_106,VD,0.2860351933352734,0.7139648066647266,4
13,1,3,107,66,13_4_107,VD,0.6132783176788209,0.38672168232117904,4
13,1,3,108,67,13_4_108,VD,0.39185279613216006,0.6081472038678399,3
13,1,3,109,68,13_4_109,VD,0.3151634635376479,0.6848365364623521,4
13,1,3,110,69,13_4_110,VD,0.16741001588445592,0.8325899841155441,3
13,1,3,111,70,13_4_111,CD,0.18490262559592252,0.8150973744040775,4
13,1,3,112,71,13_4_112,VD,0.09918570755969411,0.9008142924403059,4
13,1,3,113,72,13_4_113,VD,0.40100267493439756,0.5989973250656024,4
13,1,3,114,73,13_4_114,VD,0.09870057464517336,0.9012994253548267,4
13,1,3,115,74,13_4_115,CD,0.11010236246535157,0.8898976375346485,4
13,1,3,117,76,13_4_117,CD,0.10856801058452696,0.8914319894154731,3
13,1,3,118,77,13_4_118,VD,0.10097145853526152,0.8990285414647385,3
13,1,3,121,79,13_4_121,CD,0.5007702705524112,0.4992297294475888,4
13,1,3,122,80,13_4_122,CD,0.1969033954768598,0.8030966045231402,4
13,1,3,123,81,13_4_123,CD,0.33993045131935795,0.660069548680642,3
13,1,3,124,82,13_4_124,CD,0.14066986185101824,0.8593301381489817,4
13,1,3,125,83,13_4_125,CD,0.31685488560139985,0.6831451143986003,4
13,1,3,126,84,13_4_126,CD,0.5143140658479859,0.4856859341520141,2
13,1,3,128,86,13_4_128,VD,0.18450496018980697,0.815495039810193,4
13,1,4,129,87,13_5_129,VD,0.4245801790176273,0.5754198209823727,4
13,1,4,130,88,13_5_130,VD,0.49763812620711784,0.5023618737928821,5
13,1,4,131,89,13_5_131,VD,0.31991969883871063,0.6800803011612894,4
13,1,4,132,90,13_5_132,VD,0.1033741677140929,0.8966258322859071,4
13,1,4,133,91,13_5_133,VD,0.10744197275372779,0.8925580272462722,3
13,1,4,135,93,13_5_135,VD,0.5159435673658215,0.48405643263417847,2
13,1,4,136,94,13_5_136,CD,0.48806610699302844,0.5119338930069715,4
13,1,4,137,95,13_5_137,CD,0.2598667674137739,0.7401332325862261,5
13,1,4,138,96,13_5_138,CD,0.4315859711071275,0.5684140288928725,3
13,1,4,139,97,13_5_139,CD,0.14972594234142428,0.8502740576585757,3
13,1,4,140,98,13_5_140,VD,0.10688434160027224,0.8931156583997277,3
13,1,4,141,99,13_5_141,CD,0.5154134429736363,0.4845865570263636,2
13,1,4,142,100,13_5_142,VD,0.2980071021949904,0.7019928978050096,4
13,1,4,143,101,13_5_143,CD,0.5361191562107455,0.4638808437892544,4
13,1,4,145,102,13_5_145,VD,0.5438461106296418,0.45615388937035817,5
13,1,4,146,103,13_5_146,CD,0.3186903745476479,0.6813096254523521,4
13,1,4,147,104,13_5_147,VD,0.17440602962311583,0.8255939703768842,3
13,1,4,148,105,13_5_148,VD,0.10443461220448552,0.8955653877955144,4
13,1,4,150,107,13_5_150,CD,0.10813080495295738,0.8918691950470427,3
13,1,4,151,108,13_5_151,CD,0.3296443797232613,0.6703556202767387,4
13,1,4,152,109,13_5_152,VD,0.38551991320444434,0.6144800867955557,3
13,1,4,153,110,13_5_153,VD,0.126821248851858,0.8731787511481419,4
13,1,4,154,111,13_5_154,VD,0.15594480475207104,0.8440551952479289,4
13,1,4,155,112,13_5_155,CD,0.13453445142313106,0.865465548576869,4
13,1,4,156,113,13_5_156,CD,0.4850290050455471,0.5149709949544529,3
13,1,4,157,114,13_5_157,CD,0.44065644193972286,0.5593435580602771,4
13,1,5,161,117,13_6_161,VD,0.3232847032535091,0.6767152967464909,4
13,1,5,162,118,13_6_162,VD,0.41063516942779454,0.5893648305722055,5
13,1,5,163,119,13_6_163,CD,0.27591698002955634,0.7240830199704437,3
13,1,5,164,120,13_6_164,VD,0.3271449540195873,0.6728550459804126,4
13,1,5,165,121,13_6_165,CD,0.36769360480929764,0.6323063951907024,4
13,1,5,166,122,13_6_166,VD,0.5362613983653961,0.4637386016346039,4
13,1,5,167,123,13_6_167,VD,0.3096769947201332,0.6903230052798668,4
13,1,5,168,124,13_6_168,CD,0.11991022539701494,0.880089774602985,4
13,1,5,170,126,13_6_170,VD,0.4537597151582805,0.5462402848417195,5
13,1,5,171,127,13_6_171,VD,0.5538442494933922,0.44615575050660783,4
13,1,5,172,128,13_6_172,CD,0.5145053708702474,0.48549462912975266,2
13,1,5,173,129,13_6_173,VD,0.27983873990731895,0.720161260092681,5
13,1,5,174,130,13_6_174,VD,0.28928075726609004,0.71071924273391,5
13,1,5,176,132,13_6_176,CD,0.09846129026925704,0.9015387097307429,3
13,1,5,177,133,13_6_177,VD,0.11239434391842607,0.8876056560815739,4
13,1,5,179,134,13_6_179,VD,0.10710013516658799,0.892899864833412,3
13,1,5,180,135,13_6_180,VD,0.319738169323557,0.680261830676443,4
13,1,5,181,136,13_6_181,CD,0.1264034145369847,0.8735965854630154,3
13,1,5,182,137,13_6_182,CD,0.14787003766202314,0.8521299623379769,4
13,1,5,184,139,13_6_184,CD,0.1351527185062053,0.8648472814937946,4
13,1,5,185,140,13_6_185,CD,0.39182531229257644,0.6081746877074236,3
13,1,5,187,142,13_6_187,CD,0.44239034653288556,0.5576096534671144,5
13,1,5,188,143,13_6_188,CD,0.6719552697306498,0.3280447302693502,3
13,1,5,189,144,13_6_189,CD,0.19020748797449782,0.8097925120255022,4
13,1,5,190,145,13_6_190,VD,0.3975796828461084,0.6024203171538915,4
13,1,5,191,146,13_6_191,CD,0.32270008925713967,0.6772999107428603,4
13,1,6,193,147,13_7_193,CD,0.17703927916108952,0.8229607208389105,3
13,1,6,195,149,13_7_195,CD,0.14473824285076103,0.8552617571492389,4
13,1,6,196,150,13_7_196,VD,0.5194789216827469,0.48052107831725305,2
13,1,6,197,151,13_7_197,CD,0.555383457467003,0.44461654253299693,2
13,1,6,199,152,13_7_199,CD,0.33051209894920724,0.6694879010507928,4
13,1,6,201,154,13_7_201,VD,0.26672090581631724,0.7332790941836828,5
13,1,6,202,155,13_7_202,VD,0.32422498241449826,0.6757750175855017,4
13,1,6,203,156,13_7_203,CD,0.21832110723267573,0.7816788927673243,3
13,1,6,205,158,13_7_205,VD,0.11552845635199357,0.8844715436480064,4
13,1,6,206,159,13_7_206,CD,0.6249418237322794,0.3750581762677207,5
13,1,6,207,160,13_7_207,CD,0.6830043117875062,0.31699568821249385,3
13,1,6,208,161,13_7_208,VD,0.18302320692842491,0.816976793071575,4
13,1,6,209,162,13_7_209,CD,0.4019007205492331,0.5980992794507669,3
13,1,6,210,163,13_7_210,CD,0.44926441761278396,0.5507355823872161,3
13,1,6,211,164,13_7_211,VD,0.38653359569517914,0.6134664043048208,3
13,1,6,212,165,13_7_212,VD,0.11597208834413185,0.8840279116558681,4
13,1,6,215,167,13_7_215,CD,0.3196220300102816,0.6803779699897183,4
13,1,6,216,168,13_7_216,CD,0.09780799107797922,0.9021920089220208,3
13,1,6,217,169,13_7_217,VD,0.37290274963722053,0.6270972503627795,3
13,1,6,218,170,13_7_218,VD,0.28065392753576723,0.7193460724642328,5
13,1,6,219,171,13_7_219,CD,0.10563180889492914,0.8943681911050709,4
13,1,6,220,172,13_7_220,CD,0.3322022569512487,0.6677977430487513,4
13,1,6,221,173,13_7_221,VD,0.4888136884908371,0.5111863115091629,4
13,1,6,222,174,13_7_222,VD,0.4458393683203908,0.5541606316796092,5
13,1,6,223,175,13_7_223,VD,0.3165372885221873,0.6834627114778127,4
13,1,6,224,176,13_7_224,VD,0.10361309526122289,0.8963869047387771,4
13,1,7,225,177,13_8_225,VD,0.42970439432605434,0.5702956056739457,5
13,1,7,226,178,13_8_226,CD,0.1969545324851553,0.8030454675148447,4
13,1,7,227,179,13_8_227,CD,0.12037720419313137,0.8796227958068685,4
13,1,7,228,180,13_8_228,VD,0.15840420584630616,0.8415957941536938,4
13,1,7,231,182,13_8_231,VD,0.42483423984831953,0.5751657601516804,5
13,1,7,232,183,13_8_232,CD,0.12628606156938288,0.8737139384306171,4
13,1,7,233,184,13_8_233,CD,0.3168451497878967,0.6831548502121034,4
13,1,7,234,185,13_8_234,VD,0.5143759787237827,0.4856240212762173,2
13,1,7,235,186,13_8_235,VD,0.38558207076034584,0.6144179292396542,4
13,1,7,236,187,13_8_236,VD,0.33319456517878,0.66680543482122,4
13,1,7,237,188,13_8_237,VD,0.3267404254113247,0.6732595745886754,5
13,1,7,238,189,13_8_238,VD,0.263524801483894,0.736475198516106,4
13,1,7,240,191,13_8_240,CD,0.3804894803731653,0.6195105196268347,3
13,1,7,241,192,13_8_241,VD,0.2215670667493233,0.7784329332506768,4
13,1,7,242,193,13_8_242,VD,0.4536970294889252,0.5463029705110748,5
13,1,7,243,194,13_8_243,CD,0.5353089724997161,0.4646910275002839,4
13,1,7,244,195,13_8_244,CD,0.1185008283849327,0.8814991716150673,4
13,1,7,246,197,13_8_246,CD,0.09753480230663131,0.9024651976933687,4
13,1,7,247,198,13_8_247,CD,0.32516086620656187,0.6748391337934381,4
13,1,7,248,199,13_8_248,VD,0.2508440387021481,0.7491559612978519,3
13,1,7,249,200,13_8_249,CD,0.10843624755184793,0.8915637524481521,4
13,1,7,251,201,13_8_251,VD,0.27708354327532175,0.7229164567246783,5
13,1,7,252,202,13_8_252,CD,0.10391363000044036,0.8960863699995596,4
13,1,7,253,203,13_8_253,CD,0.5232052077688928,0.4767947922311073,3
13,1,7,255,205,13_8_255,CD,0.5347199911272049,0.465280008872795,2
13,1,7,256,206,13_8_256,CD,0.5151798071594968,0.4848201928405031,2
13,1,8,257,207,13_9_257,VD,0.5807734639676938,0.41922653603230625,5
13,1,8,258,208,13_9_258,VD,0.35591221860556377,0.6440877813944362,4
13,1,8,259,209,13_9_259,CD,0.10777967713831997,0.8922203228616801,3
13,1,8,260,210,13_9_260,VD,0.1603049079126244,0.8396950920873756,4
13,1,8,261,211,13_9_261,CD,0.1572509556944901,0.8427490443055099,4
13,1,8,262,212,13_9_262,CD,0.1607934187650355,0.8392065812349645,4
13,1,8,263,213,13_9_263,CD,0.10701170436875673,0.8929882956312433,4
13,1,8,264,214,13_9_264,VD,0.46280038523456835,0.5371996147654317,5
13,1,8,265,215,13_9_265,VD,0.40197897135008037,0.5980210286499197,3
13,1,8,267,217,13_9_267,CD,0.18309050978083366,0.8169094902191664,4
13,1,8,268,218,13_9_268,CD,0.11505340424508824,0.8849465957549117,4
13,1,8,269,219,13_9_269,CD,0.11687729858051933,0.8831227014194807,4
13,1,8,270,220,13_9_270,VD,0.12524361134754555,0.8747563886524545,4
13,1,8,271,221,13_9_271,VD,0.3511031824142082,0.6488968175857919,3
13,1,8,272,222,13_9_272,VD,0.16559667867578845,0.8344033213242116,4
13,1,8,273,223,13_9_273,VD,0.11044874714119086,0.8895512528588091,4
13,1,8,275,224,13_9_275,VD,0.21368782827872507,0.7863121717212749,3
13,1,8,277,226,13_9_277,CD,0.18083732809532663,0.8191626719046734,3
13,1,8,278,227,13_9_278,CD,0.5887759901755438,0.4112240098244561,3
13,1,8,279,228,13_9_279,CD,0.5208787642782777,0.47912123572172227,5
13,1,8,280,229,13_9_280,CD,0.5141066122915907,0.48589338770840934,2
13,1,8,281,230,13_9_281,VD,0.09919130491659896,0.900808695083401,3
13,1,8,282,231,13_9_282,CD,0.355158364581058,0.644841635418942,4
13,1,8,284,233,13_9_284,VD,0.19825109227224472,0.8017489077277553,4
13,1,8,285,234,13_9_285,CD,0.3286383782729888,0.6713616217270112,5
13,1,8,287,236,13_9_287,CD,0.5743640524744611,0.4256359475255389,3
13,1,8,288,237,13_9_288,VD,0.3765303908912452,0.6234696091087548,4
15,1,1,33,1,15_2_33,VD,0.1080529629422796,0.8919470370577204,3
15,1,1,34,2,15_2_34,CD,0.07877183521783249,0.9212281647821676,2
15,1,1,35,3,15_2_35,VD,0.09834611041100502,0.901653889588995,4
15,1,1,36,4,15_2_36,CD,0.12803559947968196,0.871964400520318,3
15,1,1,37,5,15_2_37,VD,0.08305565560510891,0.916944344394891,2
15,1,1,38,6,15_2_38,CD,0.17520708519368264,0.8247929148063173,3
15,1,1,39,7,15_2_39,VD,0.32885960146867727,0.6711403985313227,3
15,1,1,41,8,15_2_41,CD,0.11487493309628752,0.8851250669037125,4
15,1,1,42,9,15_2_42,VD,0.261524429464124,0.738475570535876,3
15,1,1,43,10,15_2_43,CD,0.11999820915555245,0.8800017908444475,3
15,1,1,44,11,15_2_44,VD,0.1166983733418592,0.8833016266581408,3
15,1,1,48,15,15_2_48,VD,0.43134803996221593,0.5686519600377841,4
15,1,1,49,16,15_2_49,VD,0.09163137473891954,0.9083686252610805,3
15,1,1,51,18,15_2_51,CD,0.09189323555197193,0.9081067644480281,3
15,1,1,53,19,15_2_53,VD,0.1388021103862181,0.861197889613782,4
15,1,1,54,20,15_2_54,VD,0.40183455051944245,0.5981654494805575,3
15,1,1,55,21,15_2_55,VD,0.5141301019086996,0.48586989809130043,2
15,1,1,56,22,15_2_56,CD,0.5144474797559201,0.48555252024407997,2
15,1,1,57,23,15_2_57,CD,0.41585756949427644,0.5841424305057236,3
15,1,1,58,24,15_2_58,VD,0.5174870786765591,0.48251292132344087,2
15,1,1,59,25,15_2_59,VD,0.10368715885225963,0.8963128411477403,4
15,1,1,61,26,15_2_61,CD,0.1043663585350085,0.8956336414649915,3
15,1,1,63,28,15_2_63,CD,0.5169029994153532,0.4830970005846468,2
15,1,1,64,29,15_2_64,CD,0.10395474079478034,0.8960452592052197,4
15,1,2,65,30,15_3_65,CD,0.1046877679522842,0.8953122320477157,3
15,1,2,66,31,15_3_66,CD,0.10158386197583959,0.8984161380241604,4
15,1,2,67,32,15_3_67,VD,0.5508415788808503,0.4491584211191497,2
15,1,2,69,34,15_3_69,CD,0.10495865448053049,0.8950413455194695,4
15,1,2,70,35,15_3_70,VD,0.3220656956475025,0.6779343043524975,4
15,1,2,73,38,15_3_73,VD,0.17412056432536369,0.8258794356746364,4
15,1,2,74,39,15_3_74,VD,0.09927230227098922,0.9007276977290107,4
15,1,2,76,40,15_3_76,CD,0.13558844047731233,0.8644115595226877,4
15,1,2,77,41,15_3_77,VD,0.09161514561931039,0.9083848543806896,3
15,1,2,79,43,15_3_79,VD,0.5165605514890546,0.48343944851094534,2
15,1,2,82,44,15_3_82,VD,0.25254256698560806,0.7474574330143919,3
15,1,2,84,46,15_3_84,CD,0.5288921924239013,0.47110780757609877,2
15,1,2,88,47,15_3_88,VD,0.5151658810324791,0.4848341189675209,2
15,1,2,91,48,15_3_91,CD,0.42913574674131183,0.5708642532586883,3
15,1,2,92,49,15_3_92,VD,0.10032737712945865,0.8996726228705413,3
15,1,2,93,50,15_3_93,CD,0.14803351963599046,0.8519664803640095,3
15,1,2,94,51,15_3_94,CD,0.10945548978210792,0.890544510217892,4
15,1,2,95,52,15_3_95,VD,0.10118780010488082,0.8988121998951192,4
15,1,2,96,53,15_3_96,CD,0.2485288013120672,0.7514711986879328,3
15,1,3,97,54,15_4_97,CD,0.20397005279653085,0.7960299472034692,3
15,1,3,98,55,15_4_98,CD,0.37610357330373095,0.6238964266962691,3
15,1,3,99,56,15_4_99,VD,0.42956598916521177,0.5704340108347882,3
15,1,3,100,57,15_4_100,VD,0.5141109604134417,0.48588903958655827,2
15,1,3,103,58,15_4_103,CD,0.10094680548513515,0.8990531945148648,3
15,1,3,105,59,15_4_105,VD,0.3915518829103398,0.6084481170896602,3
15,1,3,106,60,15_4_106,VD,0.10442788244410177,0.8955721175558983,4
15,1,3,107,61,15_4_107,CD,0.11788065382056036,0.8821193461794397,4
15,1,3,110,64,15_4_110,CD,0.3361950646215274,0.6638049353784726,4
15,1,3,111,65,15_4_111,VD,0.22672944639259676,0.7732705536074033,3
15,1,3,112,66,15_4_112,CD,0.38463686407661635,0.6153631359233837,3
15,1,3,113,67,15_4_113,CD,0.5743339861634127,0.42566601383658725,2
15,1,3,114,68,15_4_114,VD,0.10673488970605782,0.8932651102939422,4
15,1,3,116,69,15_4_116,VD,0.31688864354670665,0.6831113564532934,4
15,1,3,117,70,15_4_117,CD,0.101124402978219,0.898875597021781,4
15,1,3,118,71,15_4_118,CD,0.09402765189413181,0.9059723481058682,3
15,1,3,120,73,15_4_120,CD,0.5189832662897024,0.4810167337102976,2
15,1,3,121,74,15_4_121,VD,0.41503006802942227,0.5849699319705777,5
15,1,3,122,75,15_4_122,VD,0.3852992768057351,0.6147007231942649,3
15,1,3,123,76,15_4_123,CD,0.10382999799269649,0.8961700020073035,3
15,1,3,126,78,15_4_126,VD,0.10174890698543443,0.8982510930145655,4
15,1,3,127,79,15_4_127,CD,0.09793964918110236,0.9020603508188977,4
15,1,3,128,80,15_4_128,CD,0.3083417492663413,0.6916582507336587,4
15,1,4,129,81,15_5_129,VD,0.32017707083659935,0.6798229291634006,4
15,1,4,130,82,15_5_130,VD,0.38276717492507606,0.6172328250749239,3
15,1,4,131,83,15_5_131,CD,0.5139463903499893,0.4860536096500106,2
15,1,4,132,84,15_5_132,CD,0.09735418945058498,0.9026458105494151,4
15,1,4,133,85,15_5_133,CD,0.10028287164072736,0.8997171283592726,4
15,1,4,134,86,15_5_134,CD,0.5139072028708299,0.4860927971291701,2
15,1,4,135,87,15_5_135,CD,0.31949912809714753,0.6805008719028525,4
15,1,4,136,88,15_5_136,CD,0.3169097265213897,0.6830902734786103,4
15,1,4,137,89,15_5_137,CD,0.10015470549155285,0.8998452945084472,4
15,1,4,141,91,15_5_141,VD,0.3658184119472943,0.6341815880527056,3
15,1,4,142,92,15_5_142,VD,0.31019881020707213,0.6898011897929278,4
15,1,4,144,94,15_5_144,VD,0.5142432057171187,0.48575679428288143,2
15,1,4,146,95,15_5_146,VD,0.1023553200625832,0.8976446799374168,4
15,1,4,147,96,15_5_147,CD,0.10897380868437864,0.8910261913156214,4
15,1,4,149,97,15_5_149,CD,0.10395287431003722,0.8960471256899628,3
15,1,4,150,98,15_5_150,VD,0.3200452806112883,0.6799547193887117,4
15,1,4,151,99,15_5_151,VD,0.09913442858879505,0.9008655714112049,4
15,1,4,152,100,15_5_152,VD,0.09980562664644231,0.9001943733535577,4
15,1,4,153,101,15_5_153,VD,0.09883873716797972,0.9011612628320202,4
15,1,4,154,102,15_5_154,VD,0.5141109604134417,0.48588903958655827,2
15,1,4,155,103,15_5_155,CD,0.13437008056794408,0.8656299194320559,4
15,1,4,157,105,15_5_157,CD,0.38354773598097297,0.6164522640190271,3
15,1,4,158,106,15_5_158,VD,0.5339006392966064,0.4660993607033937,2
15,1,4,159,107,15_5_159,CD,0.386001642596815,0.613998357403185,3
15,1,5,161,109,15_6_161,VD,0.09803935086425564,0.9019606491357444,4
15,1,5,162,110,15_6_162,CD,0.09704957179106075,0.9029504282089392,4
15,1,5,163,111,15_6_163,CD,0.09805470213567882,0.9019452978643212,4
15,1,5,164,112,15_6_164,CD,0.09734135286395845,0.9026586471360416,4
15,1,5,166,114,15_6_166,VD,0.1053095724719672,0.89469042752803285,4
15,1,5,168,115,15_6_168,VD,0.11682421140200991,0.8831757885979901,4
15,1,5,169,116,15_6_169,VD,0.09955412588737471,0.9004458741126253,4
15,1,5,170,117,15_6_170,VD,0.11620974937639672,0.8837902506236033,3
15,1,5,171,118,15_6_171,CD,0.5149666392968578,0.4850333607031422,2
15,1,5,172,119,15_6_172,CD,0.1291014300495066,0.8708985699504934,4
15,1,5,173,120,15_6_173,VD,0.5143759787237827,0.4856240212762173,2
15,1,5,174,121,15_6_174,VD,0.10081329655834609,0.8991867034416539,4
15,1,5,176,123,15_6_176,CD,0.10685721294740538,0.8931427870525946,4
15,1,5,177,124,15_6_177,VD,0.5142432057171187,0.48575679428288143,2
15,1,5,178,125,15_6_178,VD,0.4313247292957875,0.5686752707042124,3
15,1,5,179,126,15_6_179,CD,0.11601948174961178,0.8839805182503881,4
15,1,5,180,127,15_6_180,VD,0.10750055264812419,0.8924994473518758,4
15,1,5,181,128,15_6_181,VD,0.09074072184693972,0.9092592781530603,3
15,1,5,182,129,15_6_182,VD,0.38260504761723874,0.6173949523827613,3
15,1,5,185,131,15_6_185,CD,0.103785889719763,0.896214110280237,4
15,1,5,186,132,15_6_186,VD,0.3625208095294941,0.6374791904705058,3
15,1,5,187,133,15_6_187,CD,0.3883806157595447,0.6116193842404554,3
15,1,5,188,134,15_6_188,CD,0.3185724201645196,0.6814275798354803,4
15,1,5,189,135,15_6_189,CD,0.5140328213632861,0.48596717863671385,2
15,1,5,191,136,15_6_191,VD,0.3932541445292944,0.6067458554707056,3
15,1,6,193,137,15_7_193,CD,0.14607822979252916,0.8539217702074708,2
15,1,6,195,138,15_7_195,VD,0.3856198632092549,0.6143801367907451,3
15,1,6,196,139,15_7_196,VD,0.10875985673506454,0.8912401432649355,4
15,1,6,197,140,15_7_197,VD,0.39046760593064495,0.6095323940693551,3
15,1,6,198,141,15_7_198,VD,0.10591914591895109,0.894080854081049,4
15,1,6,199,142,15_7_199,VD,0.09960006032694875,0.9003999396730512,4
15,1,6,202,143,15_7_202,VD,0.3183792253200588,0.6816207746799412,4
15,1,6,203,144,15_7_203,VD,0.10222952129448334,0.8977704787055167,4
15,1,6,204,145,15_7_204,VD,0.10457703241307346,0.8954229675869265,4
15,1,6,206,147,15_7_206,CD,0.1166273367894235,0.8833726632105765,4
15,1,6,207,148,15_7_207,CD,0.09815228645672378,0.9018477135432762,4
15,1,6,210,150,15_7_210,CD,0.11332159257370435,0.8866784074262957,4
15,1,6,213,152,15_7_213,CD,0.10015003245259449,0.8998499675474054,4
15,1,6,215,153,15_7_215,CD,0.5143464270730403,0.4856535729269597,2
15,1,6,218,155,15_7_218,VD,0.38474336150329475,0.6152566384967053,3
15,1,6,219,156,15_7_219,VD,0.3858380856390126,0.6141619143609874,3
15,1,6,220,157,15_7_220,CD,0.382469967080051,0.617530032919949,3
15,1,6,222,158,15_7_222,CD,0.10714523411613994,0.89285476588386,4
15,1,6,223,159,15_7_223,CD,0.1100080291764131,0.8899919708235869,4
15,1,6,224,160,15_7_224,VD,0.3259602669735546,0.6740397330264453,4
15,1,7,226,162,15_8_226,CD,0.5211435143424554,0.4788564856575446,2
15,1,7,227,163,15_8_227,VD,0.31823305183763617,0.6817669481623638,4
15,1,7,228,164,15_8_228,VD,0.09970378716797262,0.9002962128320273,4
15,1,7,229,165,15_8_229,VD,0.10055574633113581,0.8994442536688643,4
15,1,7,230,166,15_8_230,CD,0.11056186690971727,0.8894381330902827,4
15,1,7,231,167,15_8_231,CD,0.27500086169973315,0.7249991383002669,4
15,1,7,232,168,15_8_232,CD,0.09808544030129242,0.9019145596987076,4
15,1,7,234,169,15_8_234,VD,0.5388510848289882,0.46114891517101175,2
15,1,7,235,170,15_8_235,VD,0.5156678928186312,0.48433210718136877,2
15,1,7,239,173,15_8_239,CD,0.10399111106180756,0.8960088889381925,4
15,1,7,240,174,15_8_240,VD,0.09657022091363573,0.9034297790863642,4
15,1,7,241,175,15_8_241,CD,0.31688788810955426,0.6831121118904457,4
15,1,7,242,176,15_8_242,CD,0.3827594667021924,0.6172405332978076,3
15,1,7,243,177,15_8_243,VD,0.3344513630058096,0.6655486369941904,4
15,1,7,244,178,15_8_244,CD,0.6564397290151178,0.3435602709848822,3
15,1,7,245,179,15_8_245,VD,0.5143464270730403,0.4856535729269597,2
15,1,7,248,181,15_8_248,VD,0.3828494209277956,0.6171505790722044,3
15,1,7,249,182,15_8_249,CD,0.09637907860649463,0.9036209213935054,4
15,1,7,251,183,15_8_251,VD,0.10136634932739219,0.8986336506726078,4
15,1,7,252,184,15_8_252,VD,0.12256810204886712,0.8774318979511329,4
15,1,7,254,185,15_8_254,CD,0.5143759787237827,0.4856240212762173,2
15,1,7,255,186,15_8_255,CD,0.10470406524113784,0.8952959347588622,4
15,1,7,256,187,15_8_256,CD,0.10338289603423195,0.896617103965768,4
15,1,8,258,189,15_9_258,CD,0.11698347536808835,0.8830165246319117,4
15,1,8,260,190,15_9_260,VD,0.3199191911994681,0.6800808088005319,4
15,1,8,261,191,15_9_261,CD,0.10347674812716948,0.8965232518728306,4
15,1,8,262,192,15_9_262,VD,0.0970889702983311,0.9029110297016689,4
15,1,8,263,193,15_9_263,CD,0.09907380229663076,0.9009261977033692,4
15,1,8,265,195,15_9_265,VD,0.3204792339910386,0.6795207660089615,4
15,1,8,266,196,15_9_266,CD,0.10291577276146824,0.8970842272385318,4
15,1,8,267,197,15_9_267,CD,0.385575979230002,0.614424020769998,3
15,1,8,268,198,15_9_268,CD,0.5154588024789278,0.4845411975210722,2
15,1,8,270,199,15_9_270,CD,0.3173899985888643,0.6826100014111358,4
15,1,8,271,200,15_9_271,VD,0.3831510488545771,0.6168489511454229,3
15,1,8,272,201,15_9_272,VD,0.10300566364002736,0.8969943363599726,4
15,1,8,273,202,15_9_273,VD,0.1069496250600582,0.8930503749399418,4
15,1,8,274,203,15_9_274,VD,0.3177718404958564,0.6822281595041436,4
15,1,8,275,204,15_9_275,VD,0.3835268605645621,0.6164731394354379,3
15,1,8,276,205,15_9_276,CD,0.10411277954532858,0.8958872204546714,4
15,1,8,277,206,15_9_277,CD,0.10314440423267564,0.8968555957673243,4
15,1,8,278,207,15_9_278,VD,0.11362697349089657,0.8863730265091034,4
15,1,8,279,208,15_9_279,CD,0.10031997205155094,0.8996800279484491,4
15,1,8,281,210,15_9_281,CD,0.3856879413869613,0.6143120586130387,3
15,1,8,282,211,15_9_282,CD,0.3201998713117709,0.6798001286882291,4
15,1,8,283,212,15_9_283,VD,0.10009826758257256,0.8999017324174274,4
15,1,8,284,213,15_9_284,VD,0.5139443400733589,0.4860556599266411,2
15,1,8,285,214,15_9_285,VD,0.09807383442541734,0.9019261655745827,4
15,1,8,286,215,15_9_286,CD,0.5139633134735144,0.4860366865264855,2
15,1,8,288,217,15_9_288,VD,0.10687548267275895,0.8931245173272411,4
17,1,1,33,1,17_2_33,VD,0.5408898920522105,0.45911010794778956,6
17,1,1,34,2,17_2_34,VD,0.2945893719472041,0.705410628052796,4
17,1,1,35,3,17_2_35,CD,0.266459568058513,0.733540431941487,5
17,1,1,37,5,17_2_37,VD,0.48458618279177706,0.515413817208223,3
17,1,1,38,6,17_2_38,CD,0.45411749573820126,0.5458825042617987,5
17,1,1,39,7,17_2_39,CD,0.3233387560210973,0.6766612439789027,4
17,1,1,40,8,17_2_40,CD,0.348658837615838,0.651341162384162,4
17,1,1,41,9,17_2_41,CD,0.18416832792369023,0.8158316720763097,4
17,1,1,42,10,17_2_42,CD,0.4705600243590644,0.5294399756409356,4
17,1,1,43,11,17_2_43,CD,0.434230553714215,0.5657694462857851,3
17,1,1,46,13,17_2_46,VD,0.644729172195712,0.3552708278042881,5
17,1,1,49,14,17_2_49,CD,0.6474205936898585,0.35257940631014156,5
17,1,1,50,15,17_2_50,VD,0.5242531118327014,0.4757468881672987,2
17,1,1,54,16,17_2_54,VD,0.6800775311014678,0.3199224688985321,3
17,1,1,55,17,17_2_55,CD,0.631805668520309,0.368194331479691,3
17,1,1,58,19,17_2_58,CD,0.4996796508266083,0.5003203491733916,4
17,1,1,59,20,17_2_59,VD,0.5536440331415893,0.4463559668584107,4
17,1,1,60,21,17_2_60,VD,0.12431828863149201,0.875681711368508,4
17,1,1,64,22,17_2_64,VD,0.16566524630065288,0.8343347536993472,4
17,1,2,65,23,17_3_65,VD,0.4782222911721495,0.5217777088278506,6
17,1,2,66,24,17_3_66,VD,0.3649973681004276,0.6350026318995724,4
17,1,2,67,25,17_3_67,CD,0.5134503081456865,0.48654969185431357,5
17,1,2,68,26,17_3_68,CD,0.3760527362795062,0.6239472637204938,5
17,1,2,69,27,17_3_69,VD,0.240499019197657,0.759500980802343,3
17,1,2,70,28,17_3_70,CD,0.194336116802356,0.8056638831976439,4
17,1,2,71,29,17_3_71,VD,0.4323840718044803,0.5676159281955198,4
17,1,2,74,30,17_3_74,CD,0.41577383164258025,0.5842261683574197,4
17,1,2,76,32,17_3_76,VD,0.23252316251536678,0.7674768374846332,3
17,1,2,77,33,17_3_77,CD,0.6249939599429681,0.3750060400570318,2
17,1,2,78,34,17_3_78,CD,0.42194442924734077,0.5780555707526592,3
17,1,2,81,35,17_3_81,CD,0.1475650487930309,0.8524349512069691,3
17,1,2,82,36,17_3_82,CD,0.5532402832649415,0.44675971673505854,5
17,1,2,85,38,17_3_85,VD,0.5176819094457459,0.48231809055425406,3
17,1,2,86,39,17_3_86,VD,0.4013599813001504,0.5986400186998496,3
17,1,2,87,40,17_3_87,VD,0.5629522086280393,0.4370477913719607,2
17,1,2,88,41,17_3_88,VD,0.5139792976138002,0.4860207023861998,2
17,1,2,89,42,17_3_89,CD,0.5159435673658215,0.48405643263417847,2
17,1,2,90,43,17_3_90,VD,0.15566742315063714,0.8443325768493628,3
17,1,2,91,44,17_3_91,CD,0.38615030149928753,0.6138496985007125,4
17,1,2,94,46,17_3_94,VD,0.4333839004918118,0.5666160995081883,3
17,1,2,96,47,17_3_96,CD,0.33929990686073985,0.6607000931392601,4
17,1,3,99,48,17_4_99,VD,0.6793017463784333,0.3206982536215666,3
17,1,3,104,50,17_4_104,CD,0.21709979370635213,0.7829002062936479,3
17,1,3,105,51,17_4_105,CD,0.15478376876074795,0.845216231239252,3
17,1,3,106,52,17_4_106,VD,0.6116899530338519,0.3883100469661481,2
17,1,3,107,53,17_4_107,CD,0.41019081367092214,0.5898091863290779,3
17,1,3,109,54,17_4_109,VD,0.40139130932918016,0.5986086906708199,3
17,1,3,110,55,17_4_110,VD,0.16029231516769188,0.8397076848323082,4
17,1,3,111,56,17_4_111,CD,0.282313830909501,0.717686169090499,5
17,1,3,112,57,17_4_112,CD,0.56495589158235,0.43504410841764996,4
17,1,3,113,58,17_4_113,CD,0.4973897044175876,0.5026102955824124,2
17,1,3,114,59,17_4_114,CD,0.34388872248857355,0.6561112775114265,5
17,1,3,117,61,17_4_117,CD,0.16179148586919395,0.838208514130806,4
17,1,3,119,62,17_4_119,VD,0.34617488651038086,0.6538251134896191,5
17,1,3,120,63,17_4_120,VD,0.3609105248428765,0.6390894751571236,4
17,1,3,122,65,17_4_122,VD,0.45331901626226834,0.5466809837377317,3
17,1,3,123,66,17_4_123,VD,0.5435346924250761,0.45646530757492393,2
17,1,3,124,67,17_4_124,CD,0.23384026485519857,0.7661597351448014,3
17,1,3,126,69,17_4_126,VD,0.3871138384017703,0.6128861615982297,4
17,1,3,127,70,17_4_127,CD,0.15285093792364812,0.8471490620763519,4
17,1,4,129,71,17_5_129,VD,0.26943787559852844,0.7305621244014715,5
17,1,4,130,72,17_5_130,CD,0.45660162550507305,0.5433983744949269,3
17,1,4,131,73,17_5_131,CD,0.41831510874644195,0.581684891253558,3
17,1,4,133,74,17_5_133,CD,0.22272598250727177,0.7772740174927282,4
17,1,4,134,75,17_5_134,VD,0.4067149205062188,0.5932850794937812,3
17,1,4,136,76,17_5_136,VD,0.4236789370190318,0.5763210629809681,4
17,1,4,138,77,17_5_138,VD,0.37805377275581176,0.6219462272441884,4
17,1,4,139,78,17_5_139,CD,0.20364212474921742,0.7963578752507826,4
17,1,4,140,79,17_5_140,VD,0.6373232276503591,0.36267677234964085,3
17,1,4,141,80,17_5_141,CD,0.5350451145106686,0.4649548854893314,5
17,1,4,142,81,17_5_142,CD,0.6781321656392559,0.32186783436074407,3
17,1,4,143,82,17_5_143,VD,0.10130794974971234,0.8986920502502876,4
17,1,4,145,84,17_5_145,CD,0.19861158735530898,0.8013884126446911,4
17,1,4,147,85,17_5_147,CD,0.5260148752458843,0.47398512475411564,5
17,1,4,149,87,17_5_149,VD,0.653101189184859,0.346898810815141,6
17,1,4,150,88,17_5_150,CD,0.9333127217093028,0.06668727829069722,3
17,1,4,151,89,17_5_151,VD,0.5959139213268405,0.4040860786731595,4
17,1,4,153,90,17_5_153,CD,0.26269069377245974,0.7373093062275403,5
17,1,4,154,91,17_5_154,VD,0.47467091389272126,0.5253290861072787,3
17,1,4,155,92,17_5_155,CD,0.19322953529877251,0.8067704647012275,4
17,1,4,157,93,17_5_157,CD,0.6112474590152036,0.38875254098479634,2
17,1,5,161,95,17_6_161,VD,0.5497862792772201,0.4502137207227799,2
17,1,5,163,96,17_6_163,CD,0.24953301795444155,0.7504669820455584,4
17,1,5,165,97,17_6_165,CD,0.5335534682365446,0.4664465317634554,2
17,1,5,166,98,17_6_166,VD,0.6259991238340105,0.37400087616598954,3
17,1,5,167,99,17_6_167,VD,0.5360529750964017,0.4639470249035983,2
17,1,5,170,100,17_6_170,VD,0.4662988635483256,0.5337011364516743,3
17,1,5,171,101,17_6_171,VD,0.4327710283218041,0.5672289716781959,3
17,1,5,172,102,17_6_172,VD,0.44375243046172086,0.5562475695382791,4
17,1,5,173,103,17_6_173,CD,0.19299634018099446,0.8070036598190056,4
17,1,5,174,104,17_6_174,VD,0.7267095706093967,0.2732904293906033,3
17,1,5,177,105,17_6_177,CD,0.2048330997136712,0.7951669002863289,4
17,1,5,178,106,17_6_178,VD,0.517354742090881,0.48264525790911905,4
17,1,5,180,107,17_6_180,CD,0.1546000911055521,0.8453999088944479,3
17,1,5,182,108,17_6_182,VD,0.2234565667429566,0.7765434332570433,4
17,1,5,183,109,17_6_183,VD,0.5459262885437468,0.4540737114562533,4
17,1,5,184,110,17_6_184,VD,0.4019206017421785,0.5980793982578216,3
17,1,5,185,111,17_6_185,CD,0.5534228143770181,0.4465771856229819,3
17,1,5,187,112,17_6_187,CD,0.19904561538045562,0.8009543846195444,4
17,1,5,189,113,17_6_189,VD,0.23257310723823907,0.7674268927617609,5
17,1,5,191,115,17_6_191,VD,0.1258202038339103,0.8741797961660898,4
17,1,6,193,116,17_7_193,CD,0.48451235479937377,0.5154876452006263,3
17,1,6,194,117,17_7_194,CD,0.4650876691336989,0.5349123308663011,5
17,1,6,195,118,17_7_195,VD,0.12481829697177657,0.8751817030282234,4
17,1,6,196,119,17_7_196,VD,0.2251363042275681,0.774863695772432,4
17,1,6,197,120,17_7_197,VD,0.386667698971249,0.613332301028751,4
17,1,6,198,121,17_7_198,VD,0.2447049093793868,0.7552950906206132,4
17,1,6,199,122,17_7_199,CD,0.15414102701050147,0.8458589729894985,2
17,1,6,200,123,17_7_200,VD,0.28485771329772597,0.715142286702274,5
17,1,6,201,124,17_7_201,CD,0.41070562253204074,0.5892943774679593,5
17,1,6,202,125,17_7_202,VD,0.3032903017487436,0.6967096982512564,5
17,1,6,203,126,17_7_203,VD,0.3112739334274737,0.6887260665725263,6
17,1,6,205,127,17_7_205,VD,0.2646448383530494,0.7353551616469506,4
17,1,6,206,128,17_7_206,CD,0.45859085105728287,0.5414091489427171,3
17,1,6,208,129,17_7_208,VD,0.19096206476094923,0.8090379352390508,4
17,1,6,209,130,17_7_209,CD,0.36579153847759993,0.6342084615224001,4
17,1,6,210,131,17_7_210,CD,0.29407460375055694,0.7059253962494431,4
17,1,6,212,132,17_7_212,CD,0.4082053668297218,0.5917946331702783,3
17,1,6,214,134,17_7_214,VD,0.5211435143424554,0.4788564856575446,2
17,1,6,215,135,17_7_215,VD,0.5354932277794073,0.46450677222059267,3
17,1,6,217,136,17_7_217,CD,0.25261495826689734,0.7473850417331026,5
17,1,6,218,137,17_7_218,CD,0.4827512219208928,0.5172487780791072,6
17,1,6,219,138,17_7_219,VD,0.43689648746266746,0.5631035125373326,3
17,1,6,223,141,17_7_223,VD,0.3991489358801157,0.6008510641198843,3
17,1,7,225,142,17_8_225,VD,0.30899863291040325,0.6910013670895968,4
17,1,7,226,143,17_8_226,CD,0.34294320339674955,0.6570567966032504,5
17,1,7,228,144,17_8_228,VD,0.3923491286526362,0.6076508713473637,3
17,1,7,229,145,17_8_229,VD,0.367604047940271,0.632395952059729,5
17,1,7,230,146,17_8_230,VD,0.3811169508234865,0.6188830491765135,5
17,1,7,231,147,17_8_231,VD,0.5138365692253596,0.4861634307746404,3
17,1,7,234,149,17_8_234,VD,0.411104806215059,0.5888951937849409,3
17,1,7,235,150,17_8_235,VD,0.27543704368168453,0.7245629563183155,4
17,1,7,236,151,17_8_236,VD,0.6793221773665564,0.32067782263344347,3
17,1,7,237,152,17_8_237,CD,0.5491708148376474,0.4508291851623526,4
17,1,7,238,153,17_8_238,CD,0.22126853892545886,0.7787314610745412,4
17,1,7,239,154,17_8_239,VD,0.35087264703904003,0.64912735296096,4
17,1,7,240,155,17_8_240,VD,0.38733923715512536,0.6126607628448746,3
17,1,7,241,156,17_8_241,CD,0.3112666390564844,0.6887333609435156,4
17,1,7,242,157,17_8_242,CD,0.254687310935546,0.745312689064454,5
17,1,7,244,158,17_8_244,VD,0.3670786876746668,0.6329213123253332,3
17,1,7,245,159,17_8_245,CD,0.4783416138818213,0.5216583861181787,4
17,1,7,246,160,17_8_246,VD,0.2554361176669507,0.7445638823330494,5
17,1,7,247,161,17_8_247,CD,0.6886440153260044,0.3113559846739956,3
17,1,7,248,162,17_8_248,VD,0.23299581584080697,0.767004184159193,4
17,1,7,249,163,17_8_249,VD,0.13103188553618778,0.8689681144638122,4
17,1,7,250,164,17_8_250,CD,0.3406308604115535,0.6593691395884465,4
17,1,7,252,165,17_8_252,CD,0.28732928656419643,0.7126707134358036,5
17,1,7,253,166,17_8_253,CD,0.7137770401329193,0.2862229598670808,3
17,1,7,254,167,17_8_254,VD,0.35014372370013436,0.6498562762998656,4
17,1,7,255,168,17_8_255,CD,0.6362712200149617,0.36372877998503833,3
17,1,7,256,169,17_8_256,CD,0.14479097202306954,0.8552090279769304,4
17,1,8,258,170,17_9_258,VD,0.3483189310813128,0.6516810689186873,6
17,1,8,260,172,17_9_260,VD,0.38030419755197853,0.6196958024480215,3
17,1,8,261,173,17_9_261,CD,0.22116075648510491,0.7788392435148951,4
17,1,8,262,174,17_9_262,VD,0.47494332271272593,0.5250566772872741,6
17,1,8,263,175,17_9_263,CD,0.2344194891890379,0.7655805108109621,5
17,1,8,264,176,17_9_264,VD,0.38854653197085565,0.6114534680291444,3
17,1,8,265,177,17_9_265,CD,0.3538985340245353,0.6461014659754647,5
17,1,8,266,178,17_9_266,CD,0.4799527966617839,0.5200472033382162,5
17,1,8,267,179,17_9_267,VD,0.564709587275197,0.43529041272480296,4
17,1,8,269,180,17_9_269,VD,0.9972360132204825,0.0027639867795174744,2
17,1,8,271,181,17_9_271,VD,0.44608961222989457,0.5539103877701054,5
17,1,8,272,182,17_9_272,CD,0.15485811871295777,0.8451418812870423,3
17,1,8,274,184,17_9_274,VD,0.6231713610835619,0.37682863891643814,3
17,1,8,275,185,17_9_275,VD,0.3327929566918408,0.6672070433081592,4
17,1,8,276,186,17_9_276,VD,0.23419260379729984,0.7658073962027001,4
17,1,8,277,187,17_9_277,VD,0.6473255864925225,0.35267441350747747,6
17,1,8,278,188,17_9_278,VD,0.7191262695810704,0.2808737304189296,2
17,1,8,279,189,17_9_279,CD,0.40703297169239366,0.5929670283076064,2
17,1,8,281,190,17_9_281,CD,0.3406037679869822,0.6593962320130178,4
17,1,8,283,192,17_9_283,CD,0.44818979428956773,0.5518102057104323,3
17,1,8,284,193,17_9_284,VD,0.5005237253362363,0.49947627466376365,3
17,1,8,285,194,17_9_285,CD,0.1595665016372071,0.8404334983627929,5
17,1,8,287,195,17_9_287,CD,0.30231732622441115,0.6976826737755888,5
17,1,8,288,196,17_9_288,CD,0.3538929198751341,0.6461070801248658,5
19,1,1,33,1,19_2_33,VD,0.5261571349152927,0.47384286508470724,4
19,1,1,34,2,19_2_34,CD,0.465703563351477,0.534296436648523,5
19,1,1,35,3,19_2_35,CD,0.15740622702973261,0.8425937729702674,4
19,1,1,37,4,19_2_37,CD,0.324565619848186,0.675434380151814,4
19,1,1,38,5,19_2_38,CD,0.6987486876430722,0.3012513123569278,4
19,1,1,39,6,19_2_39,CD,0.7822659990607095,0.21773400093929052,2
19,1,1,41,8,19_2_41,VD,0.16936164661722214,0.8306383533827778,3
19,1,1,42,9,19_2_42,CD,0.4660642545867004,0.5339357454132996,4
19,1,1,43,10,19_2_43,VD,0.3244623183252248,0.6755376816747752,4
19,1,1,44,11,19_2_44,VD,0.38649726722611966,0.6135027327738803,3
19,1,1,46,12,19_2_46,VD,0.3346660056672891,0.6653339943327109,4
19,1,1,47,13,19_2_47,CD,0.2351221163300113,0.7648778836699888,4
19,1,1,52,17,19_2_52,VD,0.5328029734043733,0.4671970265956267,4
19,1,1,53,18,19_2_53,CD,0.5205578842140702,0.47944211578592977,2
19,1,1,55,19,19_2_55,VD,0.4668669940365547,0.5331330059634453,4
19,1,1,56,20,19_2_56,CD,0.11228964633370828,0.8877103536662918,2
19,1,1,57,21,19_2_57,CD,0.5416317230494601,0.45836827695054,4
19,1,1,58,22,19_2_58,VD,0.675983424576525,0.32401657542347495,3
19,1,1,59,23,19_2_59,CD,0.28854861074183347,0.7114513892581666,3
19,1,1,60,24,19_2_60,VD,0.3900778199414871,0.6099221800585128,3
19,1,1,61,25,19_2_61,CD,0.3522966517225026,0.6477033482774974,3
19,1,1,62,26,19_2_62,CD,0.1046455705201279,0.8953544294798721,2
19,1,1,63,27,19_2_63,VD,0.431479978618416,0.568520021381584,5
19,1,1,64,28,19_2_64,VD,0.10767961068328125,0.8923203893167188,4
19,1,2,65,29,19_3_65,CD,0.5162409410360242,0.4837590589639757,2
19,1,2,66,30,19_3_66,CD,0.43033296795970233,0.5696670320402977,5
19,1,2,69,33,19_3_69,CD,0.09395352053617448,0.9060464794638255,3
19,1,2,70,34,19_3_70,VD,0.473288092310301,0.526711907689699,2
19,1,2,71,35,19_3_71,VD,0.1332573164708897,0.8667426835291102,3
19,1,2,72,36,19_3_72,VD,0.39694124271589026,0.6030587572841097,3
19,1,2,73,37,19_3_73,CD,0.44467790855979755,0.5553220914402025,3
19,1,2,74,38,19_3_74,CD,0.11321540447715109,0.8867845955228489,3
19,1,2,75,39,19_3_75,VD,0.39132514267621427,0.6086748573237857,4
19,1,2,76,40,19_3_76,VD,0.1822449270915713,0.8177550729084286,4
19,1,2,77,41,19_3_77,VD,0.37897637470568574,0.6210236252943142,3
19,1,2,78,42,19_3_78,VD,0.15000038299835894,0.849999617001641,3
19,1,2,80,44,19_3_80,VD,0.4097388587637289,0.5902611412362712,3
19,1,2,81,45,19_3_81,CD,0.09914804122849176,0.9008519587715083,4
19,1,2,82,46,19_3_82,VD,0.27128975669994304,0.728710243300057,5
19,1,2,83,47,19_3_83,CD,0.31849027769132027,0.6815097223086797,4
19,1,2,84,48,19_3_84,CD,0.33885298321363116,0.6611470167863689,4
19,1,2,85,49,19_3_85,VD,0.24753758764981568,0.7524624123501843,4
19,1,2,86,50,19_3_86,CD,0.5229881684084404,0.4770118315915596,2
19,1,2,88,52,19_3_88,VD,0.3949737877424543,0.6050262122575457,3
19,1,2,89,53,19_3_89,CD,0.20504921894205416,0.7949507810579458,3
19,1,2,90,54,19_3_90,CD,0.2182486650821506,0.7817513349178494,3
19,1,2,91,55,19_3_91,CD,0.11554582079811362,0.8844541792018864,3
19,1,2,92,56,19_3_92,VD,0.6555806864061278,0.34441931359387223,2
19,1,2,93,57,19_3_93,CD,0.4432331690190141,0.5567668309809859,4
19,1,2,94,58,19_3_94,CD,0.38114085994112124,0.6188591400588787,3
19,1,2,95,59,19_3_95,VD,0.5155905458570302,0.48440945414296976,2
19,1,2,96,60,19_3_96,VD,0.08243115552037669,0.9175688444796233,2
19,1,3,97,61,19_4_97,VD,0.0997655265821117,0.9002344734178882,3
19,1,3,98,62,19_4_98,VD,0.5348249568598946,0.46517504314010544,4
19,1,3,99,63,19_4_99,VD,0.3343754756194849,0.6656245243805151,4
19,1,3,101,64,19_4_101,CD,0.5145284173108647,0.48547158268913526,2
19,1,3,103,66,19_4_103,CD,0.23053747485973236,0.7694625251402677,4
19,1,3,104,67,19_4_104,CD,0.5254338216184635,0.4745661783815365,4
19,1,3,105,68,19_4_105,VD,0.4595887236262785,0.5404112763737215,5
19,1,3,106,69,19_4_106,VD,0.11481364883140177,0.8851863511685982,4
19,1,3,107,70,19_4_107,VD,0.12869828807341652,0.8713017119265835,3
19,1,3,109,72,19_4_109,CD,0.5271189706737092,0.4728810293262908,2
19,1,3,110,73,19_4_110,CD,0.5156801333711938,0.4843198666288061,3
19,1,3,111,74,19_4_111,CD,0.11714679870818895,0.882853201291811,3
19,1,3,113,76,19_4_113,VD,0.5368354518426264,0.4631645481573736,4
19,1,3,114,77,19_4_114,VD,0.3551087142110413,0.6448912857889587,4
19,1,3,115,78,19_4_115,VD,0.5224134228038309,0.47758657719616915,2
19,1,3,116,79,19_4_116,VD,0.2969706136243099,0.7030293863756901,3
19,1,3,117,80,19_4_117,CD,0.11421157526697895,0.8857884247330211,3
19,1,3,118,81,19_4_118,VD,0.13235647810585496,0.8676435218941451,3
19,1,3,120,83,19_4_120,CD,0.1874378750313869,0.8125621249686131,3
19,1,3,121,84,19_4_121,VD,0.6759128405406101,0.32408715945938993,3
19,1,3,122,85,19_4_122,CD,0.38481717042921226,0.6151828295707877,3
19,1,3,123,86,19_4_123,CD,0.12274227738787807,0.877257722612122,4
19,1,3,124,87,19_4_124,CD,0.1282625525132028,0.8717374474867972,2
19,1,3,125,88,19_4_125,VD,0.10139423868077815,0.8986057613192219,3
19,1,3,126,89,19_4_126,CD,0.3920342107207382,0.6079657892792618,3
19,1,3,127,90,19_4_127,CD,0.11890188864829436,0.8810981113517057,3
19,1,3,128,91,19_4_128,CD,0.10272918797939692,0.8972708120206031,4
19,1,4,129,92,19_5_129,CD,0.384039703352496,0.615960296647504,3
19,1,4,132,94,19_5_132,VD,0.3240908706590955,0.6759091293409045,4
19,1,4,133,95,19_5_133,CD,0.2243077345381423,0.7756922654618577,3
19,1,4,134,96,19_5_134,CD,0.2072254388976355,0.7927745611023644,4
19,1,4,135,97,19_5_135,CD,0.1331892335105045,0.8668107664894955,4
19,1,4,137,99,19_5_137,VD,0.1280092613540495,0.8719907386459506,3
19,1,4,138,100,19_5_138,CD,0.16518300484904602,0.8348169951509541,3
19,1,4,139,101,19_5_139,VD,0.09744114319307634,0.9025588568069237,3
19,1,4,140,102,19_5_140,CD,0.11635182786414638,0.8836481721358537,3
19,1,4,141,103,19_5_141,VD,0.3213471467401019,0.6786528532598981,4
19,1,4,142,104,19_5_142,VD,0.19108954392621416,0.8089104560737859,3
19,1,4,143,105,19_5_143,CD,0.3418479612773848,0.6581520387226152,4
19,1,4,144,106,19_5_144,CD,0.16515600107221182,0.8348439989277882,4
19,1,4,145,107,19_5_145,VD,0.38400979116741907,0.6159902088325808,3
19,1,4,146,108,19_5_146,VD,0.3930741896973434,0.6069258103026567,3
19,1,4,147,109,19_5_147,VD,0.5147005926764545,0.4852994073235455,2
19,1,4,148,110,19_5_148,CD,0.6764586813338977,0.3235413186661023,3
19,1,4,150,111,19_5_150,CD,0.09324412673541792,0.9067558732645821,3
19,1,4,151,112,19_5_151,VD,0.39255125793401036,0.6074487420659896,3
19,1,4,152,113,19_5_152,VD,0.3323702922928956,0.6676297077071044,4
19,1,4,154,115,19_5_154,CD,0.1223481380666291,0.877651861933371,3
19,1,4,155,116,19_5_155,VD,0.10692893784841301,0.8930710621515869,4
19,1,4,156,117,19_5_156,CD,0.3924780730976248,0.6075219269023753,3
19,1,4,157,118,19_5_157,CD,0.2573285191570743,0.7426714808429258,3
19,1,4,158,119,19_5_158,VD,0.3253193088612328,0.6746806911387673,4
19,1,4,159,120,19_5_159,CD,0.3974187071872288,0.6025812928127712,3
19,1,4,160,121,19_5_160,VD,0.11038687543475575,0.8896131245652442,3
19,1,5,161,122,19_6_161,VD,0.5159435673658215,0.48405643263417847,2
19,1,5,162,123,19_6_162,VD,0.10492647907603325,0.8950735209239667,4
19,1,5,164,125,19_6_164,CD,0.498219889456042,0.501780110543958,4
19,1,5,165,126,19_6_165,CD,0.18694115421524482,0.8130588457847552,4
19,1,5,166,127,19_6_166,CD,0.32107341146376933,0.6789265885362306,4
19,1,5,167,128,19_6_167,CD,0.16860497270667307,0.8313950272933269,4
19,1,5,168,129,19_6_168,CD,0.1014092063606934,0.8985907936393066,3
19,1,5,169,130,19_6_169,VD,0.18494033375462246,0.8150596662453775,3
19,1,5,170,131,19_6_170,CD,0.10500492660345621,0.8949950733965438,3
19,1,5,171,132,19_6_171,VD,0.09553833016796716,0.9044616698320328,2
19,1,5,172,133,19_6_172,VD,0.1047664950517851,0.895233504948215,3
19,1,5,173,134,19_6_173,CD,0.1897404910518643,0.8102595089481357,3
19,1,5,174,135,19_6_174,VD,0.09869590788884859,0.9013040921111514,3
19,1,5,175,136,19_6_175,VD,0.09575977353373663,0.9042402264662633,2
19,1,5,176,137,19_6_176,VD,0.2655346770236515,0.7344653229763485,3
19,1,5,177,138,19_6_177,CD,0.3507491713598647,0.6492508286401352,3
19,1,5,178,139,19_6_178,CD,0.20560820704264338,0.7943917929573567,3
19,1,5,179,140,19_6_179,VD,0.12358644961624493,0.876413550383755,3
19,1,5,180,141,19_6_180,VD,0.39947453670598787,0.6005254632940121,3
19,1,5,181,142,19_6_181,VD,0.1056806794884625,0.8943193205115375,3
19,1,5,182,143,19_6_182,CD,0.12145096995973612,0.8785490300402639,3
19,1,5,183,144,19_6_183,VD,0.18686461590121248,0.8131353840987875,4
19,1,5,184,145,19_6_184,VD,0.107023045664058,0.8929769543359419,3
19,1,5,185,146,19_6_185,VD,0.5148926477333505,0.48510735226664947,2
19,1,5,186,147,19_6_186,CD,0.5365509022196271,0.4634490977803729,4
19,1,5,187,148,19_6_187,CD,0.5139100472513202,0.48608995274867983,2
19,1,5,188,149,19_6_188,CD,0.10292748817906577,0.8970725118209342,4
19,1,5,192,153,19_6_192,CD,0.5827007341580155,0.4172992658419845,3
19,1,6,194,155,19_7_194,VD,0.13596244830260745,0.8640375516973926,4
19,1,6,195,156,19_7_195,VD,0.31985753649854465,0.6801424635014554,4
19,1,6,196,157,19_7_196,CD,0.11207822124351274,0.8879217787564873,4
19,1,6,197,158,19_7_197,VD,0.3841775490628577,0.6158224509371423,3
19,1,6,198,159,19_7_198,VD,0.436658766684048,0.5633412333159519,3
19,1,6,199,160,19_7_199,CD,0.39858641364154745,0.6014135863584525,3
19,1,6,200,161,19_7_200,VD,0.5142154523071886,0.48578454769281143,2
19,1,6,201,162,19_7_201,VD,0.10917763025048847,0.8908223697495115,3
19,1,6,202,163,19_7_202,CD,0.5200034190025711,0.479996580997429,2
19,1,6,203,164,19_7_203,CD,0.10767456149898832,0.8923254385010118,3
19,1,6,204,165,19_7_204,VD,0.15746156279751122,0.8425384372024888,3
19,1,6,205,166,19_7_205,CD,0.09937380081083844,0.9006261991891615,3
19,1,6,206,167,19_7_206,CD,0.940152601444685,0.05984739855531494,3
19,1,6,207,168,19_7_207,CD,0.38357218358835665,0.6164278164116432,3
19,1,6,208,169,19_7_208,CD,0.16450985609933338,0.8354901439006666,4
19,1,6,209,170,19_7_209,CD,0.12170317208860733,0.8782968279113926,3
19,1,6,210,171,19_7_210,CD,0.15777385658187845,0.8422261434181215,3
19,1,6,212,173,19_7_212,VD,0.10858706954518786,0.8914129304548122,4
19,1,6,216,175,19_7_216,VD,0.6739213835428014,0.32607861645719854,3
19,1,6,218,176,19_7_218,CD,0.10199174421704407,0.898008255782956,3
19,1,6,219,177,19_7_219,CD,0.3962278905547777,0.6037721094452223,3
19,1,6,220,178,19_7_220,VD,0.11724516899143152,0.8827548310085684,3
19,1,6,221,179,19_7_221,VD,0.388851238141869,0.611148761858131,3
19,1,6,222,180,19_7_222,CD,0.10021006340709117,0.8997899365929088,3
19,1,6,223,181,19_7_223,VD,0.3082699603114125,0.6917300396885874,4
19,1,7,225,183,19_8_225,VD,0.32862128517966166,0.6713787148203384,4
19,1,7,226,184,19_8_226,CD,0.5158649040727399,0.4841350959272601,2
19,1,7,227,185,19_8_227,VD,0.2100297872912369,0.7899702127087631,3
19,1,7,228,186,19_8_228,VD,0.16853653205142427,0.8314634679485757,3
19,1,7,229,187,19_8_229,VD,0.5564059007413644,0.4435940992586357,2
19,1,7,230,188,19_8_230,CD,0.11289607130559558,0.8871039286944045,4
19,1,7,232,190,19_8_232,VD,0.13086951357973947,0.8691304864202605,3
19,1,7,233,191,19_8_233,CD,0.2213503136768453,0.7786496863231547,3
19,1,7,235,193,19_8_235,VD,0.10758299250500099,0.892417007494999,3
19,1,7,236,194,19_8_236,CD,0.3928710148094759,0.6071289851905242,3
19,1,7,237,195,19_8_237,CD,0.4073660312239252,0.5926339687760748,3
19,1,7,238,196,19_8_238,CD,0.18186800340634401,0.818131996593656,3
19,1,7,239,197,19_8_239,VD,0.31806417690659755,0.6819358230934025,4
19,1,7,240,198,19_8_240,CD,0.42017596268664154,0.5798240373133584,3
19,1,7,241,199,19_8_241,VD,0.10792901292738288,0.8920709870726171,3
19,1,7,243,201,19_8_243,VD,0.0920396965589367,0.9079603034410633,3
19,1,7,244,202,19_8_244,CD,0.11921635008125374,0.8807836499187462,3
19,1,7,246,204,19_8_246,CD,0.33865953308088287,0.6613404669191172,4
19,1,7,247,205,19_8_247,CD,0.12569584451942228,0.8743041554805777,3
19,1,7,248,206,19_8_248,CD,0.10399126691479925,0.8960087330852007,3
19,1,7,249,207,19_8_249,VD,0.10200603814108912,0.8979939618589109,3
19,1,7,250,208,19_8_250,CD,0.5184245270165734,0.48157547298342657,2
19,1,7,251,209,19_8_251,VD,0.107521481953726,0.892478518046274,4
19,1,7,252,210,19_8_252,VD,0.3854076039209381,0.6145923960790619,3
19,1,7,253,211,19_8_253,VD,0.38546407987592113,0.6145359201240789,3
19,1,7,254,212,19_8_254,VD,0.5155905458570302,0.48440945414296976,2
19,1,7,255,213,19_8_255,CD,0.21931697635599143,0.7806830236440085,3
19,1,7,256,214,19_8_256,CD,0.15249805873806765,0.8475019412619323,3
19,1,8,257,215,19_9_257,CD,0.10257471297355354,0.8974252870264464,3
19,1,8,258,216,19_9_258,CD,0.10161004378575328,0.8983899562142468,3
19,1,8,259,217,19_9_259,VD,0.12236969189791386,0.8776303081020862,3
19,1,8,260,218,19_9_260,CD,0.11180591479381206,0.8881940852061879,3
19,1,8,261,219,19_9_261,VD,0.3276157727088635,0.6723842272911364,4
19,1,8,262,220,19_9_262,CD,0.10945920202090213,0.8905407979790979,4
19,1,8,263,221,19_9_263,CD,0.11710560177908623,0.8828943982209138,3
19,1,8,264,222,19_9_264,VD,0.1251724292194342,0.8748275707805658,3
19,1,8,267,225,19_9_267,CD,0.33416620360344795,0.6658337963965519,4
19,1,8,268,226,19_9_268,VD,0.39693699182921993,0.6030630081707801,3
19,1,8,269,227,19_9_269,CD,0.17399308492112409,0.8260069150788759,4
19,1,8,270,228,19_9_270,CD,0.9818726703101118,0.01812732968988813,2
19,1,8,271,229,19_9_271,CD,0.11452346244393442,0.8854765375560656,3
19,1,8,272,230,19_9_272,VD,0.3225694985506933,0.6774305014493067,4
19,1,8,273,231,19_9_273,CD,0.12940121783124314,0.8705987821687569,3
19,1,8,274,232,19_9_274,VD,0.12087582359032872,0.8791241764096713,4
19,1,8,275,233,19_9_275,VD,0.1131548136351445,0.8868451863648555,3
19,1,8,276,234,19_9_276,CD,0.2105221906339114,0.7894778093660887,3
19,1,8,278,236,19_9_278,VD,0.5155905458570302,0.48440945414296976,2
19,1,8,279,237,19_9_279,VD,0.42047187706960426,0.5795281229303957,4
19,1,8,280,238,19_9_280,VD,0.0963457710499775,0.9036542289500225,3
19,1,8,282,240,19_9_282,CD,0.11833231265741094,0.881667687342589,3
19,1,8,283,241,19_9_283,VD,0.09654807713790534,0.9034519228620946,3
19,1,8,284,242,19_9_284,CD,0.5205578842140702,0.47944211578592977,2
19,1,8,285,243,19_9_285,VD,0.5151047945627555,0.4848952054372445,2
19,1,8,286,244,19_9_286,CD,0.39448429328018636,0.6055157067198137,3
19,1,8,287,245,19_9_287,VD,0.38911577668337693,0.6108842233166231,3
19,1,8,288,246,19_9_288,VD,0.48703677346877466,0.5129632265312254,4
21,1,1,33,1,21_2_33,CD,0.23770924742322858,0.7622907525767715,4
21,1,1,35,2,21_2_35,VD,0.12604364367210924,0.8739563563278908,3
21,1,1,36,3,21_2_36,CD,0.525569915603831,0.47443008439616896,5
21,1,1,37,4,21_2_37,VD,0.409838708996181,0.590161291003819,3
21,1,1,38,5,21_2_38,CD,0.39700916903344535,0.6029908309665547,6
21,1,1,40,6,21_2_40,VD,0.38578566549621607,0.6142143345037838,4
21,1,1,42,7,21_2_42,CD,0.1054645516449184,0.8945354483550817,3
21,1,1,43,8,21_2_43,VD,0.31904447893470195,0.680955521065298,4
21,1,1,44,9,21_2_44,CD,0.318903356418427,0.6810966435815731,4
21,1,1,45,10,21_2_45,VD,0.33306441691768957,0.6669355830823105,4
21,1,1,46,11,21_2_46,CD,0.09142419568470007,0.9085758043152999,3
21,1,1,47,12,21_2_47,VD,0.48557411276745926,0.5144258872325407,3
21,1,1,49,14,21_2_49,CD,0.11681540065071362,0.8831845993492863,3
21,1,1,51,15,21_2_51,CD,0.30315754288765395,0.6968424571123462,3
21,1,1,52,16,21_2_52,VD,0.4061784957589689,0.5938215042410311,3
21,1,1,53,17,21_2_53,VD,0.15279147247100552,0.8472085275289944,4
21,1,1,54,18,21_2_54,VD,0.10853892251728467,0.8914610774827153,4
21,1,1,55,19,21_2_55,CD,0.6707805963970603,0.3292194036029396,3
21,1,1,57,20,21_2_57,CD,0.25930394336320134,0.7406960566367986,2
21,1,1,58,21,21_2_58,VD,0.10747808130203622,0.8925219186979638,4
21,1,1,59,22,21_2_59,VD,0.16183861524548626,0.8381613847545137,4
21,1,1,61,23,21_2_61,CD,0.32081303823142726,0.6791869617685727,4
21,1,1,62,24,21_2_62,CD,0.5309935743470441,0.4690064256529559,2
21,1,1,63,25,21_2_63,CD,0.10113369646646286,0.8988663035335371,4
21,1,1,64,26,21_2_64,VD,0.10677074696777962,0.8932292530322203,4
21,1,2,65,27,21_3_65,VD,0.5244670755190625,0.4755329244809375,2
21,1,2,66,28,21_3_66,VD,0.32434189202583263,0.6756581079741674,4
21,1,2,67,29,21_3_67,VD,0.13837994482470617,0.8616200551752938,3
21,1,2,68,30,21_3_68,VD,0.14332936928626872,0.8566706307137313,4
21,1,2,69,31,21_3_69,VD,0.27221598840679845,0.7277840115932015,4
21,1,2,70,32,21_3_70,CD,0.5246366790919409,0.4753633209080591,2
21,1,2,71,33,21_3_71,CD,0.399246574475318,0.600753425524682,4
21,1,2,73,34,21_3_73,VD,0.37681191038358575,0.6231880896164141,5
21,1,2,74,35,21_3_74,CD,0.25437380556978434,0.7456261944302157,3
21,1,2,75,36,21_3_75,VD,0.35265346788953084,0.6473465321104692,5
21,1,2,76,37,21_3_76,CD,0.31185997131990806,0.6881400286800919,4
21,1,2,77,38,21_3_77,VD,0.33680612801033716,0.6631938719896628,4
21,1,2,78,39,21_3_78,VD,0.14981572101810461,0.8501842789818954,4
21,1,2,80,40,21_3_80,CD,0.14340578037581775,0.8565942196241823,4
21,1,2,81,41,21_3_81,VD,0.18598360249668242,0.8140163975033176,4
21,1,2,82,42,21_3_82,CD,0.4092960596900202,0.5907039403099797,3
21,1,2,84,43,21_3_84,CD,0.11746403286975944,0.8825359671302406,4
21,1,2,85,44,21_3_85,CD,0.19252350619397374,0.8074764938060263,3
21,1,2,86,45,21_3_86,CD,0.14182690250359606,0.8581730974964039,4
21,1,2,87,46,21_3_87,VD,0.3216858453769314,0.6783141546230685,5
21,1,2,89,47,21_3_89,CD,0.6626208138222119,0.3373791861777881,3
21,1,2,90,48,21_3_90,CD,0.5286829173047527,0.4713170826952473,5
21,1,2,91,49,21_3_91,CD,0.6268380208583972,0.37316197914160276,4
21,1,2,92,50,21_3_92,CD,0.1306321578828606,0.8693678421171394,4
21,1,2,93,51,21_3_93,CD,0.37615605236090416,0.6238439476390958,4
21,1,2,95,53,21_3_95,CD,0.39634552290543484,0.6036544770945651,3
21,1,2,96,54,21_3_96,VD,0.1995029744134737,0.8004970255865262,4
21,1,3,99,57,21_4_99,VD,0.1304149055146394,0.8695850944853606,3
21,1,3,100,58,21_4_100,VD,0.5468537372942324,0.4531462627057676,5
21,1,3,101,59,21_4_101,CD,0.16635331854100174,0.8336466814589982,3
21,1,3,102,60,21_4_102,CD,0.2689918686638462,0.7310081313361537,4
21,1,3,105,61,21_4_105,VD,0.3915375176674153,0.6084624823325847,3
21,1,3,106,62,21_4_106,VD,0.17455331652739015,0.8254466834726099,3
21,1,3,107,63,21_4_107,CD,0.31856011712573806,0.6814398828742618,4
21,1,3,108,64,21_4_108,VD,0.5139792976138002,0.4860207023861998,2
21,1,3,109,65,21_4_109,CD,0.4693067174634254,0.5306932825365746,3
21,1,3,112,67,21_4_112,CD,0.27245675093242416,0.7275432490675758,4
21,1,3,113,68,21_4_113,CD,0.5216554947996879,0.4783445052003121,2
21,1,3,114,69,21_4_114,VD,0.23024490559288516,0.7697550944071149,3
21,1,3,115,70,21_4_115,CD,0.3994995174280737,0.6005004825719263,5
21,1,3,116,71,21_4_116,CD,0.455090500694822,0.544909499305178,3
21,1,3,118,72,21_4_118,VD,0.3428037689008686,0.6571962310991314,5
21,1,3,119,73,21_4_119,VD,0.0985695428708535,0.9014304571291465,3
21,1,3,121,74,21_4_121,CD,0.137076402367379,0.862923597632621,3
21,1,3,122,75,21_4_122,VD,0.09531832276464766,0.9046816772353523,3
21,1,3,123,76,21_4_123,VD,0.13159353147494668,0.8684064685250533,4
21,1,3,125,77,21_4_125,CD,0.3278840574583079,0.6721159425416922,5
21,1,3,127,78,21_4_127,CD,0.26069984307261806,0.7393001569273819,3
21,1,3,128,79,21_4_128,CD,0.4096374904959816,0.5903625095040185,3
21,1,4,129,80,21_5_129,VD,0.37072749737448607,0.6292725026255139,4
21,1,4,130,81,21_5_130,VD,0.9999999997426701,2.573299048509326e-10,2
21,1,4,131,82,21_5_131,CD,0.5160811924177182,0.48391880758228184,2
21,1,4,132,83,21_5_132,VD,0.3841583878000504,0.6158416121999496,3
21,1,4,135,85,21_5_135,VD,0.2465067970724753,0.7534932029275246,4
21,1,4,136,86,21_5_136,VD,0.4229993697294213,0.5770006302705787,4
21,1,4,137,87,21_5_137,VD,0.5149142303259509,0.4850857696740492,2
21,1,4,138,88,21_5_138,CD,0.10153469647663611,0.898465303523364,4
21,1,4,140,89,21_5_140,VD,0.11053038894633378,0.8894696110536662,4
21,1,4,142,91,21_5_142,CD,0.12048433282933128,0.8795156671706688,3
21,1,4,144,93,21_5_144,CD,0.5210403104223492,0.47895968957765084,2
21,1,4,145,94,21_5_145,VD,0.4329978081674566,0.5670021918325435,3
21,1,4,146,95,21_5_146,VD,0.0960240312771466,0.9039759687228535,3
21,1,4,147,96,21_5_147,CD,0.26623326865397046,0.7337667313460295,3
21,1,4,148,97,21_5_148,CD,0.3957192322525175,0.6042807677474825,3
21,1,4,150,98,21_5_150,VD,0.5210189468493044,0.4789810531506957,2
21,1,4,151,99,21_5_151,CD,0.5360529750964017,0.4639470249035983,2
21,1,4,152,100,21_5_152,VD,0.2922179330688918,0.7077820669311082,4
21,1,4,153,101,21_5_153,VD,0.19708880889968539,0.8029111911003146,4
21,1,4,154,102,21_5_154,VD,0.2866860140647009,0.7133139859352992,4
21,1,4,155,103,21_5_155,CD,0.1836828437579611,0.8163171562420388,4
21,1,4,158,104,21_5_158,CD,0.10794308074385632,0.8920569192561436,4
21,1,4,159,105,21_5_159,CD,0.5139463903499893,0.4860536096500106,2
21,1,4,160,106,21_5_160,CD,0.10929980335852776,0.8907001966414723,4
21,1,5,161,107,21_6_161,CD,0.13462925834092582,0.8653707416590741,4
21,1,5,162,108,21_6_162,CD,0.3578694051255308,0.6421305948744692,4
21,1,5,166,111,21_6_166,VD,0.09714557527292894,0.902854424727071,3
21,1,5,167,112,21_6_167,CD,0.3846366451307545,0.6153633548692454,3
21,1,5,169,113,21_6_169,CD,0.5374081068282048,0.4625918931717951,2
21,1,5,170,114,21_6_170,VD,0.10480304997619416,0.8951969500238058,2
21,1,5,171,115,21_6_171,VD,0.10838914305517103,0.891610856944829,2
21,1,5,173,117,21_6_173,CD,0.38764863020276097,0.612351369797239,3
21,1,5,174,118,21_6_174,VD,0.1029711533195759,0.8970288466804242,4
21,1,5,175,119,21_6_175,VD,0.13173186822913419,0.8682681317708658,4
21,1,5,176,120,21_6_176,VD,0.564494031882454,0.43550596811754605,3
21,1,5,177,121,21_6_177,VD,0.4585225511252995,0.5414774488747005,3
21,1,5,179,122,21_6_179,CD,0.2299129828710739,0.7700870171289261,3
21,1,5,182,124,21_6_182,VD,0.49651535300663596,0.503484646993364,3
21,1,5,184,125,21_6_184,VD,0.096913643090674,0.9030863569093259,3
21,1,5,185,126,21_6_185,CD,0.4140428523182932,0.5859571476817068,3
21,1,5,186,127,21_6_186,CD,0.5222605556276195,0.47773944437238053,2
21,1,5,187,128,21_6_187,VD,0.32772448027896034,0.6722755197210396,4
21,1,5,188,129,21_6_188,VD,0.5165795435516989,0.4834204564483012,2
21,1,5,190,130,21_6_190,CD,0.3236413601296445,0.6763586398703555,4
21,1,6,193,131,21_7_193,VD,0.2195521304901057,0.7804478695098943,4
21,1,6,194,132,21_7_194,VD,0.567940025479969,0.432059974520031,4
21,1,6,195,133,21_7_195,CD,0.3728629080254012,0.6271370919745988,3
21,1,6,196,134,21_7_196,VD,0.2719034019565321,0.7280965980434678,4
21,1,6,197,135,21_7_197,CD,0.4053486169310482,0.5946513830689518,3
21,1,6,198,136,21_7_198,CD,0.547056395219417,0.45294360478058304,2
21,1,6,201,138,21_7_201,VD,0.3301446204225134,0.6698553795774865,3
21,1,6,202,139,21_7_202,VD,0.7418399266393512,0.25816007336064883,4
21,1,6,203,140,21_7_203,VD,0.31859075378567403,0.681409246214326,4
21,1,6,204,141,21_7_204,CD,0.5149142303259509,0.4850857696740492,2
21,1,6,208,144,21_7_208,CD,0.34964957273444364,0.6503504272655565,4
21,1,6,209,145,21_7_209,VD,0.12856552653268577,0.8714344734673143,4
21,1,6,210,146,21_7_210,CD,0.40438752554079904,0.595612474459201,3
21,1,6,211,147,21_7_211,VD,0.16697387191112179,0.8330261280888782,4
21,1,6,212,148,21_7_212,VD,0.1548465881093221,0.8451534118906779,4
21,1,6,213,149,21_7_213,VD,0.29646709640687685,0.7035329035931233,3
21,1,6,214,150,21_7_214,CD,0.07426914657845449,0.9257308534215454,2
21,1,6,216,151,21_7_216,CD,0.4010816882053002,0.5989183117946998,3
21,1,6,217,152,21_7_217,CD,0.12346812348994211,0.8765318765100578,3
21,1,6,218,153,21_7_218,CD,0.13675042766155476,0.8632495723384452,3
21,1,6,219,154,21_7_219,VD,0.26875807827992576,0.7312419217200743,4
21,1,6,220,155,21_7_220,VD,0.5386684278026579,0.461331572197342,2
21,1,6,222,157,21_7_222,VD,0.5456814399902986,0.4543185600097014,2
21,1,6,224,158,21_7_224,VD,0.8726085850781775,0.12739141492182243,2
21,1,7,225,159,21_8_225,CD,0.2250036462318712,0.7749963537681288,4
21,1,7,229,162,21_8_229,VD,0.3218032317482288,0.6781967682517712,4
21,1,7,230,163,21_8_230,CD,0.2931539620401267,0.7068460379598733,5
21,1,7,231,164,21_8_231,VD,0.5238242070352374,0.47617579296476265,2
21,1,7,232,165,21_8_232,CD,0.5150933647198388,0.48490663528016115,2
21,1,7,233,166,21_8_233,VD,0.33337819034754745,0.6666218096524525,4
21,1,7,236,167,21_8_236,CD,0.10813905303765255,0.8918609469623474,4
21,1,7,239,168,21_8_239,VD,0.41712329894734956,0.5828767010526504,3
21,1,7,241,169,21_8_241,VD,0.5260375154632018,0.47396248453679823,2
21,1,7,242,170,21_8_242,VD,0.3207733109274612,0.6792266890725389,4
21,1,7,244,172,21_8_244,VD,0.4568778107809555,0.5431221892190444,3
21,1,7,245,173,21_8_245,CD,0.501172860659617,0.4988271393403831,5
21,1,7,247,174,21_8_247,VD,0.43565123057601707,0.5643487694239829,4
21,1,7,249,175,21_8_249,CD,0.38260226084584736,0.6173977391541526,4
21,1,7,254,178,21_8_254,VD,0.38797395159025216,0.6120260484097478,3
21,1,7,256,179,21_8_256,VD,0.5203507274031904,0.4796492725968096,2
21,1,8,257,180,21_9_257,VD,0.15137837759816491,0.848621622401835,4
21,1,8,259,181,21_9_259,VD,0.5529528139761362,0.44704718602386384,4
21,1,8,263,183,21_9_263,CD,0.525911715990919,0.474088284009081,2
21,1,8,265,184,21_9_265,VD,0.13915538258427984,0.8608446174157202,3
21,1,8,266,185,21_9_266,VD,0.3725726865245604,0.6274273134754396,3
21,1,8,267,186,21_9_267,CD,0.24714258221687124,0.7528574177831288,4
21,1,8,269,187,21_9_269,CD,0.12119397289619668,0.8788060271038033,3
21,1,8,270,188,21_9_270,CD,0.3108661534750224,0.6891338465249777,3
21,1,8,271,189,21_9_271,CD,0.5388510848289882,0.46114891517101175,2
21,1,8,272,190,21_9_272,CD,0.30033783919789814,0.6996621608021019,4
21,1,8,273,191,21_9_273,VD,0.44618203441666515,0.5538179655833348,4
21,1,8,276,192,21_9_276,VD,0.9198886237259878,0.08011137627401223,2
21,1,8,277,193,21_9_277,VD,0.5139100472513202,0.48608995274867983,2
21,1,8,278,194,21_9_278,CD,0.14789951403549925,0.8521004859645007,4
21,1,8,280,195,21_9_280,VD,0.3908575688538777,0.6091424311461223,4
21,1,8,281,196,21_9_281,CD,0.10763017557734904,0.892369824422651,3
21,1,8,283,197,21_9_283,CD,0.2220016046493864,0.7779983953506135,2
21,1,8,285,198,21_9_285,VD,0.14851175167825173,0.8514882483217483,3
21,1,8,286,199,21_9_286,VD,0.3354426815483694,0.6645573184516306,3
23,1,1,33,1,23_2_33,VD,0.30319174318705744,0.6968082568129427,5
23,1,1,35,3,23_2_35,VD,0.33343451511152417,0.6665654848884759,4
23,1,1,36,4,23_2_36,VD,0.10694323103659228,0.8930567689634078,4
23,1,1,37,5,23_2_37,VD,0.40593116941060603,0.594068830589394,5
23,1,1,38,6,23_2_38,CD,0.339825871718446,0.660174128281554,5
23,1,1,39,7,23_2_39,VD,0.09957390424599265,0.9004260957540073,4
23,1,1,40,8,23_2_40,VD,0.10970463817429842,0.8902953618257016,4
23,1,1,43,10,23_2_43,CD,0.5162409410360242,0.4837590589639757,2
23,1,1,44,11,23_2_44,CD,0.5245172976158371,0.47548270238416296,2
23,1,1,45,12,23_2_45,CD,0.1307079217789551,0.8692920782210449,4
23,1,1,46,13,23_2_46,CD,0.12424409865712488,0.8757559013428752,4
23,1,1,47,14,23_2_47,CD,0.242134675807424,0.757865324192576,3
23,1,1,48,15,23_2_48,CD,0.6737802611585718,0.3262197388414282,3
23,1,1,49,16,23_2_49,CD,0.31185642025354027,0.6881435797464598,4
23,1,1,50,17,23_2_50,VD,0.31851162020706825,0.6814883797929319,4
23,1,1,51,18,23_2_51,CD,0.16845879568472943,0.8315412043152706,4
23,1,1,53,20,23_2_53,VD,0.2346027241768895,0.7653972758231106,3
23,1,1,54,21,23_2_54,CD,0.1171462083111656,0.8828537916888344,4
23,1,1,55,22,23_2_55,CD,0.11875895196906423,0.8812410480309357,4
23,1,1,56,23,23_2_56,CD,0.38407124752366806,0.6159287524763319,3
23,1,1,57,24,23_2_57,CD,0.383125293730461,0.616874706269539,3
23,1,1,58,25,23_2_58,VD,0.1021548771692873,0.8978451228307127,4
23,1,1,59,26,23_2_59,VD,0.10417971372738848,0.8958202862726116,4
23,1,1,61,28,23_2_61,VD,0.19735497198364876,0.8026450280163512,4
23,1,1,62,29,23_2_62,VD,0.12140671963812436,0.8785932803618757,4
23,1,1,63,30,23_2_63,CD,0.3861614379944903,0.6138385620055097,3
23,1,1,64,31,23_2_64,VD,0.3824286583096723,0.6175713416903277,3
23,1,2,65,32,23_3_65,VD,0.6330085846805632,0.3669914153194368,3
23,1,2,67,34,23_3_67,CD,0.38369239198557575,0.6163076080144242,3
23,1,2,68,35,23_3_68,CD,0.09967521756567024,0.9003247824343298,4
23,1,2,69,36,23_3_69,VD,0.3825577038687584,0.6174422961312416,3
23,1,2,70,37,23_3_70,VD,0.18928023720124132,0.8107197627987587,4
23,1,2,71,38,23_3_71,CD,0.5020283805819921,0.497971619418008,4
23,1,2,72,39,23_3_72,CD,0.5167827274582856,0.48321727254171437,3
23,1,2,73,40,23_3_73,CD,0.5271984265203655,0.4728015734796344,4
23,1,2,74,41,23_3_74,CD,0.3218632350435512,0.6781367649564487,4
23,1,2,75,42,23_3_75,CD,0.1048411911083251,0.8951588088916749,4
23,1,2,76,43,23_3_76,CD,0.1056911640459734,0.8943088359540265,4
23,1,2,77,44,23_3_77,CD,0.5161608923392826,0.48383910766071736,2
23,1,2,78,45,23_3_78,CD,0.3000811441738691,0.6999188558261309,4
23,1,2,79,46,23_3_79,CD,0.29313774250263924,0.7068622574973608,5
23,1,2,80,47,23_3_80,VD,0.10231017726296657,0.8976898227370335,4
23,1,2,81,48,23_3_81,VD,0.3271974964463641,0.6728025035536359,4
23,1,2,82,49,23_3_82,VD,0.10246884567136255,0.8975311543286374,3
23,1,2,83,50,23_3_83,VD,0.38298358311917907,0.617016416880821,3
23,1,2,84,51,23_3_84,CD,0.3199040523438969,0.680095947656103,4
23,1,2,85,52,23_3_85,VD,0.39389042496933213,0.6061095750306679,4
23,1,2,87,54,23_3_87,VD,0.10224300722284928,0.8977569927771507,4
23,1,2,89,56,23_3_89,VD,0.0970060898353175,0.9029939101646824,4
23,1,2,90,57,23_3_90,CD,0.5148404899325639,0.485159510067436,2
23,1,2,92,59,23_3_92,CD,0.09793984816844434,0.9020601518315557,4
23,1,2,93,60,23_3_93,VD,0.1115248360964986,0.8884751639035015,4
23,1,2,94,61,23_3_94,VD,0.4008660043756141,0.599133995624386,3
23,1,2,95,62,23_3_95,VD,0.1451141901910135,0.8548858098089865,4
23,1,2,96,63,23_3_96,VD,0.11795710182901478,0.8820428981709852,4
23,1,3,97,64,23_4_97,VD,0.1581924331307231,0.8418075668692769,3
23,1,3,98,65,23_4_98,VD,0.1266776922143414,0.8733223077856587,4
23,1,3,99,66,23_4_99,VD,0.5139345507308902,0.4860654492691097,2
23,1,3,100,67,23_4_100,CD,0.38454188302246933,0.6154581169775306,3
23,1,3,101,68,23_4_101,CD,0.10267163398073743,0.8973283660192626,4
23,1,3,102,69,23_4_102,VD,0.10198711076182566,0.89801288923817435,4
23,1,3,103,70,23_4_103,VD,0.1015477338703484,0.8984522661296516,4
23,1,3,104,71,23_4_104,CD,0.10013406460787568,0.8998659353921243,4
23,1,3,105,72,23_4_105,VD,0.1945073899445626,0.8054926100554374,3
23,1,3,106,73,23_4_106,VD,0.3995985462204447,0.6004014537795553,3
23,1,3,107,74,23_4_107,CD,0.7026567873425315,0.2973432126574686,3
23,1,3,108,75,23_4_108,VD,0.15366880438865305,0.846331195611347,3
23,1,3,109,76,23_4_109,CD,0.11950323566354287,0.8804967643364572,4
23,1,3,110,77,23_4_110,CD,0.5138752579390036,0.48612474206099643,2
23,1,3,113,80,23_4_113,VD,0.3961319149026888,0.6038680850973113,3
23,1,3,115,82,23_4_115,CD,0.3894682775926356,0.6105317224073644,3
23,1,3,116,83,23_4_116,VD,0.6789728412425867,0.3210271587574132,3
23,1,3,117,84,23_4_117,CD,0.24880246235299358,0.7511975376470065,4
23,1,3,118,85,23_4_118,CD,0.3865179108762965,0.6134820891237035,3
23,1,3,119,86,23_4_119,CD,0.11046254469947843,0.8895374553005215,4
23,1,3,120,87,23_4_120,VD,0.3881827278681941,0.6118172721318059,3
23,1,3,121,88,23_4_121,CD,0.6475891919131546,0.3524108080868455,3
23,1,3,122,89,23_4_122,CD,0.10048196819786276,0.8995180318021373,4
23,1,3,124,91,23_4_124,CD,0.26572737839808946,0.7342726216019106,4
23,1,3,125,92,23_4_125,VD,0.31741296027382876,0.6825870397261712,4
23,1,3,127,94,23_4_127,CD,0.30171942301679155,0.6982805769832083,4
23,1,3,128,95,23_4_128,VD,0.38378853735429674,0.6162114626457033,3
23,1,4,129,96,23_5_129,VD,0.19410921724518646,0.8058907827548136,4
23,1,4,130,97,23_5_130,VD,0.10242599919250314,0.8975740008074968,4
23,1,4,131,98,23_5_131,CD,0.3176882880143229,0.6823117119856772,4
23,1,4,132,99,23_5_132,CD,0.10786921099588523,0.8921307890041148,4
23,1,4,133,100,23_5_133,CD,0.1370329604393786,0.8629670395606214,4
23,1,4,134,101,23_5_134,CD,0.13949987369276895,0.860500126307231,4
23,1,4,135,102,23_5_135,VD,0.5142154523071886,0.48578454769281143,2
23,1,4,138,105,23_5_138,CD,0.5063366309526625,0.4936633690473376,3
23,1,4,139,106,23_5_139,CD,0.12407893180148105,0.8759210681985189,3
23,1,4,141,108,23_5_141,VD,0.5140316609805153,0.48596833901948466,2
23,1,4,142,109,23_5_142,VD,0.11596949224353534,0.8840305077564646,4
23,1,4,143,110,23_5_143,VD,0.20364212071458893,0.7963578792854111,4
23,1,4,144,111,23_5_144,VD,0.38360283232393877,0.6163971676760612,3
23,1,4,145,112,23_5_145,CD,0.386931684269155,0.613068315730845,3
23,1,4,146,113,23_5_146,VD,0.528799389389169,0.471200610610831,5
23,1,4,147,114,23_5_147,CD,0.3883643929494698,0.6116356070505302,3
23,1,4,148,115,23_5_148,VD,0.09935918468728802,0.9006408153127119,4
23,1,4,149,116,23_5_149,VD,0.10550292889593592,0.8944970711040641,4
23,1,4,150,117,23_5_150,CD,0.517573493272362,0.4824265067276379,2
23,1,4,151,118,23_5_151,CD,0.3775394567983316,0.6224605432016684,5
23,1,4,152,119,23_5_152,VD,0.40598733989883135,0.5940126601011686,3
23,1,4,153,120,23_5_153,VD,0.14048483044134336,0.8595151695586567,4
23,1,4,154,121,23_5_154,VD,0.10365148318372035,0.8963485168162797,4
23,1,4,155,122,23_5_155,VD,0.22731352128625326,0.7726864787137467,5
23,1,4,156,123,23_5_156,CD,0.11944864625315463,0.8805513537468455,4
23,1,4,157,124,23_5_157,CD,0.6565505835751501,0.34344941642485,3
23,1,4,158,125,23_5_158,CD,0.5274600428956027,0.4725399571043974,4
23,1,4,159,126,23_5_159,VD,0.10124499696667025,0.8987550030333298,4
23,1,4,160,127,23_5_160,CD,0.18713351900091932,0.8128664809990807,3
23,1,5,161,128,23_6_161,CD,0.10024351747627619,0.8997564825237238,3
23,1,5,162,129,23_6_162,CD,0.3197815220683782,0.6802184779316218,4
23,1,5,163,130,23_6_163,VD,0.5154588024789278,0.4845411975210722,2
23,1,5,164,131,23_6_164,VD,0.12980959064512837,0.8701904093548716,4
23,1,5,165,132,23_6_165,CD,0.32342395327405593,0.6765760467259441,4
23,1,5,166,133,23_6_166,CD,0.12399146388646325,0.8760085361135368,3
23,1,5,167,134,23_6_167,VD,0.2246497083322505,0.7753502916677495,4
23,1,5,168,135,23_6_168,CD,0.38648212947237626,0.6135178705276236,3
23,1,5,169,136,23_6_169,VD,0.4977045074401504,0.5022954925598496,4
23,1,5,170,137,23_6_170,VD,0.32195887589112393,0.6780411241088761,4
23,1,5,171,138,23_6_171,CD,0.38252032391142216,0.6174796760885779,3
23,1,5,172,139,23_6_172,VD,0.10913859125700182,0.8908614087429982,4
23,1,5,173,140,23_6_173,VD,0.32453139547388854,0.6754686045261115,4
23,1,5,174,141,23_6_174,VD,0.1093987775653229,0.8906012224346771,4
23,1,5,175,142,23_6_175,CD,0.11430179949687926,0.8856982005031208,4
23,1,5,176,143,23_6_176,CD,0.11621450480949781,0.8837854951905022,4
23,1,5,178,145,23_6_178,VD,0.3248870590028924,0.6751129409971075,4
23,1,5,179,146,23_6_179,CD,0.5170487871151875,0.4829512128848125,2
23,1,5,180,147,23_6_180,VD,0.09832463966677168,0.9016753603332284,4
23,1,5,181,148,23_6_181,CD,0.11080348166623807,0.8891965183337619,4
23,1,5,183,150,23_6_183,VD,0.10258958989134655,0.8974104101086534,4
23,1,5,184,151,23_6_184,VD,0.3824747130659092,0.6175252869340908,3
23,1,5,186,152,23_6_186,CD,0.5161608923392826,0.48383910766071736,2
23,1,5,187,153,23_6_187,VD,0.10234110542951225,0.8976588945704878,4
23,1,5,188,154,23_6_188,VD,0.6440166883482897,0.3559833116517103,3
23,1,5,190,156,23_6_190,CD,0.13138980336905204,0.8686101966309481,4
23,1,5,191,157,23_6_191,CD,0.3837457546799567,0.6162542453200432,5
23,1,5,192,158,23_6_192,CD,0.5176424067961541,0.4823575932038459,4
23,1,6,193,159,23_7_193,VD,0.10535612854197357,0.8946438714580264,4
23,1,6,194,160,23_7_194,VD,0.3883369996922368,0.6116630003077632,3
23,1,6,195,161,23_7_195,CD,0.5151683223299425,0.4848316776700575,2
23,1,6,196,162,23_7_196,CD,0.406406688323012,0.593593311676988,3
23,1,6,197,163,23_7_197,CD,0.3137075054229449,0.6862924945770552,4
23,1,6,198,164,23_7_198,CD,0.4838927270412568,0.5161072729587431,4
23,1,6,200,166,23_7_200,CD,0.5211703823737008,0.4788296176262992,4
23,1,6,201,167,23_7_201,CD,0.3824747130659092,0.6175252869340908,3
23,1,6,202,168,23_7_202,VD,0.10937923387815734,0.8906207661218426,4
23,1,6,203,169,23_7_203,CD,0.5139621586732607,0.48603784132673933,2
23,1,6,204,170,23_7_204,VD,0.6961305042142456,0.3038694957857544,3
23,1,6,205,171,23_7_205,VD,0.3547397808087876,0.6452602191912125,5
23,1,6,206,172,23_7_206,CD,0.31981469120628037,0.6801853087937196,4
23,1,6,207,173,23_7_207,VD,0.5142754114503199,0.4857245885496801,2
23,1,6,208,174,23_7_208,CD,0.12379672475727246,0.8762032752427276,4
23,1,6,209,175,23_7_209,VD,0.4039416491758785,0.5960583508241215,5
23,1,6,210,176,23_7_210,CD,0.10273262117919557,0.8972673788208044,4
23,1,6,211,177,23_7_211,CD,0.10924030676879973,0.8907596932312003,4
23,1,6,212,178,23_7_212,VD,0.2680173946289943,0.7319826053710058,5
23,1,6,214,180,23_7_214,CD,0.37571609780794885,0.6242839021920511,3
23,1,6,215,181,23_7_215,CD,0.38622322965565414,0.613776770344346,5
23,1,6,216,182,23_7_216,VD,0.10240631901899408,0.8975936809810059,4
23,1,6,217,183,23_7_217,VD,0.10039333947826273,0.8996066605217372,4
23,1,6,218,184,23_7_218,CD,0.13439634508064538,0.8656036549193546,3
23,1,6,219,185,23_7_219,VD,0.1257557401466122,0.8742442598533878,3
23,1,6,220,186,23_7_220,VD,0.12456882922733123,0.8754311707726687,3
23,1,6,221,187,23_7_221,CD,0.3516359441424145,0.6483640558575855,3
23,1,6,222,188,23_7_222,VD,0.1013223832040653,0.8986776167959347,4
23,1,6,223,189,23_7_223,VD,0.5157885617582725,0.48421143824172763,2
23,1,6,224,190,23_7_224,VD,0.3862614319643625,0.6137385680356375,3
23,1,7,225,191,23_8_225,VD,0.39446446616843894,0.6055355338315611,3
23,1,7,226,192,23_8_226,VD,0.29247988113080103,0.707520118869199,4
23,1,7,227,193,23_8_227,VD,0.3822522659116345,0.6177477340883655,3
23,1,7,228,194,23_8_228,CD,0.21049906258894002,0.78950093741106,5
23,1,7,229,195,23_8_229,VD,0.10075569383684024,0.8992443061631598,4
23,1,7,231,197,23_8_231,CD,0.3863603755097747,0.6136396244902254,3
23,1,7,232,198,23_8_232,CD,0.31785651916614943,0.6821434808338506,4
23,1,7,233,199,23_8_233,VD,0.10491288577286817,0.8950871142271318,4
23,1,7,234,200,23_8_234,VD,0.5141109604134417,0.48588903958655827,2
23,1,7,235,201,23_8_235,CD,0.518720046124346,0.4812799538756541,2
23,1,7,236,202,23_8_236,VD,0.3862601106867611,0.6137398893132389,3
23,1,7,237,203,23_8_237,VD,0.513877298348289,0.48612270165171106,2
23,1,7,238,204,23_8_238,CD,0.14756893840123664,0.8524310615987634,3
23,1,7,239,205,23_8_239,CD,0.28730709041975727,0.7126929095802427,5
23,1,7,240,206,23_8_240,VD,0.41397208221930143,0.5860279177806985,3
23,1,7,241,207,23_8_241,VD,0.539542373497717,0.46045762650228295,4
23,1,7,243,209,23_8_243,CD,0.3252800436972823,0.6747199563027177,4
23,1,7,244,210,23_8_244,VD,0.10396139019391096,0.8960386098060891,4
23,1,7,247,213,23_8_247,CD,0.10481294256027529,0.8951870574397247,4
23,1,7,248,214,23_8_248,CD,0.11041062744197759,0.8895893725580224,4
23,1,7,249,215,23_8_249,VD,0.09907962760671882,0.9009203723932813,4
23,1,7,250,216,23_8_250,CD,0.3224900500532416,0.6775099499467584,3
23,1,7,251,217,23_8_251,CD,0.1070563252739264,0.8929436747260736,4
23,1,7,252,218,23_8_252,CD,0.11025406715782768,0.8897459328421723,4
23,1,7,253,219,23_8_253,VD,0.10062240355719707,0.8993775964428029,4
23,1,7,254,220,23_8_254,CD,0.1010666612896886,0.8989333387103113,4
23,1,7,255,221,23_8_255,CD,0.10289941084225965,0.8971005891577404,4
23,1,7,256,222,23_8_256,VD,0.21862022550652305,0.7813797744934768,3
23,1,8,257,223,23_9_257,CD,0.09859065313570223,0.9014093468642977,4
23,1,8,258,224,23_9_258,VD,0.22194188954094868,0.7780581104590513,5
23,1,8,259,225,23_9_259,VD,0.10394160614874638,0.8960583938512536,4
23,1,8,261,226,23_9_261,CD,0.2654345629354389,0.7345654370645612,4
23,1,8,262,227,23_9_262,CD,0.5146006537234802,0.48539934627651976,2
23,1,8,263,228,23_9_263,VD,0.11009198374467694,0.889908016255323,4
23,1,8,265,230,23_9_265,VD,0.11533878937848595,0.8846612106215141,4
23,1,8,266,231,23_9_266,VD,0.25555511014695675,0.7444448898530432,4
23,1,8,267,232,23_9_267,CD,0.5261051326584019,0.4738948673415982,2
23,1,8,268,233,23_9_268,CD,0.36654468252955497,0.633455317470445,4
23,1,8,269,234,23_9_269,CD,0.9498331112600951,0.050166888739904957,2
23,1,8,270,235,23_9_270,VD,0.5597705410698626,0.4402294589301374,2
23,1,8,271,236,23_9_271,CD,0.4768008501963716,0.5231991498036284,4
23,1,8,272,237,23_9_272,VD,0.3521243494625884,0.6478756505374116,4
23,1,8,273,238,23_9_273,CD,0.8930764224836696,0.10692357751633041,2
23,1,8,274,239,23_9_274,CD,0.5300323131342028,0.4699676868657973,2
23,1,8,275,240,23_9_275,VD,0.2557262592914109,0.7442737407085891,4
23,1,8,276,241,23_9_276,VD,0.7695160493228459,0.23048395067715416,4
23,1,8,277,242,23_9_277,CD,0.513902247712047,0.48609775228795304,2
23,1,8,278,243,23_9_278,CD,0.30798743606237877,0.6920125639376213,4
23,1,8,279,244,23_9_279,VD,0.5137230020037444,0.48627699799625557,2
23,1,8,280,245,23_9_280,CD,0.5167637014825188,0.4832362985174812,2
23,1,8,284,248,23_9_284,VD,0.10710824450517863,0.8928917554948214,4
23,1,8,285,249,23_9_285,VD,0.08995819778961536,0.9100418022103847,3
23,1,8,286,250,23_9_286,CD,0.28221621211098863,0.7177837878890114,5
23,1,8,287,251,23_9_287,VD,0.2769059741753964,0.7230940258246037,3
23,1,8,288,252,23_9_288,CD,0.5361527778278102,0.46384722217218977,4
25,1,1,33,1,25_2_33,VD,0.5318420161375798,0.4681579838624203,4
25,1,1,34,2,25_2_34,CD,0.10588598623733529,0.8941140137626646,4
25,1,1,35,3,25_2_35,VD,0.11288634517253364,0.8871136548274663,4
25,1,1,36,4,25_2_36,VD,0.10975687328279787,0.8902431267172022,4
25,1,1,38,6,25_2_38,CD,0.4868466272018527,0.5131533727981474,4
25,1,1,39,7,25_2_39,CD,0.10532586761808951,0.8946741323819105,4
25,1,1,40,8,25_2_40,VD,0.33260409243175937,0.6673959075682406,4
25,1,1,41,9,25_2_41,VD,0.12210942909360023,0.8778905709063998,3
25,1,1,42,10,25_2_42,CD,0.5117916123069715,0.48820838769302854,4
25,1,1,43,11,25_2_43,CD,0.33600176102100576,0.6639982389789942,4
25,1,1,44,12,25_2_44,CD,0.10125301374986523,0.8987469862501348,3
25,1,1,45,13,25_2_45,CD,0.12440869860761303,0.8755913013923871,3
25,1,1,46,14,25_2_46,VD,0.11626223176215937,0.8837377682378407,4
25,1,1,47,15,25_2_47,CD,0.5280515536310701,0.47194844636892985,2
25,1,1,48,16,25_2_48,VD,0.26188151803567045,0.7381184819643296,5
25,1,1,50,18,25_2_50,VD,0.11327794690036964,0.8867220530996303,3
25,1,1,51,19,25_2_51,CD,0.22710945530110505,0.772890544698895,4
25,1,1,52,20,25_2_52,VD,0.691524308103629,0.3084756918963711,3
25,1,1,53,21,25_2_53,CD,0.31989632413078684,0.6801036758692132,3
25,1,1,54,22,25_2_54,VD,0.33783440291847283,0.6621655970815272,4
25,1,1,55,23,25_2_55,VD,0.1121807630276575,0.8878192369723426,4
25,1,1,56,24,25_2_56,CD,0.46830055107445695,0.5316994489255431,3
25,1,1,57,25,25_2_57,CD,0.29456843766322127,0.7054315623367787,4
25,1,1,58,26,25_2_58,CD,0.13617351255971208,0.8638264874402879,4
25,1,1,59,27,25_2_59,VD,0.11014380585026506,0.8898561941497349,4
25,1,1,60,28,25_2_60,VD,0.6765603266144312,0.3234396733855688,3
25,1,1,61,29,25_2_61,VD,0.5141301019086996,0.48586989809130043,2
25,1,1,63,31,25_2_63,VD,0.09941902242535691,0.9005809775746431,4
25,1,1,64,32,25_2_64,CD,0.1430412319277376,0.8569587680722623,4
25,1,2,67,34,25_3_67,VD,0.12670477440033784,0.8732952255996622,4
25,1,2,68,35,25_3_68,CD,0.11510476280609941,0.8848952371939005,4
25,1,2,69,36,25_3_69,VD,0.12583540400427712,0.8741645959957229,2
25,1,2,70,37,25_3_70,CD,0.3868429745921074,0.6131570254078925,3
25,1,2,71,38,25_3_71,CD,0.10159433049433121,0.8984056695056688,4
25,1,2,72,39,25_3_72,VD,0.5261051326584019,0.4738948673415982,2
25,1,2,74,41,25_3_74,VD,0.09952311838268245,0.9004768816173175,4
25,1,2,75,42,25_3_75,CD,0.1068777538952601,0.8931222461047399,4
25,1,2,76,43,25_3_76,CD,0.34578483810270416,0.6542151618972958,5
25,1,2,77,44,25_3_77,CD,0.1315047601110117,0.8684952398889882,3
25,1,2,78,45,25_3_78,CD,0.12403089135781496,0.875969108642185,3
25,1,2,79,46,25_3_79,CD,0.19248763151965662,0.8075123684803435,4
25,1,2,80,47,25_3_80,CD,0.11113563649062388,0.888864363509376,4
25,1,2,81,48,25_3_81,VD,0.14090666384562073,0.8590933361543793,3
25,1,2,82,49,25_3_82,CD,0.24046312334638795,0.759536876653612,4
25,1,2,83,50,25_3_83,CD,0.5387910139588055,0.46120898604119454,4
25,1,2,84,51,25_3_84,VD,0.616434834729758,0.38356516527024204,3
25,1,2,86,53,25_3_86,VD,0.45402113786124904,0.5459788621387509,5
25,1,2,87,54,25_3_87,VD,0.3293042105814118,0.6706957894185882,4
25,1,2,88,55,25_3_88,VD,0.3914976048087739,0.6085023951912261,5
25,1,2,89,56,25_3_89,VD,0.5155905458570302,0.48440945414296976,2
25,1,2,92,58,25_3_92,VD,0.12936536446424327,0.8706346355357567,3
25,1,2,93,59,25_3_93,CD,0.4110696218962494,0.5889303781037506,3
25,1,2,94,60,25_3_94,CD,0.3337516408582438,0.6662483591417562,4
25,1,2,95,61,25_3_95,VD,0.10595547582212064,0.8940445241778793,3
25,1,2,96,62,25_3_96,VD,0.20829610479906774,0.7917038952009322,3
25,1,3,97,63,25_4_97,CD,0.10710217089154046,0.8928978291084595,4
25,1,3,98,64,25_4_98,CD,0.4476376916842919,0.5523623083157081,3
25,1,3,99,65,25_4_99,VD,0.3427066717691617,0.6572933282308383,4
25,1,3,101,67,25_4_101,CD,0.09826797564831995,0.9017320243516801,4
25,1,3,102,68,25_4_102,CD,0.2948187798530167,0.7051812201469833,4
25,1,3,103,69,25_4_103,CD,0.10217939223463313,0.8978206077653669,3
25,1,3,104,70,25_4_104,CD,0.1518042194590475,0.8481957805409525,5
25,1,3,105,71,25_4_105,CD,0.7283834459013546,0.2716165540986453,3
25,1,3,106,72,25_4_106,VD,0.3318214209660679,0.6681785790339321,4
25,1,3,107,73,25_4_107,VD,0.5188901908263122,0.48110980917368784,2
25,1,3,108,74,25_4_108,VD,0.14899244420322993,0.85100755579677,3
25,1,3,109,75,25_4_109,CD,0.13055828618119542,0.8694417138188046,4
25,1,3,110,76,25_4_110,VD,0.10359793656164695,0.896402063438353,3
25,1,3,111,77,25_4_111,VD,0.32121354235511956,0.6787864576448804,4
25,1,3,112,78,25_4_112,VD,0.639308577287997,0.36069142271200305,5
25,1,3,113,79,25_4_113,CD,0.38506113655438573,0.6149388634456142,3
25,1,3,114,80,25_4_114,CD,0.5427374689586177,0.4572625310413822,3
25,1,3,115,81,25_4_115,VD,0.12829340919561708,0.8717065908043828,4
25,1,3,116,82,25_4_116,CD,0.10043023776814188,0.8995697622318581,4
25,1,3,117,83,25_4_117,VD,0.10956205154448956,0.8904379484555104,4
25,1,3,118,84,25_4_118,CD,0.16762399676616796,0.8323760032338321,3
25,1,3,119,85,25_4_119,VD,0.10933292066712372,0.8906670793328764,4
25,1,3,121,87,25_4_121,VD,0.2993033064068521,0.7006966935931479,5
25,1,3,123,89,25_4_123,VD,0.1399924622891446,0.8600075377108554,3
25,1,3,124,90,25_4_124,CD,0.14868362918942432,0.8513163708105757,3
25,1,3,125,91,25_4_125,VD,0.4362241775946365,0.5637758224053635,4
25,1,3,126,92,25_4_126,CD,0.5370029536957411,0.46299704630425886,4
25,1,3,127,93,25_4_127,VD,0.10065200364771719,0.8993479963522828,4
25,1,3,128,94,25_4_128,VD,0.3228637046943763,0.6771362953056237,4
25,1,4,129,95,25_5_129,VD,0.38618936753055927,0.6138106324694408,3
25,1,4,130,96,25_5_130,VD,0.11655996983365183,0.8834400301663482,4
25,1,4,131,97,25_5_131,CD,0.5254661974359097,0.4745338025640902,3
25,1,4,132,98,25_5_132,VD,0.3180195993375451,0.6819804006624549,4
25,1,4,133,99,25_5_133,CD,0.3160276875895292,0.6839723124104707,4
25,1,4,134,100,25_5_134,VD,0.2830740663213412,0.7169259336786588,5
25,1,4,135,101,25_5_135,CD,0.3230228323108093,0.6769771676891907,4
25,1,4,136,102,25_5_136,CD,0.09890545605340384,0.9010945439465962,4
25,1,4,137,103,25_5_137,CD,0.3214749291554528,0.6785250708445473,4
25,1,4,138,104,25_5_138,CD,0.4043625150856956,0.5956374849143045,3
25,1,4,139,105,25_5_139,VD,0.33876115467960966,0.6612388453203903,4
25,1,4,140,106,25_5_140,CD,0.32491905764814744,0.6750809423518526,4
25,1,4,141,107,25_5_141,CD,0.2916941412650643,0.7083058587349357,5
25,1,4,144,110,25_5_144,CD,0.3449382431581073,0.6550617568418927,3
25,1,4,145,111,25_5_145,CD,0.3486537662368317,0.6513462337631682,4
25,1,4,146,112,25_5_146,CD,0.2897580643382214,0.7102419356617786,5
25,1,4,147,113,25_5_147,VD,0.3415789608174419,0.6584210391825581,4
25,1,4,148,114,25_5_148,VD,0.09288294440842793,0.9071170555915721,3
25,1,4,149,115,25_5_149,CD,0.6783538913146638,0.32164610868533616,3
25,1,4,150,116,25_5_150,CD,0.5216554947996879,0.4783445052003121,2
25,1,4,151,117,25_5_151,VD,0.5162409410360242,0.4837590589639757,2
25,1,4,153,119,25_5_153,CD,0.09911554624412051,0.9008844537558796,4
25,1,4,155,121,25_5_155,VD,0.09233734931228688,0.9076626506877131,3
25,1,4,156,122,25_5_156,CD,0.31587452575647607,0.6841254742435239,4
25,1,4,158,124,25_5_158,VD,0.1002985302748044,0.8997014697251957,4
25,1,4,159,125,25_5_159,VD,0.27427686800451206,0.725723131995488,3
25,1,5,161,126,25_6_161,CD,0.0963246235043086,0.9036753764956913,3
25,1,5,163,128,25_6_163,VD,0.12513066230658437,0.8748693376934156,4
25,1,5,164,129,25_6_164,CD,0.11138971873332568,0.8886102812666743,4
25,1,5,165,130,25_6_165,CD,0.09852483594627529,0.9014751640537247,3
25,1,5,166,131,25_6_166,CD,0.3990302784465755,0.6009697215534245,3
25,1,5,167,132,25_6_167,CD,0.3489369928844439,0.6510630071155561,4
25,1,5,168,133,25_6_168,CD,0.36491322565403517,0.6350867743459648,4
25,1,5,169,134,25_6_169,CD,0.1003983092722536,0.8996016907277464,4
25,1,5,171,136,25_6_171,VD,0.38253932686324876,0.6174606731367513,3
25,1,5,172,137,25_6_172,VD,0.39474529635541833,0.6052547036445817,3
25,1,5,174,139,25_6_174,VD,0.5143759787237827,0.4856240212762173,2
25,1,5,175,140,25_6_175,VD,0.34285055448352264,0.6571494455164774,4
25,1,5,176,141,25_6_176,VD,0.5046776823640888,0.49532231763591117,3
25,1,5,177,142,25_6_177,CD,0.1946494816401962,0.8053505183598039,4
25,1,5,178,143,25_6_178,VD,0.5141109604134417,0.48588903958655827,2
25,1,5,179,144,25_6_179,VD,0.27203339187162,0.7279666081283801,3
25,1,5,181,146,25_6_181,CD,0.49279656817682027,0.5072034318231797,4
25,1,5,182,147,25_6_182,CD,0.2500368559738975,0.7499631440261025,4
25,1,5,183,148,25_6_183,CD,0.3547398948774645,0.6452601051225355,4
25,1,5,185,150,25_6_185,VD,0.5604627457480733,0.4395372542519267,4
25,1,5,186,151,25_6_186,VD,0.31718671439279933,0.6828132856072007,4
25,1,5,188,152,25_6_188,CD,0.7103326654964315,0.28966733450356846,3
25,1,5,189,153,25_6_189,CD,0.10255292655558142,0.8974470734444187,4
25,1,5,192,156,25_6_192,CD,0.09898293460480183,0.9010170653951981,4
25,1,6,193,157,25_7_193,CD,0.1842465090719809,0.8157534909280191,4
25,1,6,194,158,25_7_194,CD,0.41947635007995054,0.5805236499200495,4
25,1,6,195,159,25_7_195,VD,0.2551899671820876,0.7448100328179124,4
25,1,6,196,160,25_7_196,CD,0.1300250785865766,0.8699749214134235,4
25,1,6,197,161,25_7_197,CD,0.3720281600235439,0.627971839976456,3
25,1,6,198,162,25_7_198,VD,0.537046053964101,0.4629539460358991,6
25,1,6,199,163,25_7_199,CD,0.3306166129752193,0.6693833870247806,5
25,1,6,200,164,25_7_200,CD,0.3045984607908414,0.6954015392091587,5
25,1,6,201,165,25_7_201,VD,0.11122096917501437,0.8887790308249857,4
25,1,6,202,166,25_7_202,CD,0.5140316609805153,0.48596833901948466,2
25,1,6,203,167,25_7_203,CD,0.2750747793578551,0.7249252206421448,5
25,1,6,204,168,25_7_204,VD,0.4863852861435314,0.5136147138564686,5
25,1,6,206,170,25_7_206,VD,0.32158437601630196,0.678415623983698,4
25,1,6,207,171,25_7_207,CD,0.23892827658402846,0.7610717234159715,5
25,1,6,208,172,25_7_208,CD,0.6395160322476241,0.3604839677523759,2
25,1,6,209,173,25_7_209,VD,0.32466126382010807,0.6753387361798919,4
25,1,6,210,174,25_7_210,VD,0.40413978381623866,0.5958602161837613,5
25,1,6,211,175,25_7_211,VD,0.38390334703843526,0.6160966529615648,3
25,1,6,212,176,25_7_212,VD,0.2397221828495128,0.7602778171504873,4
25,1,6,213,177,25_7_213,VD,0.19535850993416767,0.8046414900658323,4
25,1,6,214,178,25_7_214,CD,0.5151683223299425,0.4848316776700575,2
25,1,6,215,179,25_7_215,VD,0.38546709154253933,0.6145329084574607,3
25,1,6,216,180,25_7_216,VD,0.10007184067361646,0.8999281593263836,3
25,1,6,217,181,25_7_217,VD,0.11879235052561275,0.8812076494743872,3
25,1,6,218,182,25_7_218,CD,0.4221017484451734,0.5778982515548265,5
25,1,6,219,183,25_7_219,VD,0.2775207794773177,0.7224792205226823,5
25,1,6,221,185,25_7_221,CD,0.11298126418737323,0.8870187358126267,4
25,1,6,223,187,25_7_223,VD,0.6175758344409736,0.3824241655590263,3
25,1,6,224,188,25_7_224,CD,0.11478516596715681,0.8852148340328432,4
25,1,7,225,189,25_8_225,CD,0.382713426502331,0.617286573497669,3
25,1,7,226,190,25_8_226,CD,0.3835691988237261,0.6164308011762739,3
25,1,7,227,191,25_8_227,VD,0.09900110813722002,0.9009988918627799,4
25,1,7,228,192,25_8_228,VD,0.40557778800363264,0.5944222119963674,3
25,1,7,229,193,25_8_229,CD,0.5567590521180105,0.44324094788198953,4
25,1,7,231,195,25_8_231,CD,0.09968007930706585,0.9003199206929341,4
25,1,7,233,197,25_8_233,CD,0.6759381352470376,0.3240618647529624,3
25,1,7,234,198,25_8_234,VD,0.27803672636772003,0.72196327363228,5
25,1,7,235,199,25_8_235,CD,0.289275138841543,0.710724861158457,5
25,1,7,237,200,25_8_237,VD,0.13981060572485524,0.8601893942751448,4
25,1,7,239,202,25_8_239,VD,0.5216554947996879,0.4783445052003121,2
25,1,7,241,204,25_8_241,VD,0.10040054285237308,0.8995994571476269,4
25,1,7,242,205,25_8_242,CD,0.3921944967515084,0.6078055032484916,3
25,1,7,243,206,25_8_243,CD,0.11254106193709404,0.8874589380629059,4
25,1,7,244,207,25_8_244,VD,0.19863561408409036,0.8013643859159096,4
25,1,7,245,208,25_8_245,CD,0.31425264679049136,0.6857473532095086,4
25,1,7,246,209,25_8_246,VD,0.1251263738457332,0.8748736261542668,3
25,1,7,247,210,25_8_247,CD,0.10448126536751334,0.8955187346324867,3
25,1,7,248,211,25_8_248,CD,0.7189793845128853,0.28102061548711466,3
25,1,7,249,212,25_8_249,CD,0.5354072636619676,0.46459273633803233,4
25,1,7,250,213,25_8_250,CD,0.5211435143424554,0.4788564856575446,2
25,1,7,251,214,25_8_251,CD,0.4193939126380527,0.5806060873619473,5
25,1,7,252,215,25_8_252,VD,0.6210530773491865,0.37894692265081353,3
25,1,7,253,216,25_8_253,VD,0.10286885331688078,0.8971311466831192,4
25,1,7,254,217,25_8_254,VD,0.2679159803105236,0.7320840196894765,4
25,1,7,255,218,25_8_255,VD,0.09983234725395099,0.9001676527460489,4
25,1,7,256,219,25_8_256,VD,0.22739142470096346,0.7726085752990365,4
25,1,8,258,221,25_9_258,VD,0.10431362367700671,0.8956863763229933,4
25,1,8,259,222,25_9_259,CD,0.1042455296522754,0.8957544703477246,4
25,1,8,260,223,25_9_260,VD,0.1221510271570587,0.8778489728429413,4
25,1,8,261,224,25_9_261,VD,0.6752522924991914,0.3247477075008085,3
25,1,8,262,225,25_9_262,VD,0.0956079135945691,0.9043920864054309,3
25,1,8,263,226,25_9_263,CD,0.12350582930611625,0.8764941706938838,4
25,1,8,264,227,25_9_264,VD,0.2720124689564628,0.7279875310435372,4
25,1,8,265,228,25_9_265,VD,0.40496345962801,0.5950365403719899,3
25,1,8,266,229,25_9_266,VD,0.3154180611017203,0.6845819388982797,4
25,1,8,267,230,25_9_267,VD,0.18796761443272542,0.8120323855672746,3
25,1,8,268,231,25_9_268,CD,0.25588533654297946,0.7441146634570205,5
25,1,8,269,232,25_9_269,CD,0.33229024578874244,0.6677097542112576,4
25,1,8,270,233,25_9_270,VD,0.5141109604134417,0.48588903958655827,2
25,1,8,271,234,25_9_271,CD,0.11163760539264364,0.8883623946073563,4
25,1,8,272,235,25_9_272,VD,0.42382913176703124,0.5761708682329687,4
25,1,8,276,239,25_9_276,CD,0.32181331833543647,0.6781866816645635,4
25,1,8,277,240,25_9_277,CD,0.24984134840642072,0.7501586515935793,4
25,1,8,279,242,25_9_279,VD,0.10233986817562296,0.897660131824377,4
25,1,8,280,243,25_9_280,VD,0.12486893335603552,0.8751310666439645,4
25,1,8,281,244,25_9_281,VD,0.11028083389112595,0.8897191661088741,3
25,1,8,282,245,25_9_282,CD,0.12792937389614678,0.8720706261038532,4
25,1,8,283,246,25_9_283,CD,0.12829690973489208,0.871703090265108,4
25,1,8,284,247,25_9_284,CD,0.5593569136095661,0.4406430863904339,4
25,1,8,287,250,25_9_287,VD,0.09865666310176471,0.9013433368982353,4
27,1,1,34,2,27_2_34,CD,0.6292674942054959,0.37073250579450406,2
27,1,1,36,4,27_2_36,VD,0.3219758559958648,0.6780241440041352,3
27,1,1,38,6,27_2_38,CD,0.24575704877202992,0.75424295122797,3
27,1,1,39,7,27_2_39,VD,0.32795500128706767,0.6720449987129323,4
27,1,1,41,8,27_2_41,CD,0.43439656646433794,0.5656034335356621,3
27,1,1,42,9,27_2_42,VD,0.6049668274017426,0.39503317259825743,2
27,1,1,43,10,27_2_43,CD,0.12870667812136258,0.8712933218786374,4
27,1,1,44,11,27_2_44,CD,0.6676289263231874,0.33237107367681246,2
27,1,1,45,12,27_2_45,CD,0.45989373760834873,0.5401062623916513,2
27,1,1,46,13,27_2_46,VD,0.3249057604519812,0.6750942395480188,3
27,1,1,47,14,27_2_47,VD,0.16179220063175795,0.8382077993682421,4
27,1,1,48,15,27_2_48,CD,0.09839255719954004,0.90160744280046,4
27,1,1,49,16,27_2_49,VD,0.12548895732030058,0.8745110426796995,3
27,1,1,51,17,27_2_51,VD,0.5486321138871095,0.45136788611289047,2
27,1,1,52,18,27_2_52,CD,0.10083026332082609,0.8991697366791739,4
27,1,1,53,19,27_2_53,VD,0.38819301640263443,0.6118069835973656,3
27,1,1,54,20,27_2_54,CD,0.3445011028484519,0.655498897151548,3
27,1,1,59,21,27_2_59,VD,0.9684268045531623,0.03157319544683771,2
27,1,1,60,22,27_2_60,CD,0.24568851140452508,0.7543114885954749,4
27,1,1,62,23,27_2_62,CD,0.39005139191017796,0.609948608089822,3
27,1,2,66,26,27_3_66,CD,0.5161608595279391,0.48383914047206095,2
27,1,2,67,27,27_3_67,CD,0.12837122550178154,0.8716287744982185,3
27,1,2,68,28,27_3_68,VD,0.3831408411507135,0.6168591588492865,3
27,1,2,69,29,27_3_69,CD,0.7344803676456287,0.26551963235437126,2
27,1,2,70,30,27_3_70,VD,0.38427846044888997,0.6157215395511101,3
27,1,2,71,31,27_3_71,CD,0.10877456781119751,0.8912254321888025,4
27,1,2,75,33,27_3_75,VD,0.5508230918252094,0.44917690817479056,3
27,1,2,77,34,27_3_77,VD,0.2742165709074254,0.7257834290925747,4
27,1,2,80,35,27_3_80,CD,0.521135861812654,0.4788641381873461,2
27,1,2,81,36,27_3_81,CD,0.5141066122915907,0.48589338770840934,2
27,1,2,82,37,27_3_82,VD,0.5368760479236505,0.4631239520763494,2
27,1,2,84,39,27_3_84,VD,0.14805225076684572,0.8519477492331543,3
27,1,2,85,40,27_3_85,CD,0.33044049238963114,0.6695595076103689,3
27,1,2,88,43,27_3_88,CD,0.13611831930513554,0.8638816806948645,3
27,1,2,89,44,27_3_89,CD,0.13986832945676927,0.8601316705432307,3
27,1,2,90,45,27_3_90,VD,0.11995724718425774,0.8800427528157423,4
27,1,2,92,46,27_3_92,CD,0.12028556691736966,0.8797144330826303,4
27,1,2,93,47,27_3_93,CD,0.39439367703108663,0.6056063229689134,3
27,1,2,96,49,27_3_96,CD,0.34780074420746465,0.6521992557925353,3
27,1,3,97,50,27_4_97,CD,0.10801123802668404,0.891988761973316,3
27,1,3,98,51,27_4_98,VD,0.3906434390686081,0.6093565609313919,3
27,1,3,99,52,27_4_99,VD,0.5034510934722849,0.4965489065277151,2
27,1,3,100,53,27_4_100,VD,0.4305087618445371,0.5694912381554629,3
27,1,3,102,55,27_4_102,VD,0.18532477562146937,0.8146752243785307,3
27,1,3,103,56,27_4_103,CD,0.10071211049783743,0.8992878895021625,4
27,1,3,104,57,27_4_104,VD,0.5386684278026579,0.461331572197342,2
27,1,3,105,58,27_4_105,VD,0.10118140774988442,0.8988185922501155,2
27,1,3,106,59,27_4_106,CD,0.3213023863044123,0.6786976136955877,4
27,1,3,108,61,27_4_108,VD,0.32357988530575504,0.676420114694245,4
27,1,3,109,62,27_4_109,CD,0.10005896470440206,0.8999410352955979,4
27,1,3,110,63,27_4_110,CD,0.3839322349542855,0.6160677650457145,3
27,1,3,111,64,27_4_111,CD,0.09479694564825566,0.9052030543517444,3
27,1,3,113,66,27_4_113,CD,0.11200450535003,0.88799549464997,4
27,1,3,114,67,27_4_114,VD,0.1052601484518584,0.8947398515481416,4
27,1,3,116,69,27_4_116,VD,0.2647923296649267,0.7352076703350734,2
27,1,3,118,71,27_4_118,VD,0.10264911072084343,0.8973508892791565,4
27,1,3,119,72,27_4_119,VD,0.5020337717023164,0.49796622829768356,2
27,1,3,120,73,27_4_120,CD,0.319893435943999,0.680106564056001,4
27,1,3,121,74,27_4_121,VD,0.09997780555995818,0.9000221944400418,3
27,1,3,122,75,27_4_122,CD,0.30530112991903735,0.6946988700809626,3
27,1,3,123,76,27_4_123,CD,0.5172689486031135,0.4827310513968865,2
27,1,3,124,77,27_4_124,CD,0.52903157579585,0.47096842420414997,2
27,1,3,125,78,27_4_125,VD,0.4530468928422303,0.5469531071577697,3
27,1,3,126,79,27_4_126,CD,0.0962455933948346,0.9037544066051654,3
27,1,3,127,80,27_4_127,CD,0.3832316678451529,0.616768332154847,3
27,1,3,128,81,27_4_128,CD,0.09835647357024525,0.9016435264297548,4
27,1,4,129,82,27_5_129,CD,0.7961473272502775,0.20385267274972246,2
27,1,4,130,83,27_5_130,CD,0.12951875620432785,0.8704812437956723,3
27,1,4,131,84,27_5_131,CD,0.3242789467724922,0.6757210532275079,4
27,1,4,133,86,27_5_133,CD,0.1430546109537427,0.8569453890462573,3
27,1,4,134,87,27_5_134,CD,0.1128858355143097,0.8871141644856902,4
27,1,4,136,89,27_5_136,VD,0.40583821450877805,0.5941617854912219,3
27,1,4,137,90,27_5_137,VD,0.10130921675858742,0.8986907832414126,3
27,1,4,138,91,27_5_138,VD,0.10110624648810909,0.8988937535118908,4
27,1,4,139,92,27_5_139,CD,0.3975748562175832,0.6024251437824168,3
27,1,4,140,93,27_5_140,VD,0.12684495477535268,0.8731550452246473,4
27,1,4,141,94,27_5_141,VD,0.5165605514890546,0.48343944851094534,2
27,1,4,142,95,27_5_142,VD,0.3226805833947913,0.6773194166052088,4
27,1,4,143,96,27_5_143,VD,0.14855455097825593,0.851445449021744,3
27,1,4,144,97,27_5_144,CD,0.3823529375186227,0.6176470624813774,3
27,1,4,145,98,27_5_145,CD,0.38340882651170693,0.6165911734882931,3
27,1,4,146,99,27_5_146,CD,0.12009062791036285,0.8799093720896373,3
27,1,4,147,100,27_5_147,CD,0.48993592463536434,0.5100640753646356,3
27,1,4,148,101,27_5_148,VD,0.5765381029402497,0.42346189705975035,2
27,1,4,149,102,27_5_149,VD,0.10106548943041183,0.8989345105695882,4
27,1,4,152,103,27_5_152,VD,0.3856512540405168,0.6143487459594832,3
27,1,4,153,104,27_5_153,CD,0.11126443792867964,0.8887355620713204,4
27,1,4,154,105,27_5_154,CD,0.5322681577688437,0.4677318422311562,3
27,1,4,156,107,27_5_156,VD,0.11814271397688271,0.8818572860231172,3
27,1,4,157,108,27_5_157,VD,0.5224134228038309,0.47758657719616915,2
27,1,4,158,109,27_5_158,CD,0.10520914138777718,0.8947908586122229,4
27,1,4,159,110,27_5_159,VD,0.2594234428931634,0.7405765571068367,3
27,1,5,161,112,27_6_161,VD,0.09392200368683143,0.9060779963131685,3
27,1,5,162,113,27_6_162,CD,0.11983879727385147,0.8801612027261485,4
27,1,5,163,114,27_6_163,VD,0.5203624086886811,0.47963759131131894,2
27,1,5,164,115,27_6_164,VD,0.09477894494052302,0.9052210550594769,3
27,1,5,165,116,27_6_165,CD,0.31694962870064736,0.6830503712993526,4
27,1,5,166,117,27_6_166,CD,0.09521331420119608,0.904786685798804,3
27,1,5,167,118,27_6_167,CD,0.33865345750155995,0.66134654249844,4
27,1,5,168,119,27_6_168,VD,0.5143759787237827,0.4856240212762173,2
27,1,5,169,120,27_6_169,VD,0.3826249111645549,0.6173750888354451,3
27,1,5,170,121,27_6_170,CD,0.12245746677012696,0.8775425332298731,4
27,1,5,171,122,27_6_171,CD,0.10086259705001996,0.89913740294998,3
27,1,5,172,123,27_6_172,CD,0.14208941964061242,0.8579105803593875,3
27,1,5,173,124,27_6_173,VD,0.09960664606023442,0.9003933539397656,4
27,1,5,175,126,27_6_175,VD,0.10619619078535811,0.8938038092146419,4
27,1,5,176,127,27_6_176,CD,0.5245862250948687,0.47541377490513126,2
27,1,5,177,128,27_6_177,CD,0.5169029994153532,0.4830970005846468,2
27,1,5,178,129,27_6_178,CD,0.09861887011634678,0.9013811298836533,4
27,1,5,180,131,27_6_180,CD,0.21961915673625065,0.7803808432637493,3
27,1,5,181,132,27_6_181,VD,0.10465116213739269,0.8953488378626073,4
27,1,5,183,134,27_6_183,VD,0.3871931257642984,0.6128068742357016,3
27,1,5,184,135,27_6_184,CD,0.7355923922616672,0.2644076077383327,2
27,1,5,185,136,27_6_185,VD,0.3184685476803871,0.681531452319613,4
27,1,5,186,137,27_6_186,VD,0.32023564676957306,0.6797643532304269,4
27,1,5,188,138,27_6_188,CD,0.10479452989809876,0.8952054701019012,4
27,1,5,189,139,27_6_189,CD,0.10434902966629778,0.8956509703337022,4
27,1,5,190,140,27_6_190,VD,0.1882906429565875,0.8117093570434125,3
27,1,5,191,141,27_6_191,VD,0.10842858467886723,0.8915714153211327,4
27,1,6,193,143,27_7_193,VD,0.11918775024007278,0.8808122497599272,3
27,1,6,194,144,27_7_194,VD,0.14161806452281853,0.8583819354771816,4
27,1,6,196,145,27_7_196,CD,0.11342799683874914,0.886572003161251,4
27,1,6,197,146,27_7_197,CD,0.5143464270730403,0.4856535729269597,2
27,1,6,198,147,27_7_198,CD,0.09742927837946842,0.9025707216205316,4
27,1,6,199,148,27_7_199,CD,0.10194100026653849,0.8980589997334615,4
27,1,6,200,149,27_7_200,CD,0.3856147046533007,0.6143852953466993,3
27,1,6,201,150,27_7_201,VD,0.12819923321096063,0.8718007667890393,4
27,1,6,202,151,27_7_202,VD,0.3241058798794758,0.6758941201205242,4
27,1,6,203,152,27_7_203,VD,0.09713238522154369,0.9028676147784563,3
27,1,6,205,154,27_7_205,VD,0.11144327889337134,0.8885567211066286,4
27,1,6,206,155,27_7_206,CD,0.11191111538331153,0.8880888846166886,4
27,1,6,207,156,27_7_207,CD,0.09587484445960635,0.9041251555403937,3
27,1,6,208,157,27_7_208,CD,0.3846960085659008,0.6153039914340992,3
27,1,6,209,158,27_7_209,VD,0.31837064816156646,0.6816293518384335,4
27,1,6,210,159,27_7_210,CD,0.2581399756363714,0.7418600243636285,4
27,1,6,211,160,27_7_211,CD,0.09953111394960071,0.9004688860503993,4
27,1,6,212,161,27_7_212,CD,0.10184046224801455,0.8981595377519854,4
27,1,6,213,162,27_7_213,CD,0.33216748934787016,0.6678325106521299,4
27,1,6,214,163,27_7_214,VD,0.10756348550354887,0.8924365144964511,4
27,1,6,215,164,27_7_215,CD,0.5180700328528033,0.4819299671471967,2
27,1,6,216,165,27_7_216,VD,0.38584612572017396,0.6141538742798262,3
27,1,6,217,166,27_7_217,VD,0.5154134429736363,0.4845865570263636,2
27,1,6,220,169,27_7_220,VD,0.3867730189958041,0.6132269810041959,3
27,1,6,221,170,27_7_221,VD,0.11925041109321538,0.8807495889067846,3
27,1,6,222,171,27_7_222,VD,0.5140367494551353,0.48596325054486467,2
27,1,7,225,174,27_8_225,VD,0.4112846142908669,0.5887153857091332,3
27,1,7,226,175,27_8_226,CD,0.5147005926764545,0.4852994073235455,2
27,1,7,227,176,27_8_227,VD,0.10327403379554262,0.8967259662044573,4
27,1,7,229,177,27_8_229,CD,0.10780218372945434,0.8921978162705456,4
27,1,7,230,178,27_8_230,VD,0.10649314969163352,0.8935068503083665,4
27,1,7,231,179,27_8_231,VD,0.1214751384044857,0.8785248615955142,4
27,1,7,232,180,27_8_232,VD,0.3334599641068683,0.6665400358931317,4
27,1,7,233,181,27_8_233,CD,0.5140316609805153,0.48596833901948466,2
27,1,7,234,182,27_8_234,CD,0.32748981652932985,0.6725101834706702,4
27,1,7,235,183,27_8_235,VD,0.10796427172258133,0.8920357282774187,4
27,1,7,236,184,27_8_236,CD,0.3842942399069058,0.6157057600930942,3
27,1,7,238,186,27_8_238,CD,0.0980504980836955,0.9019495019163044,3
27,1,7,240,188,27_8_240,CD,0.1255607973247657,0.8744392026752343,3
27,1,7,241,189,27_8_241,CD,0.09251741278733538,0.9074825872126646,3
27,1,7,242,190,27_8_242,VD,0.10117595065457,0.89882404934543,4
27,1,7,244,192,27_8_244,CD,0.34844669654818283,0.6515533034518172,3
27,1,7,245,193,27_8_245,CD,0.11109032092458096,0.888909679075419,4
27,1,7,246,194,27_8_246,VD,0.52903157579585,0.47096842420414997,2
27,1,7,248,196,27_8_248,VD,0.1273014798346018,0.8726985201653982,3
27,1,7,249,197,27_8_249,CD,0.4893079537468493,0.5106920462531507,3
27,1,7,250,198,27_8_250,CD,0.11646050606779482,0.8835394939322052,3
27,1,7,252,199,27_8_252,VD,0.6537073644087561,0.34629263559124396,3
27,1,7,253,200,27_8_253,CD,0.10282544121448176,0.8971745587855182,4
27,1,7,254,201,27_8_254,CD,0.3880406242858635,0.6119593757141365,3
27,1,7,255,202,27_8_255,VD,0.3180447445873058,0.6819552554126942,4
27,1,7,256,203,27_8_256,VD,0.5211435143424554,0.4788564856575446,2
27,1,8,257,204,27_9_257,VD,0.3841239093956024,0.6158760906043975,3
27,1,8,258,205,27_9_258,CD,0.5149666392968578,0.4850333607031422,2
27,1,8,259,206,27_9_259,CD,0.2232435843293299,0.77675641567067,3
27,1,8,260,207,27_9_260,CD,0.4697803039824599,0.5302196960175402,3
27,1,8,262,208,27_9_262,CD,0.4187317243537523,0.5812682756462477,2
27,1,8,263,209,27_9_263,CD,0.08949478580383603,0.9105052141961639,3
27,1,8,264,210,27_9_264,VD,0.09826627206573722,0.9017337279342628,4
27,1,8,265,211,27_9_265,CD,0.5188123160338092,0.4811876839661909,2
27,1,8,266,212,27_9_266,CD,0.11773770088651825,0.8822622991134818,4
27,1,8,267,213,27_9_267,VD,0.32537992731377074,0.6746200726862293,4
27,1,8,268,214,27_9_268,CD,0.09651113647112072,0.9034888635288792,4
27,1,8,270,216,27_9_270,CD,0.09803837584496834,0.9019616241550317,4
27,1,8,272,218,27_9_272,VD,0.3872430933050153,0.6127569066949847,3
27,1,8,273,219,27_9_273,CD,0.11265914364226827,0.8873408563577317,3
27,1,8,274,220,27_9_274,CD,0.0967648339028499,0.9032351660971502,4
27,1,8,275,221,27_9_275,VD,0.34022362948961404,0.659776370510386,3
27,1,8,277,223,27_9_277,VD,0.6700452094146481,0.3299547905853519,3
27,1,8,278,224,27_9_278,VD,0.10144744194165957,0.8985525580583404,4
27,1,8,279,225,27_9_279,CD,0.3834432532342097,0.6165567467657904,3
27,1,8,280,226,27_9_280,VD,0.10316027311907758,0.8968397268809224,4
27,1,8,281,227,27_9_281,VD,0.111672155234289,0.888327844765711,4
27,1,8,282,228,27_9_282,VD,0.11887821831112484,0.8811217816888752,4
27,1,8,283,229,27_9_283,CD,0.15856827582624725,0.8414317241737528,4
27,1,8,284,230,27_9_284,VD,0.5155905458570302,0.48440945414296976,2
27,1,8,285,231,27_9_285,VD,0.11589817171809993,0.8841018282819,4
27,1,8,286,232,27_9_286,CD,0.32575015158130394,0.6742498484186961,4
27,1,8,287,233,27_9_287,VD,0.5155905458570302,0.48440945414296976,2
29,1,1,33,1,29_2_33,CD,0.14615666133561336,0.8538433386643867,4
29,1,1,34,2,29_2_34,CD,0.3774197830069585,0.6225802169930416,5
29,1,1,35,3,29_2_35,CD,0.28222118221476444,0.7177788177852356,4
29,1,1,36,4,29_2_36,VD,0.3534810014523334,0.6465189985476666,4
29,1,1,37,5,29_2_37,VD,0.7028192128422682,0.2971807871577318,3
29,1,1,38,6,29_2_38,CD,0.4502142474834952,0.5497857525165049,3
29,1,1,39,7,29_2_39,CD,0.4354331061532376,0.5645668938467624,5
29,1,1,40,8,29_2_40,CD,0.11556535453437349,0.8844346454656264,3
29,1,1,43,10,29_2_43,CD,0.45668736151809414,0.5433126384819058,3
29,1,1,44,11,29_2_44,CD,0.3793041235987222,0.6206958764012779,4
29,1,1,45,12,29_2_45,VD,0.1900363243727819,0.809963675627218,4
29,1,1,47,14,29_2_47,VD,0.28812215094200233,0.7118778490579978,4
29,1,1,48,15,29_2_48,VD,0.5806554774293153,0.4193445225706847,2
29,1,1,49,16,29_2_49,VD,0.39692798855476785,0.6030720114452321,2
29,1,1,50,17,29_2_50,CD,0.32047950842432826,0.6795204915756717,3
29,1,1,51,18,29_2_51,CD,0.32800786274773003,0.67199213725227,4
29,1,1,52,19,29_2_52,VD,0.3108099342216856,0.6891900657783143,5
29,1,1,53,20,29_2_53,CD,0.2728980247580055,0.7271019752419945,3
29,1,1,54,21,29_2_54,VD,0.1296262436132831,0.8703737563867169,3
29,1,1,56,22,29_2_56,CD,0.31626755707134313,0.6837324429286569,4
29,1,1,57,23,29_2_57,VD,0.16574994915562213,0.8342500508443779,4
29,1,1,58,24,29_2_58,VD,0.4869685315219653,0.5130314684780347,5
29,1,1,60,25,29_2_60,CD,0.10930485508180693,0.890695144918193,3
29,1,1,61,26,29_2_61,CD,0.31336288025956033,0.6866371197404397,5
29,1,1,63,28,29_2_63,VD,0.12343987556612697,0.8765601244338731,4
29,1,1,64,29,29_2_64,CD,0.3918179317498688,0.6081820682501312,3
29,1,2,67,31,29_3_67,CD,0.52439739665094,0.47560260334906,4
29,1,2,68,32,29_3_68,VD,0.38753847384260875,0.6124615261573912,3
29,1,2,69,33,29_3_69,CD,0.24958679306027298,0.750413206939727,4
29,1,2,71,35,29_3_71,VD,0.7259556109849805,0.27404438901501954,3
29,1,2,72,36,29_3_72,VD,0.34095484408973264,0.6590451559102674,4
29,1,2,73,37,29_3_73,CD,0.1428675728492941,0.8571324271507059,4
29,1,2,74,38,29_3_74,VD,0.7180652698603597,0.2819347301396404,3
29,1,2,75,39,29_3_75,VD,0.09904828727943442,0.9009517127205656,4
29,1,2,77,41,29_3_77,CD,0.2864681060058574,0.7135318939941426,5
29,1,2,78,42,29_3_78,VD,0.5404700920249754,0.4595299079750246,4
29,1,2,79,43,29_3_79,CD,0.12464219041223314,0.8753578095877669,4
29,1,2,80,44,29_3_80,CD,0.15033475604314417,0.8496652439568558,4
29,1,2,81,45,29_3_81,CD,0.1301597589201688,0.8698402410798313,4
29,1,2,82,46,29_3_82,VD,0.1428810501325372,0.8571189498674627,4
29,1,2,83,47,29_3_83,CD,0.513877298348289,0.48612270165171106,2
29,1,2,84,48,29_3_84,CD,0.5034586784143498,0.49654132158565023,4
29,1,2,85,49,29_3_85,CD,0.40872717197699104,0.591272828023009,5
29,1,2,86,50,29_3_86,VD,0.3088976123896869,0.6911023876103132,5
29,1,2,87,51,29_3_87,VD,0.4720588016195515,0.5279411983804485,5
29,1,2,89,52,29_3_89,VD,0.45106104391072305,0.548938956089277,5
29,1,2,90,53,29_3_90,CD,0.37026561560504917,0.6297343843949508,4
29,1,2,91,54,29_3_91,VD,0.20372126791181738,0.7962787320881826,4
29,1,2,93,56,29_3_93,CD,0.6682237310090641,0.3317762689909359,3
29,1,2,94,57,29_3_94,VD,0.44277567031492115,0.5572243296850788,3
29,1,2,95,58,29_3_95,CD,0.4593667798072534,0.5406332201927466,4
29,1,2,96,59,29_3_96,VD,0.10605797062528975,0.8939420293747102,4
29,1,3,97,60,29_4_97,CD,0.5148404899325639,0.485159510067436,2
29,1,3,98,61,29_4_98,VD,0.337868987672458,0.6621310123275421,4
29,1,3,100,63,29_4_100,VD,0.13860759067754216,0.8613924093224579,4
29,1,3,101,64,29_4_101,VD,0.3377615087611204,0.6622384912388797,4
29,1,3,102,65,29_4_102,VD,0.32954266175509384,0.6704573382449062,4
29,1,3,103,66,29_4_103,VD,0.2300987746212121,0.7699012253787879,4
29,1,3,105,67,29_4_105,VD,0.3493623523037649,0.6506376476962351,5
29,1,3,106,68,29_4_106,VD,0.34216582719998806,0.657834172800012,4
29,1,3,107,69,29_4_107,VD,0.26263795803358014,0.7373620419664199,4
29,1,3,109,70,29_4_109,CD,0.4888512615488668,0.5111487384511332,4
29,1,3,110,71,29_4_110,CD,0.40931634577045684,0.5906836542295432,3
29,1,3,111,72,29_4_111,CD,0.11502844845361779,0.8849715515463823,4
29,1,3,112,73,29_4_112,VD,0.2841802223861538,0.7158197776138462,4
29,1,3,113,74,29_4_113,VD,0.1634384610707938,0.8365615389292061,3
29,1,3,114,75,29_4_114,VD,0.33174505195053405,0.668254948049466,4
29,1,3,115,76,29_4_115,CD,0.6116899530338519,0.3883100469661481,2
29,1,3,116,77,29_4_116,VD,0.55068746798863,0.44931253201137006,4
29,1,3,117,78,29_4_117,VD,0.6123929559880954,0.3876070440119046,3
29,1,3,118,79,29_4_118,CD,0.17941587723883337,0.8205841227611667,4
29,1,3,119,80,29_4_119,CD,0.1424977307783365,0.8575022692216635,4
29,1,3,121,81,29_4_121,CD,0.5281383808414264,0.47186161915857366,5
29,1,3,122,82,29_4_122,VD,0.32157579410763953,0.6784242058923605,4
29,1,3,123,83,29_4_123,CD,0.451122165230241,0.5488778347697589,6
29,1,3,124,84,29_4_124,CD,0.1602940735226617,0.8397059264773383,4
29,1,3,125,85,29_4_125,CD,0.6905882781364265,0.30941172186357346,3
29,1,3,126,86,29_4_126,CD,0.46063279512894906,0.5393672048710509,6
29,1,4,129,88,29_5_129,VD,0.4050640682730886,0.5949359317269114,5
29,1,4,130,89,29_5_130,VD,0.33088583269919014,0.6691141673008099,4
29,1,4,131,90,29_5_131,CD,0.31361806330745645,0.6863819366925435,5
29,1,4,132,91,29_5_132,VD,0.4484354335394657,0.5515645664605343,6
29,1,4,133,92,29_5_133,VD,0.12063297080768728,0.8793670291923128,4
29,1,4,135,94,29_5_135,VD,0.2955536184626288,0.7044463815373712,5
29,1,4,136,95,29_5_136,CD,0.13729063900818356,0.8627093609918164,4
29,1,4,137,96,29_5_137,VD,0.4152048608932895,0.5847951391067105,5
29,1,4,139,98,29_5_139,CD,0.5169029994153532,0.4830970005846468,2
29,1,4,140,99,29_5_140,VD,0.22604509683575996,0.77395490316424,4
29,1,4,141,100,29_5_141,CD,0.4841565513652669,0.515843448634733,3
29,1,4,142,101,29_5_142,CD,0.5890454131412537,0.4109545868587462,4
29,1,4,143,102,29_5_143,CD,0.3636075090321732,0.6363924909678268,4
29,1,4,144,103,29_5_144,CD,0.16306816651194536,0.8369318334880547,4
29,1,4,147,105,29_5_147,CD,0.10360638206912011,0.8963936179308799,3
29,1,4,150,106,29_5_150,VD,0.10604529869433603,0.8939547013056639,3
29,1,4,151,107,29_5_151,VD,0.5194443501862793,0.4805556498137206,2
29,1,4,153,108,29_5_153,CD,0.3686628041286599,0.6313371958713401,4
29,1,4,154,109,29_5_154,CD,0.327114466864745,0.672885533135255,4
29,1,4,156,110,29_5_156,VD,0.3290397833816419,0.670960216618358,4
29,1,4,157,111,29_5_157,VD,0.19047658870123094,0.8095234112987691,5
29,1,4,158,112,29_5_158,VD,0.1201875684662834,0.8798124315337166,3
29,1,4,160,113,29_5_160,VD,0.4325424015624315,0.5674575984375685,6
29,1,5,162,115,29_6_162,CD,0.19202096052695783,0.8079790394730422,4
29,1,5,163,116,29_6_163,VD,0.42402004628329915,0.5759799537167009,3
29,1,5,164,117,29_6_164,VD,0.5896780982584652,0.4103219017415349,2
29,1,5,166,118,29_6_166,VD,0.10179861079763845,0.8982013892023615,3
29,1,5,168,120,29_6_168,CD,0.5322777285143151,0.4677222714856849,2
29,1,5,169,121,29_6_169,CD,0.1959796609379999,0.8040203390620001,4
29,1,5,170,122,29_6_170,VD,0.12361329006990081,0.8763867099300992,4
29,1,5,171,123,29_6_171,VD,0.3069062701826255,0.6930937298173745,5
29,1,5,172,124,29_6_172,CD,0.1345412988409838,0.8654587011590162,4
29,1,5,173,125,29_6_173,VD,0.49740528791915517,0.5025947120808448,3
29,1,5,176,126,29_6_176,VD,0.40972026424692737,0.5902797357530726,5
29,1,5,178,128,29_6_178,CD,0.1855607076447248,0.8144392923552752,4
29,1,5,179,129,29_6_179,VD,0.5140316609805153,0.48596833901948466,2
29,1,5,181,131,29_6_181,CD,0.10571308150935253,0.8942869184906475,4
29,1,5,182,132,29_6_182,VD,0.5139100472513202,0.48608995274867983,2
29,1,5,183,133,29_6_183,VD,0.17134903667958187,0.8286509633204181,4
29,1,5,184,134,29_6_184,VD,0.4608761288109029,0.5391238711890971,5
29,1,5,185,135,29_6_185,CD,0.13961776964419273,0.8603822303558073,4
29,1,5,186,136,29_6_186,CD,0.29639949436062896,0.703600505639371,5
29,1,5,187,137,29_6_187,CD,0.5342979152380265,0.46570208476197356,3
29,1,5,188,138,29_6_188,CD,0.20401337824706522,0.7959866217529348,4
29,1,5,189,139,29_6_189,CD,0.740585413439809,0.25941458656019095,3
29,1,5,190,140,29_6_190,VD,0.5199094897842349,0.48009051021576504,4
29,1,5,191,141,29_6_191,VD,0.35194806791309213,0.6480519320869078,4
29,1,5,192,142,29_6_192,CD,0.5157106384190858,0.4842893615809142,2
29,1,6,194,144,29_7_194,CD,0.3430990755156867,0.6569009244843134,4
29,1,6,195,145,29_7_195,VD,0.33201746947270416,0.6679825305272958,5
29,1,6,196,146,29_7_196,CD,0.3315797094660464,0.6684202905339536,4
29,1,6,197,147,29_7_197,VD,0.25970192778562073,0.7402980722143793,4
29,1,6,198,148,29_7_198,CD,0.8472502868028104,0.15274971319718944,2
29,1,6,199,149,29_7_199,VD,0.38714197410313383,0.6128580258968661,4
29,1,6,200,150,29_7_200,CD,0.6796255687054605,0.3203744312945394,3
29,1,6,202,152,29_7_202,CD,0.675746681638399,0.324253318361601,2
29,1,6,203,153,29_7_203,VD,0.10298240981567373,0.8970175901843263,3
29,1,6,204,154,29_7_204,CD,0.12126190165419244,0.8787380983458075,4
29,1,6,205,155,29_7_205,CD,0.1579629515931882,0.8420370484068118,4
29,1,6,206,156,29_7_206,VD,0.49117455134363586,0.5088254486563641,6
29,1,6,207,157,29_7_207,VD,0.1268126922369477,0.8731873077630523,4
29,1,6,208,158,29_7_208,CD,0.28993776048447223,0.7100622395155278,4
29,1,6,209,159,29_7_209,VD,0.3197594776121754,0.6802405223878246,4
29,1,6,210,160,29_7_210,VD,0.26268387183950315,0.7373161281604969,4
29,1,6,211,161,29_7_211,CD,0.517573493272362,0.4824265067276379,2
29,1,6,212,162,29_7_212,VD,0.5146213042955881,0.48537869570441194,2
29,1,6,213,163,29_7_213,VD,0.3556834986894539,0.644316501310546,6
29,1,6,214,164,29_7_214,CD,0.45927565999187736,0.5407243400081225,4
29,1,6,215,165,29_7_215,CD,0.27674986563362686,0.7232501343663731,5
29,1,6,216,166,29_7_216,VD,0.18913932841696668,0.8108606715830333,4
29,1,6,217,167,29_7_217,CD,0.24491690681741765,0.7550830931825824,4
29,1,6,218,168,29_7_218,VD,0.31226183176739786,0.6877381682326021,4
29,1,6,219,169,29_7_219,VD,0.5350786792753232,0.4649213207246768,5
29,1,6,221,170,29_7_221,CD,0.2550088042318509,0.7449911957681491,5
29,1,6,222,171,29_7_222,VD,0.14453776190999573,0.8554622380900042,3
29,1,6,223,172,29_7_223,CD,0.5532170286416054,0.44678297135839473,4
29,1,6,224,173,29_7_224,VD,0.5069086936961598,0.4930913063038403,6
29,1,7,225,174,29_8_225,VD,0.5200732628654783,0.47992673713452183,2
29,1,7,226,175,29_8_226,CD,0.4367632055025054,0.5632367944974945,5
29,1,7,227,176,29_8_227,CD,0.7855615127844342,0.21443848721556577,5
29,1,7,228,177,29_8_228,VD,0.4821770453179219,0.5178229546820781,4
29,1,7,230,178,29_8_230,CD,0.3961201455759565,0.6038798544240436,5
29,1,7,231,179,29_8_231,CD,0.14092550508845528,0.8590744949115448,4
29,1,7,233,181,29_8_233,CD,0.20816171020865953,0.7918382897913405,5
29,1,7,234,182,29_8_234,CD,0.13140970401861427,0.8685902959813857,4
29,1,7,235,183,29_8_235,VD,0.25838258270801007,0.7416174172919899,5
29,1,7,236,184,29_8_236,CD,0.3508714156928908,0.6491285843071092,5
29,1,7,237,185,29_8_237,VD,0.34814016466301684,0.6518598353369831,4
29,1,7,238,186,29_8_238,VD,0.5284875888833828,0.47151241111661724,6
29,1,7,240,188,29_8_240,VD,0.12422313501799492,0.8757768649820051,4
29,1,7,241,189,29_8_241,CD,0.4147504242985719,0.5852495757014281,5
29,1,7,242,190,29_8_242,CD,0.5894935337153627,0.4105064662846373,3
29,1,7,245,192,29_8_245,VD,0.20151020725061444,0.7984897927493856,4
29,1,7,246,193,29_8_246,VD,0.1489544434221387,0.8510455565778612,4
29,1,7,247,194,29_8_247,VD,0.3849255785173271,0.6150744214826729,3
29,1,7,249,196,29_8_249,VD,0.11027358272470941,0.8897264172752906,3
29,1,7,250,197,29_8_250,CD,0.12196195716844702,0.878038042831553,4
29,1,7,251,198,29_8_251,CD,0.6774214220832441,0.322578577916756,3
29,1,7,252,199,29_8_252,CD,0.7023576847047179,0.29764231529528207,4
29,1,7,254,201,29_8_254,VD,0.3684810467264432,0.6315189532735568,4
29,1,7,255,202,29_8_255,CD,0.33784624032075755,0.6621537596792424,4
29,1,7,256,203,29_8_256,VD,0.6780991284971102,0.3219008715028898,3
29,1,8,257,204,29_9_257,VD,0.5143140658479859,0.4856859341520141,2
29,1,8,258,205,29_9_258,CD,0.1822892975102861,0.8177107024897139,4
29,1,8,259,206,29_9_259,VD,0.4488775523504517,0.5511224476495482,4
29,1,8,262,209,29_9_262,CD,0.11419883848666948,0.8858011615133305,4
29,1,8,263,210,29_9_263,VD,0.11663643950924835,0.8833635604907517,4
29,1,8,265,212,29_9_265,CD,0.5066166678621185,0.4933833321378815,5
29,1,8,266,213,29_9_266,VD,0.1071144437149809,0.8928855562850191,3
29,1,8,267,214,29_9_267,CD,0.5141301019086996,0.48586989809130043,2
29,1,8,272,215,29_9_272,CD,0.10086130454364553,0.8991386954563545,2
29,1,8,273,216,29_9_273,CD,0.18577720553498006,0.81422279446502,4
29,1,8,274,217,29_9_274,CD,0.31511080507911055,0.6848891949208894,5
29,1,8,277,218,29_9_277,CD,0.11587951980801235,0.8841204801919876,3
29,1,8,278,219,29_9_278,VD,0.40959676936608147,0.5904032306339184,5
29,1,8,279,220,29_9_279,VD,0.454732722702968,0.545267277297032,4
29,1,8,280,221,29_9_280,CD,0.3880581903020498,0.6119418096979502,3
29,1,8,281,222,29_9_281,VD,0.3682900094972942,0.6317099905027058,4
29,1,8,282,223,29_9_282,VD,0.3172854956192268,0.6827145043807732,4
29,1,8,283,224,29_9_283,CD,0.10296021751789064,0.8970397824821094,4
29,1,8,284,225,29_9_284,CD,0.23306773045283538,0.7669322695471646,4
29,1,8,285,226,29_9_285,CD,0.32948840536444796,0.670511594635552,5
29,1,8,286,227,29_9_286,CD,0.5210403104223492,0.47895968957765084,2
29,1,8,287,228,29_9_287,CD,0.2058911869686471,0.794108813031353,4
29,1,8,288,229,29_9_288,VD,0.1321129046293574,0.8678870953706427,4
31,1,1,33,1,31_2_33,CD,0.3918031926884525,0.6081968073115475,4
31,1,1,34,2,31_2_34,VD,0.4935224400824335,0.5064775599175665,3
31,1,1,35,3,31_2_35,VD,0.5631774516944166,0.43682254830558354,3
31,1,1,38,6,31_2_38,CD,0.3259735191078337,0.6740264808921663,5
31,1,1,39,7,31_2_39,CD,0.5388510848289882,0.46114891517101175,2
31,1,1,40,8,31_2_40,CD,0.13181171337765904,0.8681882866223409,3
31,1,1,41,9,31_2_41,CD,0.3503598712868852,0.6496401287131148,4
31,1,1,42,10,31_2_42,VD,0.10827154132519498,0.891728458674805,4
31,1,1,43,11,31_2_43,CD,0.38745615269847655,0.6125438473015234,3
31,1,1,45,12,31_2_45,CD,0.33306754665247984,0.6669324533475202,4
31,1,1,46,13,31_2_46,VD,0.4989690223639165,0.5010309776360835,3
31,1,1,47,14,31_2_47,VD,0.2131825444304429,0.7868174555695572,3
31,1,1,48,15,31_2_48,CD,0.3199182676066205,0.6800817323933794,5
31,1,1,49,16,31_2_49,CD,0.22032005677606753,0.7796799432239324,3
31,1,1,50,17,31_2_50,CD,0.42932264556623245,0.5706773544337675,4
31,1,1,51,18,31_2_51,CD,0.10857992352197948,0.8914200764780205,4
31,1,1,53,20,31_2_53,VD,0.24870137230911915,0.7512986276908808,3
31,1,1,54,21,31_2_54,VD,0.5151555143877433,0.48484448561225674,3
31,1,1,55,22,31_2_55,VD,0.27161092582848967,0.7283890741715103,5
31,1,1,56,23,31_2_56,CD,0.44818295645550993,0.55181704354449,3
31,1,1,57,24,31_2_57,VD,0.2502350746452336,0.7497649253547665,4
31,1,1,59,25,31_2_59,CD,0.15376658343835994,0.8462334165616401,3
31,1,1,60,26,31_2_60,VD,0.4460982602493665,0.5539017397506335,4
31,1,1,61,27,31_2_61,VD,0.2639416822910007,0.7360583177089993,5
31,1,1,63,29,31_2_63,VD,0.24620415393230227,0.7537958460676978,3
31,1,1,64,30,31_2_64,CD,0.426311117238949,0.573688882761051,4
31,1,2,65,31,31_3_65,VD,0.398090829576248,0.601909170423752,6
31,1,2,66,32,31_3_66,CD,0.3999830808457492,0.6000169191542509,3
31,1,2,68,33,31_3_68,VD,0.1492893646246639,0.8507106353753361,4
31,1,2,70,35,31_3_70,CD,0.5403637857349195,0.4596362142650805,2
31,1,2,71,36,31_3_71,VD,0.27822086993693784,0.7217791300630622,3
31,1,2,73,38,31_3_73,VD,0.15818370890828937,0.8418162910917106,4
31,1,2,74,39,31_3_74,CD,0.41929517280863987,0.5807048271913601,4
31,1,2,76,41,31_3_76,CD,0.2699121097670612,0.7300878902329389,4
31,1,2,77,42,31_3_77,CD,0.12443191389166791,0.875568086108332,4
31,1,2,78,43,31_3_78,VD,0.5205578842140702,0.47944211578592977,2
31,1,2,79,44,31_3_79,CD,0.29275569273697993,0.70724430726302,4
31,1,2,80,45,31_3_80,VD,0.14497585728625217,0.8550241427137478,4
31,1,2,81,46,31_3_81,CD,0.4365799415210663,0.5634200584789337,2
31,1,2,82,47,31_3_82,CD,0.23490481661267576,0.7650951833873243,4
31,1,2,83,48,31_3_83,CD,0.4411312885557178,0.5588687114442822,5
31,1,2,84,49,31_3_84,VD,0.4202549872513847,0.5797450127486152,3
31,1,2,85,50,31_3_85,CD,0.40639037706720205,0.593609622932798,3
31,1,2,86,51,31_3_86,CD,0.19605003980290972,0.8039499601970903,4
31,1,2,87,52,31_3_87,VD,0.167994712654718,0.832005287345282,3
31,1,2,88,53,31_3_88,CD,0.326635815090821,0.6733641849091789,4
31,1,2,89,54,31_3_89,VD,0.12230432829980874,0.8776956717001914,4
31,1,2,90,55,31_3_90,VD,0.5431104116657275,0.4568895883342725,4
31,1,2,91,56,31_3_91,CD,0.1915248953257765,0.8084751046742235,3
31,1,2,92,57,31_3_92,VD,0.16346758238041323,0.8365324176195867,4
31,1,2,93,58,31_3_93,VD,0.5188901908263122,0.48110980917368784,2
31,1,2,94,59,31_3_94,CD,0.17722733011910674,0.8227726698808933,4
31,1,2,95,60,31_3_95,VD,0.40900748228760053,0.5909925177123995,3
31,1,2,96,61,31_3_96,CD,0.2778879220619097,0.7221120779380902,3
31,1,3,97,62,31_4_97,CD,0.1060902681789446,0.8939097318210554,4
31,1,3,98,63,31_4_98,CD,0.5550924933387771,0.4449075066612229,4
31,1,3,99,64,31_4_99,CD,0.12900362584668623,0.8709963741533138,4
31,1,3,100,65,31_4_100,VD,0.4239398666886503,0.5760601333113496,5
31,1,3,101,66,31_4_101,VD,0.12044550448774557,0.8795544955122544,3
31,1,3,102,67,31_4_102,CD,0.40039899270262636,0.5996010072973736,3
31,1,3,103,68,31_4_103,VD,0.5159435673658215,0.48405643263417847,2
31,1,3,104,69,31_4_104,VD,0.39149958951536923,0.6085004104846308,3
31,1,3,105,70,31_4_105,VD,0.13357283597829714,0.8664271640217028,3
31,1,3,106,71,31_4_106,CD,0.20706457621574603,0.792935423784254,4
31,1,3,107,72,31_4_107,CD,0.1671740228308019,0.8328259771691982,4
31,1,3,109,74,31_4_109,CD,0.6015485957421771,0.39845140425782294,2
31,1,3,110,75,31_4_110,CD,0.23928747938644063,0.7607125206135594,4
31,1,3,111,76,31_4_111,CD,0.5024478480787097,0.4975521519212903,3
31,1,3,112,77,31_4_112,VD,0.15498290555441452,0.8450170944455855,4
31,1,3,113,78,31_4_113,VD,0.2681769976386064,0.7318230023613935,3
31,1,3,114,79,31_4_114,VD,0.12708500356842595,0.872914996431574,3
31,1,3,115,80,31_4_115,VD,0.19270509984584477,0.8072949001541552,4
31,1,3,116,81,31_4_116,CD,0.45920075016706957,0.5407992498329304,5
31,1,3,118,83,31_4_118,VD,0.6061406039306487,0.3938593960693514,2
31,1,3,119,84,31_4_119,VD,0.4383440938234701,0.5616559061765299,3
31,1,3,120,85,31_4_120,VD,0.13113196433100552,0.8688680356689945,3
31,1,3,121,86,31_4_121,VD,0.1759756377362308,0.8240243622637693,4
31,1,3,122,87,31_4_122,CD,0.21774576549235403,0.782254234507646,4
31,1,3,124,89,31_4_124,VD,0.31002478964003877,0.6899752103599612,5
31,1,3,126,91,31_4_126,CD,0.23253750478863258,0.7674624952113674,4
31,1,3,127,92,31_4_127,CD,0.15459262369695467,0.8454073763030454,3
31,1,3,128,93,31_4_128,CD,0.13197704848851677,0.8680229515114832,3
31,1,4,129,94,31_5_129,CD,0.25079705262502083,0.7492029473749792,3
31,1,4,131,95,31_5_131,CD,0.5139345507308902,0.4860654492691097,2
31,1,4,132,96,31_5_132,VD,0.3167392851311309,0.6832607148688692,4
31,1,4,134,97,31_5_134,CD,0.15822912810519887,0.8417708718948012,3
31,1,4,135,98,31_5_135,VD,0.4841817154990309,0.5158182845009691,4
31,1,4,136,99,31_5_136,VD,0.5361956670734133,0.46380433292658674,7
31,1,4,137,100,31_5_137,CD,0.1398465876191925,0.8601534123808076,3
31,1,4,138,101,31_5_138,CD,0.4186047685483052,0.5813952314516948,5
31,1,4,139,102,31_5_139,VD,0.39608714694046204,0.6039128530595379,3
31,1,4,140,103,31_5_140,CD,0.35678868602286273,0.6432113139771373,3
31,1,4,142,105,31_5_142,CD,0.3453498359317637,0.6546501640682363,5
31,1,4,144,107,31_5_144,VD,0.38600388601641084,0.6139961139835891,3
31,1,4,145,108,31_5_145,VD,0.13024462627323974,0.8697553737267603,4
31,1,4,146,109,31_5_146,VD,0.5182674486075977,0.4817325513924023,3
31,1,4,148,111,31_5_148,CD,0.516478947716138,0.48352105228386194,2
31,1,4,149,112,31_5_149,VD,0.6093718680587366,0.3906281319412634,3
31,1,4,150,113,31_5_150,CD,0.10458849475758002,0.89541150524242,4
31,1,4,151,114,31_5_151,VD,0.15293279718000138,0.8470672028199986,3
31,1,4,152,115,31_5_152,VD,0.10983255833824718,0.8901674416617528,4
31,1,4,153,116,31_5_153,CD,0.4261084561060546,0.5738915438939454,4
31,1,4,154,117,31_5_154,CD,0.34687502132428283,0.6531249786757172,4
31,1,4,156,119,31_5_156,VD,0.4027671429682541,0.5972328570317458,3
31,1,4,157,120,31_5_157,CD,0.3600997830179574,0.6399002169820426,3
31,1,4,158,121,31_5_158,VD,0.22393280764385426,0.7760671923561457,4
31,1,4,160,122,31_5_160,VD,0.4306104462149868,0.5693895537850132,5
31,1,5,161,123,31_6_161,VD,0.3392976789321325,0.6607023210678675,4
31,1,5,162,124,31_6_162,CD,0.2960919478761106,0.7039080521238894,5
31,1,5,163,125,31_6_163,VD,0.5151798071594968,0.4848201928405031,2
31,1,5,164,126,31_6_164,CD,0.15167289840495235,0.8483271015950477,3
31,1,5,165,127,31_6_165,VD,0.2457020255724467,0.7542979744275533,3
31,1,5,166,128,31_6_166,VD,0.3097393860352982,0.6902606139647017,5
31,1,5,168,129,31_6_168,CD,0.5407330084426345,0.4592669915573655,4
31,1,5,169,130,31_6_169,VD,0.41706373929010276,0.5829362607098972,3
31,1,5,170,131,31_6_170,CD,0.16303290095501483,0.8369670990449851,4
31,1,5,172,133,31_6_172,VD,0.11775035625399191,0.8822496437460081,3
31,1,5,173,134,31_6_173,CD,0.4515204612386117,0.5484795387613882,5
31,1,5,174,135,31_6_174,VD,0.10529249115770112,0.8947075088422989,4
31,1,5,176,136,31_6_176,CD,0.20832142120793487,0.7916785787920652,5
31,1,5,177,137,31_6_177,CD,0.3942024527846912,0.6057975472153088,4
31,1,5,178,138,31_6_178,VD,0.3369954827304007,0.6630045172695993,4
31,1,5,180,140,31_6_180,VD,0.3722922864298316,0.6277077135701685,4
31,1,5,181,141,31_6_181,VD,0.3349407820830057,0.6650592179169943,4
31,1,5,182,142,31_6_182,CD,0.5179855380203087,0.4820144619796914,2
31,1,5,183,143,31_6_183,CD,0.3144078075308763,0.6855921924691236,4
31,1,5,185,145,31_6_185,CD,0.5165605514890546,0.48343944851094534,2
31,1,5,186,146,31_6_186,CD,0.25509200841393276,0.7449079915860672,5
31,1,5,187,147,31_6_187,CD,0.18796273031653876,0.8120372696834612,4
31,1,5,188,148,31_6_188,VD,0.5205578842140702,0.47944211578592977,2
31,1,5,189,149,31_6_189,VD,0.1026819030988224,0.8973180969011776,4
31,1,5,190,150,31_6_190,CD,0.48419476489494984,0.5158052351050502,4
31,1,5,192,152,31_6_192,VD,0.11955792038790827,0.8804420796120918,4
31,1,6,193,153,31_7_193,VD,0.4782523433253945,0.5217476566746054,5
31,1,6,194,154,31_7_194,CD,0.4443460692086767,0.5556539307913233,3
31,1,6,195,155,31_7_195,CD,0.11800617544559105,0.8819938245544089,4
31,1,6,196,156,31_7_196,CD,0.4452337017597656,0.5547662982402343,3
31,1,6,197,157,31_7_197,CD,0.3920001052484182,0.6079998947515818,3
31,1,6,198,158,31_7_198,CD,0.31852749724109075,0.6814725027589092,4
31,1,6,199,159,31_7_199,VD,0.42086892713954754,0.5791310728604524,3
31,1,6,200,160,31_7_200,CD,0.1227973328598697,0.8772026671401303,4
31,1,6,201,161,31_7_201,CD,0.4540601283222501,0.5459398716777499,3
31,1,6,202,162,31_7_202,CD,0.1252898170841663,0.8747101829158337,4
31,1,6,203,163,31_7_203,CD,0.11372881094106306,0.886271189058937,4
31,1,6,204,164,31_7_204,VD,0.11592226367009945,0.8840777363299006,4
31,1,6,205,165,31_7_205,VD,0.46731582181568565,0.5326841781843143,5
31,1,6,206,166,31_7_206,CD,0.31869175697816776,0.6813082430218322,4
31,1,6,208,168,31_7_208,CD,0.13206735074572495,0.867932649254275,3
31,1,6,210,170,31_7_210,VD,0.13713027017845375,0.8628697298215462,4
31,1,6,212,172,31_7_212,VD,0.10686454690997427,0.8931354530900257,4
31,1,6,213,173,31_7_213,VD,0.11748375918861842,0.8825162408113816,4
31,1,6,214,174,31_7_214,VD,0.8538632803565083,0.14613671964349167,2
31,1,6,215,175,31_7_215,VD,0.5199055486902573,0.4800944513097427,2
31,1,6,216,176,31_7_216,VD,0.10370080000393467,0.8962991999960653,4
31,1,6,217,177,31_7_217,CD,0.1397341908366403,0.8602658091633597,4
31,1,6,218,178,31_7_218,VD,0.23568501742393677,0.7643149825760633,3
31,1,6,219,179,31_7_219,CD,0.6019626301622726,0.3980373698377274,2
31,1,6,220,180,31_7_220,VD,0.39267832063072455,0.6073216793692754,3
31,1,6,221,181,31_7_221,VD,0.5142795170482071,0.48572048295179304,2
31,1,6,222,182,31_7_222,CD,0.11309520390506639,0.8869047960949337,4
31,1,6,223,183,31_7_223,VD,0.10390694766233771,0.8960930523376623,4
31,1,7,225,185,31_8_225,CD,0.12848330997062157,0.8715166900293785,3
31,1,7,226,186,31_8_226,VD,0.10221121080632589,0.897788789193674,4
31,1,7,227,187,31_8_227,VD,0.10711106619154466,0.8928889338084554,4
31,1,7,229,188,31_8_229,VD,0.39121195759051963,0.6087880424094804,3
31,1,7,230,189,31_8_230,VD,0.2681341385519294,0.7318658614480705,3
31,1,7,231,190,31_8_231,CD,0.18345159937236621,0.8165484006276338,5
31,1,7,233,192,31_8_233,VD,0.13482619689462894,0.8651738031053711,3
31,1,7,234,193,31_8_234,VD,0.27070591563030244,0.7292940843696977,3
31,1,7,235,194,31_8_235,CD,0.10732560117606697,0.892674398823933,4
31,1,7,236,195,31_8_236,VD,0.32465568475981005,0.6753443152401899,4
31,1,7,237,196,31_8_237,VD,0.12365363827644996,0.8763463617235501,4
31,1,7,239,198,31_8_239,VD,0.10315743039376618,0.8968425696062338,4
31,1,7,241,200,31_8_241,VD,0.11393804607164593,0.8860619539283541,4
31,1,7,242,201,31_8_242,CD,0.10367661057662153,0.8963233894233784,4
31,1,7,243,202,31_8_243,VD,0.12280954318465744,0.8771904568153426,4
31,1,7,244,203,31_8_244,CD,0.4552855690637423,0.5447144309362577,5
31,1,7,245,204,31_8_245,CD,0.5159435673658215,0.48405643263417847,2
31,1,7,246,205,31_8_246,CD,0.3829285188054081,0.6170714811945919,3
31,1,7,247,206,31_8_247,VD,0.2702328042321798,0.7297671957678202,4
31,1,7,248,207,31_8_248,CD,0.3533941172995133,0.6466058827004868,4
31,1,7,249,208,31_8_249,VD,0.5334694255015485,0.4665305744984515,2
31,1,7,250,209,31_8_250,VD,0.5145284173108647,0.48547158268913526,2
31,1,7,251,210,31_8_251,CD,0.4371109896581681,0.5628890103418319,5
31,1,7,252,211,31_8_252,CD,0.3895674441268836,0.6104325558731164,3
31,1,7,253,212,31_8_253,CD,0.5175723059139086,0.4824276940860914,2
31,1,7,254,213,31_8_254,VD,0.5162409410360242,0.4837590589639757,2
31,1,7,255,214,31_8_255,CD,0.0973899520440806,0.9026100479559195,4
31,1,8,257,215,31_9_257,VD,0.13835477102424168,0.8616452289757583,4
31,1,8,258,216,31_9_258,VD,0.3888584253969678,0.6111415746030322,3
31,1,8,260,218,31_9_260,CD,0.38894881473333215,0.6110511852666679,3
31,1,8,261,219,31_9_261,VD,0.17452329562347468,0.8254767043765253,3
31,1,8,262,220,31_9_262,VD,0.5185153963681497,0.48148460363185025,2
31,1,8,263,221,31_9_263,CD,0.16978844558362874,0.8302115544163713,4
31,1,8,264,222,31_9_264,VD,0.11062358383360726,0.8893764161663928,4
31,1,8,266,224,31_9_266,CD,0.2638424185316271,0.736157581468373,3
31,1,8,267,225,31_9_267,VD,0.52903157579585,0.47096842420414997,2
31,1,8,268,226,31_9_268,VD,0.2426359527523967,0.7573640472476033,4
31,1,8,270,227,31_9_270,CD,0.4433840676238345,0.5566159323761655,3
31,1,8,271,228,31_9_271,VD,0.10464110052580097,0.895358899474199,4
31,1,8,273,230,31_9_273,CD,0.13165943659616067,0.8683405634038392,3
31,1,8,274,231,31_9_274,VD,0.337734094353045,0.6622659056469549,4
31,1,8,275,232,31_9_275,CD,0.1256219541117703,0.8743780458882296,3
31,1,8,276,233,31_9_276,CD,0.15415638806890392,0.8458436119310961,4
31,1,8,277,234,31_9_277,CD,0.5169029994153532,0.4830970005846468,2
31,1,8,278,235,31_9_278,VD,0.1290734020872155,0.8709265979127845,3
31,1,8,279,236,31_9_279,CD,0.10435971065725189,0.8956402893427481,4
31,1,8,280,237,31_9_280,VD,0.11431242655605107,0.885687573443949,4
31,1,8,282,239,31_9_282,CD,0.1389764478054697,0.8610235521945302,4
31,1,8,283,240,31_9_283,CD,0.1477236014564972,0.8522763985435028,4
31,1,8,284,241,31_9_284,VD,0.5013224324851929,0.4986775675148071,4
31,1,8,285,242,31_9_285,CD,0.5145284173108647,0.48547158268913526,2
31,1,8,286,243,31_9_286,VD,0.3396645714711283,0.6603354285288717,4
31,1,8,287,244,31_9_287,CD,0.31999322376410444,0.6800067762358954,4
31,1,8,288,245,31_9_288,VD,0.11447338109970595,0.885526618900294,4
33,1,1,33,1,33_2_33,VD,0.1136637290751898,0.8863362709248102,3
33,1,1,34,2,33_2_34,VD,0.5176591262570529,0.48234087374294704,2
33,1,1,35,3,33_2_35,VD,0.5604647063486964,0.4395352936513036,2
33,1,1,36,4,33_2_36,CD,0.22922920182239365,0.7707707981776064,3
33,1,1,37,5,33_2_37,VD,0.1553437764110927,0.8446562235889074,3
33,1,1,39,7,33_2_39,VD,0.3651520269031941,0.634847973096806,4
33,1,1,41,8,33_2_41,CD,0.18929095880815985,0.8107090411918402,3
33,1,1,42,9,33_2_42,VD,0.16122350536807806,0.8387764946319219,3
33,1,1,43,10,33_2_43,VD,0.10005532079809107,0.8999446792019089,2
33,1,1,45,11,33_2_45,VD,0.21655267257267316,0.7834473274273268,3
33,1,1,46,12,33_2_46,CD,0.5576299336429931,0.4423700663570069,2
33,1,1,47,13,33_2_47,CD,0.1490312898771694,0.8509687101228306,3
33,1,1,48,14,33_2_48,CD,0.17553410963747043,0.8244658903625296,2
33,1,1,49,15,33_2_49,VD,0.35722403374174816,0.6427759662582517,3
33,1,1,50,16,33_2_50,CD,0.1253416120931814,0.8746583879068187,3
33,1,1,51,17,33_2_51,VD,0.1372629427251162,0.8627370572748838,2
33,1,1,52,18,33_2_52,VD,0.13699177140153077,0.8630082285984692,3
33,1,1,53,19,33_2_53,VD,0.5194789216827469,0.48052107831725305,2
33,1,1,54,20,33_2_54,CD,0.145093098743814,0.8549069012561861,3
33,1,1,56,22,33_2_56,CD,0.5738376969410476,0.4261623030589524,2
33,1,1,57,23,33_2_57,VD,0.15593823361173395,0.844061766388266,3
33,1,1,61,27,33_2_61,CD,0.18450715978960747,0.8154928402103926,3
33,1,1,62,28,33_2_62,CD,0.16780278832169285,0.8321972116783072,3
33,1,2,66,30,33_3_66,VD,0.15120315476277352,0.8487968452372265,3
33,1,2,67,31,33_3_67,VD,0.44351844897837833,0.5564815510216217,3
33,1,2,68,32,33_3_68,CD,0.12959350409713644,0.8704064959028636,3
33,1,2,69,33,33_3_69,VD,0.13583782378666903,0.864162176213331,3
33,1,2,71,35,33_3_71,CD,0.26824856478740366,0.7317514352125962,3
33,1,2,72,36,33_3_72,CD,0.4021369318774132,0.5978630681225868,3
33,1,2,73,37,33_3_73,VD,0.17716425759991644,0.8228357424000836,3
33,1,2,74,38,33_3_74,CD,0.12775525371014396,0.872244746289856,3
33,1,2,75,39,33_3_75,CD,0.12409459093576086,0.8759054090642392,4
33,1,2,76,40,33_3_76,CD,0.5471721113932437,0.45282788860675627,2
33,1,2,77,41,33_3_77,CD,0.39530230170312286,0.6046976982968771,3
33,1,2,79,43,33_3_79,CD,0.4056494255170207,0.5943505744829793,3
33,1,2,80,44,33_3_80,CD,0.1631824523925163,0.8368175476074837,3
33,1,2,81,45,33_3_81,VD,0.40807846030934997,0.59192153969065,3
33,1,2,82,46,33_3_82,VD,0.5573699721347221,0.4426300278652779,2
33,1,2,83,47,33_3_83,CD,0.22198398740824304,0.7780160125917569,3
33,1,2,85,49,33_3_85,CD,0.5179855380203087,0.4820144619796914,2
33,1,2,86,50,33_3_86,CD,0.146041194892878,0.853958805107122,3
33,1,2,87,51,33_3_87,VD,0.12036687097667506,0.8796331290233249,3
33,1,2,88,52,33_3_88,VD,0.4314196916012837,0.5685803083987163,3
33,1,2,89,53,33_3_89,VD,0.18433173087084073,0.8156682691291592,3
33,1,2,93,55,33_3_93,VD,0.13736357232016994,0.8626364276798301,3
33,1,2,95,56,33_3_95,VD,0.5321238230807928,0.46787617691920724,2
33,1,2,96,57,33_3_96,CD,0.1562967987563135,0.8437032012436866,3
33,1,3,98,58,33_4_98,VD,0.5210403104223492,0.47895968957765084,2
33,1,3,99,59,33_4_99,CD,0.10874823489794061,0.8912517651020594,4
33,1,3,100,60,33_4_100,CD,0.114001532364744,0.885998467635256,3
33,1,3,101,61,33_4_101,VD,0.4361932341154585,0.5638067658845415,3
33,1,3,103,63,33_4_103,VD,0.1581675463362785,0.8418324536637215,3
33,1,3,105,65,33_4_105,VD,0.12902598505653867,0.8709740149434614,3
33,1,3,106,66,33_4_106,VD,0.25679700493659663,0.7432029950634034,3
33,1,3,108,68,33_4_108,VD,0.30175676005537555,0.6982432399446246,3
33,1,3,109,69,33_4_109,VD,0.23043479953831125,0.7695652004616886,3
33,1,3,110,70,33_4_110,VD,0.10171464244199174,0.8982853575580082,3
33,1,3,111,71,33_4_111,VD,0.4701363681000556,0.5298636318999443,3
33,1,3,112,72,33_4_112,CD,0.898125136416342,0.10187486358365799,2
33,1,3,114,73,33_4_114,CD,0.0936190883211845,0.9063809116788155,3
33,1,3,116,74,33_4_116,CD,0.17479326648113694,0.8252067335188631,3
33,1,3,117,75,33_4_117,CD,0.10497659328445355,0.8950234067155465,3
33,1,3,118,76,33_4_118,CD,0.33276403826845674,0.6672359617315433,3
33,1,3,120,78,33_4_120,VD,0.5490793978088013,0.45092060219119867,2
33,1,3,121,79,33_4_121,CD,0.12621084487997988,0.8737891551200202,3
33,1,3,122,80,33_4_122,CD,0.5519653069597008,0.4480346930402993,2
33,1,3,123,81,33_4_123,VD,0.1614179122878947,0.8385820877121053,3
33,1,3,124,82,33_4_124,VD,0.25940836203514445,0.7405916379648556,3
33,1,3,126,83,33_4_126,CD,0.37025058936431626,0.6297494106356838,2
33,1,3,128,84,33_4_128,CD,0.5550961881535771,0.4449038118464229,2
33,1,4,131,86,33_5_131,CD,0.39841919724019664,0.6015808027598034,3
33,1,4,132,87,33_5_132,VD,0.16014889173024824,0.8398511082697517,3
33,1,4,133,88,33_5_133,CD,0.16701042907100855,0.8329895709289915,3
33,1,4,134,89,33_5_134,CD,0.12743742601930552,0.8725625739806945,3
33,1,4,135,90,33_5_135,VD,0.13644744208392126,0.8635525579160788,3
33,1,4,136,91,33_5_136,VD,0.37411445505812524,0.6258855449418748,3
33,1,4,137,92,33_5_137,VD,0.4284108272839113,0.5715891727160887,3
33,1,4,138,93,33_5_138,CD,0.1911912732456932,0.8088087267543068,3
33,1,4,139,94,33_5_139,CD,0.39389906277535397,0.606100937224646,3
33,1,4,140,95,33_5_140,VD,0.1997079123922451,0.8002920876077549,3
33,1,4,142,96,33_5_142,CD,0.25481905054623005,0.74518094945377,3
33,1,4,143,97,33_5_143,CD,0.5168197669054784,0.48318023309452157,2
33,1,4,144,98,33_5_144,VD,0.11368925957893278,0.8863107404210673,3
33,1,4,145,99,33_5_145,CD,0.12449838386484818,0.8755016161351519,3
33,1,4,146,100,33_5_146,VD,0.17403297891264524,0.8259670210873548,3
33,1,4,148,102,33_5_148,VD,0.5211435143424554,0.4788564856575446,2
33,1,4,149,103,33_5_149,CD,0.12792392307693867,0.8720760769230613,3
33,1,4,151,105,33_5_151,VD,0.17296785797987593,0.8270321420201241,3
33,1,4,152,106,33_5_152,VD,0.21144520984710108,0.788554790152899,3
33,1,4,153,107,33_5_153,CD,0.12266438752251517,0.8773356124774848,3
33,1,4,154,108,33_5_154,CD,0.13082004153913543,0.8691799584608646,4
33,1,4,155,109,33_5_155,VD,0.412663444616907,0.5873365553830929,3
33,1,4,156,110,33_5_156,CD,0.1392702999758929,0.8607297000241071,3
33,1,4,157,111,33_5_157,CD,0.18701381732381792,0.8129861826761822,3
33,1,4,158,112,33_5_158,VD,0.1103816487399489,0.8896183512600512,3
33,1,4,159,113,33_5_159,VD,0.5172689486031135,0.4827310513968865,2
33,1,4,160,114,33_5_160,CD,0.3950832790210954,0.6049167209789046,3
33,1,5,161,115,33_6_161,VD,0.17223425137510634,0.8277657486248936,3
33,1,5,162,116,33_6_162,VD,0.2905924246462177,0.7094075753537823,3
33,1,5,164,117,33_6_164,CD,0.4516621976362723,0.5483378023637278,3
33,1,5,165,118,33_6_165,VD,0.14189279960733606,0.8581072003926639,3
33,1,5,166,119,33_6_166,CD,0.3442068590422891,0.6557931409577109,3
33,1,5,167,120,33_6_167,VD,0.15232356553782897,0.847676434462171,3
33,1,5,168,121,33_6_168,VD,0.5334694255015485,0.4665305744984515,2
33,1,5,169,122,33_6_169,VD,0.5205578842140702,0.47944211578592977,2
33,1,5,170,123,33_6_170,VD,0.1830799715798141,0.8169200284201859,3
33,1,5,172,124,33_6_172,CD,0.1945707148787973,0.8054292851212027,3
33,1,5,173,125,33_6_173,CD,0.10303933595406835,0.8969606640459317,3
33,1,5,174,126,33_6_174,CD,0.36085035285344164,0.6391496471465584,3
33,1,5,175,127,33_6_175,CD,0.130316242255704,0.869683757744296,3
33,1,5,176,128,33_6_176,VD,0.6149420182179899,0.3850579817820102,2
33,1,5,177,129,33_6_177,CD,0.5211435143424554,0.4788564856575446,2
33,1,5,178,130,33_6_178,CD,0.14750468695562613,0.8524953130443739,3
33,1,5,181,132,33_6_181,VD,0.45497331216186765,0.5450266878381324,3
33,1,5,182,133,33_6_182,CD,0.11887071907252295,0.881129280927477,3
33,1,5,183,134,33_6_183,CD,0.5299171235163013,0.47008287648369873,2
33,1,5,184,135,33_6_184,VD,0.20699122865800842,0.7930087713419915,3
33,1,5,185,136,33_6_185,VD,0.2106281907335092,0.7893718092664909,3
33,1,5,186,137,33_6_186,CD,0.182184067643323,0.817815932356677,3
33,1,5,188,139,33_6_188,CD,0.36248817145424816,0.637511828545752,2
33,1,5,189,140,33_6_189,VD,0.31373948618508063,0.6862605138149194,3
33,1,5,190,141,33_6_190,CD,0.14175180240362317,0.8582481975963768,4
33,1,5,192,143,33_6_192,CD,0.13309446171007552,0.8669055382899246,3
33,1,6,193,144,33_7_193,CD,0.2030675700062774,0.7969324299937226,4
33,1,6,194,145,33_7_194,VD,0.5276300604847909,0.472369939515209,3
33,1,6,197,148,33_7_197,CD,0.18433071831788514,0.8156692816821148,3
33,1,6,198,149,33_7_198,CD,0.16655340134030774,0.8334465986596923,3
33,1,6,199,150,33_7_199,CD,0.11751951049020137,0.8824804895097986,3
33,1,6,200,151,33_7_200,VD,0.2374482185552469,0.7625517814447531,4
33,1,6,202,152,33_7_202,CD,0.1817383229703606,0.8182616770296394,3
33,1,6,203,153,33_7_203,CD,0.14183915397855754,0.8581608460214425,3
33,1,6,204,154,33_7_204,CD,0.5761598372231134,0.4238401627768866,2
33,1,6,205,155,33_7_205,VD,0.18251591737626283,0.8174840826237373,2
33,1,6,208,157,33_7_208,VD,0.4060621841558064,0.5939378158441936,3
33,1,6,209,158,33_7_209,CD,0.11510918665674183,0.8848908133432581,3
33,1,6,211,159,33_7_211,VD,0.12779408151135704,0.8722059184886429,3
33,1,6,212,160,33_7_212,CD,0.5510753716838325,0.4489246283161675,2
33,1,6,213,161,33_7_213,VD,0.5464062003947687,0.4535937996052313,2
33,1,6,214,162,33_7_214,VD,0.2183084460833689,0.7816915539166311,3
33,1,6,215,163,33_7_215,VD,0.13520310174473185,0.8647968982552682,3
33,1,6,216,164,33_7_216,VD,0.43160399321717363,0.5683960067828264,3
33,1,6,217,165,33_7_217,VD,0.17564898175064295,0.824351018249357,3
33,1,6,218,166,33_7_218,VD,0.4909286129525817,0.5090713870474183,3
33,1,6,220,168,33_7_220,CD,0.4019402315896832,0.5980597684103168,3
33,1,6,221,169,33_7_221,CD,0.3416320702605846,0.6583679297394154,4
33,1,6,222,170,33_7_222,VD,0.32218631222818805,0.677813687771812,2
33,1,6,223,171,33_7_223,CD,0.09679509134998113,0.9032049086500189,3
33,1,6,224,172,33_7_224,CD,0.16642858998197388,0.833571410018026,3
33,1,7,225,173,33_8_225,CD,0.10514037274339785,0.8948596272566021,3
33,1,7,226,174,33_8_226,VD,0.3335638269101814,0.6664361730898186,3
33,1,7,227,175,33_8_227,CD,0.11095259603669991,0.8890474039633001,3
33,1,7,229,176,33_8_229,CD,0.15926544690752428,0.8407345530924758,3
33,1,7,230,177,33_8_230,VD,0.11590529502769945,0.8840947049723006,3
33,1,7,231,178,33_8_231,VD,0.45023710160921065,0.5497628983907894,3
33,1,7,232,179,33_8_232,CD,0.1550819694822715,0.8449180305177286,3
33,1,7,233,180,33_8_233,CD,0.09884679309861638,0.9011532069013837,3
33,1,7,234,181,33_8_234,VD,0.15062874345729957,0.8493712565427004,4
33,1,7,235,182,33_8_235,CD,0.44873996434923125,0.5512600356507689,3
33,1,7,237,184,33_8_237,CD,0.5184308519678301,0.4815691480321699,2
33,1,7,238,185,33_8_238,CD,0.7920413402431796,0.20795865975682032,2
33,1,7,239,186,33_8_239,VD,0.2938890041043515,0.7061109958956485,4
33,1,7,241,187,33_8_241,VD,0.6103351968792771,0.389664803120723,2
33,1,7,242,188,33_8_242,VD,0.9796286399407215,0.020371360059278584,2
33,1,7,243,189,33_8_243,CD,0.8126011576250063,0.18739884237499377,2
33,1,7,244,190,33_8_244,VD,0.10361985841191888,0.8963801415880811,3
33,1,7,245,191,33_8_245,VD,0.2811338451440383,0.7188661548559617,4
33,1,7,249,194,33_8_249,VD,0.10186746206489115,0.8981325379351088,3
33,1,7,250,195,33_8_250,CD,0.09156242826311092,0.9084375717368891,3
33,1,7,251,196,33_8_251,VD,0.1271168490537834,0.8728831509462166,3
33,1,7,252,197,33_8_252,VD,0.14141641768099159,0.8585835823190084,3
33,1,7,255,199,33_8_255,VD,0.14831595945900478,0.8516840405409952,3
33,1,8,257,200,33_9_257,CD,0.25932662831372993,0.74067337168627,3
33,1,8,258,201,33_9_258,CD,0.1508362418183084,0.8491637581816917,4
33,1,8,259,202,33_9_259,VD,0.10381527436464769,0.8961847256353523,3
33,1,8,260,203,33_9_260,CD,0.733202039064915,0.26679796093508507,2
33,1,8,261,204,33_9_261,CD,0.3537016574497794,0.6462983425502207,2
33,1,8,262,205,33_9_262,CD,0.11484488886560454,0.8851551111343954,4
33,1,8,263,206,33_9_263,CD,0.34342626444408025,0.6565737355559197,3
33,1,8,265,208,33_9_265,CD,0.3254629213562,0.6745370786438001,4
33,1,8,266,209,33_9_266,VD,0.6393619200966967,0.3606380799033032,2
33,1,8,267,210,33_9_267,VD,0.42762321341278814,0.5723767865872119,2
33,1,8,268,211,33_9_268,VD,0.4116328360702482,0.5883671639297519,3
33,1,8,269,212,33_9_269,CD,0.18808207645298947,0.8119179235470105,3
33,1,8,270,213,33_9_270,VD,0.31704271655157573,0.6829572834484242,3
33,1,8,271,214,33_9_271,VD,0.4005982025462274,0.5994017974537726,3
33,1,8,272,215,33_9_272,CD,0.19803198400426658,0.8019680159957334,3
33,1,8,273,216,33_9_273,VD,0.2646911449493391,0.7353088550506609,5
33,1,8,276,219,33_9_276,VD,0.5611485329083917,0.43885146709160827,2
33,1,8,278,221,33_9_278,CD,0.2860488971949145,0.7139511028050856,4
33,1,8,279,222,33_9_279,CD,0.5006031760125154,0.4993968239874847,3
33,1,8,280,223,33_9_280,CD,0.21047550492673842,0.7895244950732616,3
33,1,8,281,224,33_9_281,CD,0.3697900017324697,0.6302099982675303,5
33,1,8,282,225,33_9_282,VD,0.14451947432577492,0.8554805256742251,3
33,1,8,283,226,33_9_283,VD,0.14885271020393562,0.8511472897960644,3
33,1,8,284,227,33_9_284,VD,0.24459067541459217,0.7554093245854078,4
33,1,8,285,228,33_9_285,VD,0.14273634003315525,0.8572636599668448,3
33,1,8,286,229,33_9_286,CD,0.20993073317079772,0.7900692668292022,4
35,1,1,33,1,35_2_33,VD,0.3871563114305435,0.6128436885694565,3
35,1,1,34,2,35_2_34,CD,0.5255349740088835,0.4744650259911165,3
35,1,1,35,3,35_2_35,VD,0.3868270418509764,0.6131729581490236,3
35,1,1,36,4,35_2_36,CD,0.4553112118126156,0.5446887881873844,3
35,1,1,38,6,35_2_38,VD,0.5869218929332831,0.41307810706671677,2
35,1,1,39,7,35_2_39,CD,0.34253140874761634,0.6574685912523837,3
35,1,1,40,8,35_2_40,VD,0.2634812750180182,0.7365187249819818,2
35,1,1,42,9,35_2_42,CD,0.14265541297164488,0.8573445870283551,4
35,1,1,43,10,35_2_43,VD,0.4994448512961562,0.5005551487038438,3
35,1,1,45,11,35_2_45,VD,0.38323347520928214,0.6167665247907178,3
35,1,1,46,12,35_2_46,CD,0.2549943731768286,0.7450056268231714,4
35,1,1,47,13,35_2_47,CD,0.18341971173426935,0.8165802882657306,4
35,1,1,50,16,35_2_50,CD,0.42599371404854364,0.5740062859514563,3
35,1,1,51,17,35_2_51,VD,0.22604168372783195,0.773958316272168,3
35,1,1,52,18,35_2_52,VD,0.47372662758358086,0.5262733724164191,3
35,1,1,54,19,35_2_54,CD,0.5305727082237459,0.46942729177625414,3
35,1,1,57,21,35_2_57,VD,0.3699909581501493,0.6300090418498506,3
35,1,1,58,22,35_2_58,CD,0.23704036946826892,0.7629596305317311,3
35,1,1,59,23,35_2_59,VD,0.3394575785217032,0.6605424214782968,4
35,1,1,60,24,35_2_60,VD,0.08752258902447252,0.9124774109755275,2
35,1,1,61,25,35_2_61,VD,0.5388190851032238,0.4611809148967762,3
35,1,1,62,26,35_2_62,VD,0.5129563253797935,0.4870436746202065,2
35,1,1,63,27,35_2_63,CD,0.4811200961778572,0.5188799038221428,2
35,1,1,64,28,35_2_64,CD,0.20718613003145778,0.7928138699685422,4
35,1,2,65,29,35_3_65,CD,0.15863853404246642,0.8413614659575336,3
35,1,2,66,30,35_3_66,VD,0.11402786722121974,0.8859721327787803,4
35,1,2,67,31,35_3_67,VD,0.6233282180641242,0.3766717819358758,4
35,1,2,69,32,35_3_69,CD,0.3990288485559609,0.6009711514440391,3
35,1,2,70,33,35_3_70,CD,0.5863278349396227,0.4136721650603773,2
35,1,2,71,34,35_3_71,CD,0.4288928081749306,0.5711071918250694,3
35,1,2,72,35,35_3_72,VD,0.11611882683600688,0.8838811731639932,3
35,1,2,73,36,35_3_73,VD,0.6692201703399369,0.33077982966006314,4
35,1,2,74,37,35_3_74,VD,0.24992585603789166,0.7500741439621083,3
35,1,2,75,38,35_3_75,CD,0.2873240539449687,0.7126759460550314,2
35,1,2,78,40,35_3_78,VD,0.2129352485084291,0.787064751491571,3
35,1,2,79,41,35_3_79,CD,0.6705739711809481,0.3294260288190519,3
35,1,2,80,42,35_3_80,CD,0.1105932731625656,0.8894067268374344,3
35,1,2,81,43,35_3_81,CD,0.1907433080135159,0.8092566919864841,3
35,1,2,82,44,35_3_82,CD,0.26720754558789545,0.7327924544121046,3
35,1,2,83,45,35_3_83,CD,0.3811234592938574,0.6188765407061426,2
35,1,2,85,46,35_3_85,VD,0.46614510571448914,0.5338548942855108,3
35,1,2,88,47,35_3_88,VD,0.18731337828578284,0.8126866217142171,3
35,1,2,89,48,35_3_89,CD,0.37342666757992216,0.6265733324200778,4
35,1,2,90,49,35_3_90,VD,0.5140410766652408,0.4859589233347593,2
35,1,2,91,50,35_3_91,VD,0.2353303026808075,0.7646696973191925,2
35,1,2,92,51,35_3_92,VD,0.13537717703991128,0.8646228229600887,3
35,1,2,93,52,35_3_93,VD,0.2693289737492105,0.7306710262507895,3
35,1,2,94,53,35_3_94,VD,0.19987599023712785,0.8001240097628721,4
35,1,2,95,54,35_3_95,CD,0.42860186696531255,0.5713981330346874,2
35,1,3,98,56,35_4_98,VD,0.14065140528734982,0.8593485947126502,4
35,1,3,99,57,35_4_99,CD,0.1498179281979483,0.8501820718020516,4
35,1,3,100,58,35_4_100,CD,0.40605199436009604,0.5939480056399039,3
35,1,3,102,60,35_4_102,CD,0.5140316609805153,0.48596833901948466,2
35,1,3,103,61,35_4_103,VD,0.3410503428139288,0.6589496571860712,3
35,1,3,104,62,35_4_104,CD,0.7133790682259076,0.2866209317740925,3
35,1,3,105,63,35_4_105,VD,0.18765809579657097,0.812341904203429,4
35,1,3,106,64,35_4_106,CD,0.515619851471993,0.48438014852800704,3
35,1,3,110,68,35_4_110,CD,0.6606480449319371,0.3393519550680629,3
35,1,3,112,70,35_4_112,VD,0.26258647209527197,0.737413527904728,3
35,1,3,113,71,35_4_113,CD,0.49879267189391024,0.5012073281060898,3
35,1,3,114,72,35_4_114,CD,0.25894744074427345,0.7410525592557266,4
35,1,3,115,73,35_4_115,CD,0.517153589122104,0.4828464108778961,3
35,1,3,116,74,35_4_116,VD,0.3216299266434689,0.6783700733565311,4
35,1,3,117,75,35_4_117,VD,0.30904493885125195,0.690955061148748,3
35,1,3,118,76,35_4_118,CD,0.15418382237848827,0.8458161776215117,4
35,1,3,119,77,35_4_119,VD,0.4657307673895323,0.5342692326104678,3
35,1,3,121,78,35_4_121,VD,0.16338232080233042,0.8366176791976695,3
35,1,3,122,79,35_4_122,VD,0.23230025418523678,0.7676997458147632,3
35,1,3,123,80,35_4_123,CD,0.4809341671097769,0.5190658328902231,2
35,1,3,124,81,35_4_124,CD,0.09523831031736059,0.9047616896826394,3
35,1,3,125,82,35_4_125,CD,0.13118671927334707,0.868813280726653,3
35,1,3,126,83,35_4_126,VD,0.5149810855280863,0.4850189144719137,2
35,1,3,127,84,35_4_127,VD,0.3813021115432955,0.6186978884567045,3
35,1,3,128,85,35_4_128,VD,0.7079689836672945,0.29203101633270556,3
35,1,4,129,86,35_5_129,VD,0.2843436742193516,0.7156563257806484,3
35,1,4,130,87,35_5_130,VD,0.4363261694171305,0.5636738305828696,2
35,1,4,132,88,35_5_132,VD,0.18034945816923845,0.8196505418307616,3
35,1,4,133,89,35_5_133,CD,0.27181049897369547,0.7281895010263044,3
35,1,4,134,90,35_5_134,VD,0.20563918750614066,0.7943608124938593,3
35,1,4,136,91,35_5_136,CD,0.532277459491263,0.46772254050873696,2
35,1,4,138,93,35_5_138,VD,0.3917963753239913,0.6082036246760087,3
35,1,4,139,94,35_5_139,CD,0.20431213043589727,0.7956878695641028,4
35,1,4,140,95,35_5_140,CD,0.49723054286013973,0.5027694571398603,3
35,1,4,141,96,35_5_141,VD,0.5550961881535771,0.4449038118464229,2
35,1,4,143,98,35_5_143,CD,0.5437633222221143,0.4562366777778857,3
35,1,4,144,99,35_5_144,VD,0.16701007650932922,0.8329899234906708,4
35,1,4,147,101,35_5_147,CD,0.4999054512382898,0.5000945487617102,2
35,1,4,148,102,35_5_148,VD,0.10161511432400111,0.898384885675999,3
35,1,4,149,103,35_5_149,VD,0.38707237488878016,0.6129276251112198,3
35,1,4,150,104,35_5_150,VD,0.8361109569892442,0.1638890430107558,2
35,1,4,151,105,35_5_151,CD,0.4505867765626118,0.5494132234373882,3
35,1,4,152,106,35_5_152,CD,0.40725077125691256,0.5927492287430874,3
35,1,4,155,107,35_5_155,CD,0.32875078118844536,0.6712492188115546,5
35,1,4,156,108,35_5_156,CD,0.14995748127517053,0.8500425187248295,3
35,1,4,157,109,35_5_157,VD,0.36025378284132725,0.6397462171586727,3
35,1,4,158,110,35_5_158,VD,0.19733853386917644,0.8026614661308236,3
35,1,4,159,111,35_5_159,CD,0.12416098869616965,0.8758390113038304,3
35,1,4,160,112,35_5_160,VD,0.5219534859473107,0.4780465140526894,2
35,1,5,161,113,35_6_161,VD,0.15172972941570972,0.8482702705842903,3
35,1,5,162,114,35_6_162,CD,0.1391362955893135,0.8608637044106865,4
35,1,5,164,116,35_6_164,CD,0.4392185285322762,0.5607814714677238,3
35,1,5,165,117,35_6_165,VD,0.40279094299991625,0.5972090570000838,3
35,1,5,166,118,35_6_166,CD,0.1146766172291582,0.8853233827708418,4
35,1,5,168,120,35_6_168,VD,0.15022962875615672,0.8497703712438432,3
35,1,5,169,121,35_6_169,CD,0.18882917564191173,0.8111708243580883,3
35,1,5,171,122,35_6_171,CD,0.11232876376570122,0.8876712362342988,3
35,1,5,172,123,35_6_172,CD,0.3721322098281602,0.6278677901718399,4
35,1,5,177,127,35_6_177,CD,0.251899592610734,0.7481004073892659,3
35,1,5,178,128,35_6_178,CD,0.1291421184863637,0.8708578815136363,4
35,1,5,179,129,35_6_179,VD,0.20890546848572258,0.7910945315142774,3
35,1,5,180,130,35_6_180,CD,0.2536924736315777,0.7463075263684222,3
35,1,5,181,131,35_6_181,VD,0.34635996592603757,0.6536400340739624,3
35,1,5,183,133,35_6_183,CD,0.11994324453724388,0.8800567554627562,3
35,1,5,185,135,35_6_185,VD,0.3910373355865173,0.6089626644134827,3
35,1,5,186,136,35_6_186,VD,0.12822662868850357,0.8717733713114965,3
35,1,5,187,137,35_6_187,VD,0.1089060438341434,0.8910939561658566,2
35,1,5,188,138,35_6_188,CD,0.22893448863723279,0.7710655113627672,4
35,1,5,189,139,35_6_189,VD,0.3504429835139742,0.6495570164860258,4
35,1,5,190,140,35_6_190,VD,0.12393832889671437,0.8760616711032856,3
35,1,5,191,141,35_6_191,VD,0.11284635591038865,0.8871536440896114,3
35,1,5,192,142,35_6_192,VD,0.21432347146135317,0.7856765285386469,4
35,1,6,194,144,35_7_194,VD,0.3285792746734588,0.6714207253265412,4
35,1,6,195,145,35_7_195,CD,0.367449951563225,0.632550048436775,4
35,1,6,196,146,35_7_196,CD,0.17623002572133545,0.8237699742786646,3
35,1,6,197,147,35_7_197,VD,0.4126168208824262,0.5873831791175738,3
35,1,6,198,148,35_7_198,CD,0.9956561745170476,0.004343825482952492,2
35,1,6,199,149,35_7_199,VD,0.5386470414604,0.46135295853959996,4
35,1,6,200,150,35_7_200,CD,0.11542147772147432,0.8845785222785257,4
35,1,6,201,151,35_7_201,CD,0.3840033910164331,0.6159966089835669,3
35,1,6,203,152,35_7_203,VD,0.5291957754309868,0.4708042245690132,2
35,1,6,204,153,35_7_204,VD,0.10827980356043057,0.8917201964395695,4
35,1,6,205,154,35_7_205,VD,0.527472306026739,0.47252769397326094,2
35,1,6,206,155,35_7_206,VD,0.3254578330253297,0.6745421669746703,4
35,1,6,207,156,35_7_207,CD,0.6585317501947945,0.34146824980520546,2
35,1,6,208,157,35_7_208,CD,0.09865907620710114,0.9013409237928989,3
35,1,6,209,158,35_7_209,VD,0.16459038080305757,0.8354096191969425,3
35,1,6,210,159,35_7_210,CD,0.10417187950506092,0.8958281204949391,3
35,1,6,211,160,35_7_211,CD,0.5417532538771718,0.45824674612282823,2
35,1,6,212,161,35_7_212,CD,0.19241842526890632,0.8075815747310937,3
35,1,6,213,162,35_7_213,CD,0.4293628801167876,0.5706371198832124,3
35,1,6,214,163,35_7_214,VD,0.10799972274859149,0.8920002772514085,4
35,1,6,217,165,35_7_217,CD,0.5224134228038309,0.47758657719616915,2
35,1,6,218,166,35_7_218,CD,0.23845482427176992,0.7615451757282301,3
35,1,6,220,168,35_7_220,CD,0.38770619192665673,0.6122938080733433,3
35,1,6,222,169,35_7_222,VD,0.14770689008046817,0.8522931099195318,3
35,1,6,223,170,35_7_223,VD,0.2625945885139989,0.7374054114860011,3
35,1,6,224,171,35_7_224,VD,0.42950234008996047,0.5704976599100395,3
35,1,7,225,172,35_8_225,VD,0.28446472968170133,0.7155352703182987,5
35,1,7,226,173,35_8_226,CD,0.20217807358026843,0.7978219264197316,3
35,1,7,228,175,35_8_228,VD,0.14348889294619116,0.8565111070538088,3
35,1,7,230,177,35_8_230,CD,0.12327482475323306,0.876725175246767,3
35,1,7,231,178,35_8_231,CD,0.6409944780335678,0.35900552196643215,3
35,1,7,232,179,35_8_232,CD,0.43068012398628963,0.5693198760137104,3
35,1,7,234,181,35_8_234,VD,0.5199055486902573,0.4800944513097427,2
35,1,7,235,182,35_8_235,VD,0.6219945539520302,0.3780054460479698,2
35,1,7,236,183,35_8_236,CD,0.4062644867808368,0.5937355132191632,3
35,1,7,237,184,35_8_237,CD,0.11650929377532356,0.8834907062246765,3
35,1,7,238,185,35_8_238,VD,0.17287457278782747,0.8271254272121725,3
35,1,7,239,186,35_8_239,CD,0.25499298038734153,0.7450070196126584,4
35,1,7,240,187,35_8_240,VD,0.11647596413830887,0.8835240358616911,4
35,1,7,241,188,35_8_241,VD,0.17334174149968043,0.8266582585003196,3
35,1,7,242,189,35_8_242,CD,0.3976966302660738,0.6023033697339262,3
35,1,7,243,190,35_8_243,VD,0.15293704492387017,0.8470629550761297,4
35,1,7,244,191,35_8_244,CD,0.5137744070071875,0.48622559299281254,2
35,1,7,245,192,35_8_245,CD,0.10463672653672748,0.8953632734632725,3
35,1,7,246,193,35_8_246,CD,0.42212461790279815,0.5778753820972018,2
35,1,7,247,194,35_8_247,VD,0.10487967514891608,0.8951203248510838,3
35,1,7,249,196,35_8_249,CD,0.5137803219067596,0.48621967809324046,3
35,1,7,250,197,35_8_250,VD,0.11575442612630392,0.8842455738736961,3
35,1,7,251,198,35_8_251,CD,0.516578632475152,0.48342136752484793,2
35,1,7,253,200,35_8_253,CD,0.14359479503318465,0.8564052049668153,3
35,1,7,254,201,35_8_254,VD,0.53133500633392,0.4686649936660801,2
35,1,7,255,202,35_8_255,CD,0.4009681801727392,0.5990318198272607,3
35,1,7,256,203,35_8_256,VD,0.16676830577916973,0.8332316942208302,4
35,1,8,258,205,35_9_258,VD,0.5436102385671027,0.45638976143289733,2
35,1,8,259,206,35_9_259,VD,0.09852057721244384,0.9014794227875561,2
35,1,8,260,207,35_9_260,CD,0.3153797249968234,0.6846202750031766,4
35,1,8,262,208,35_9_262,CD,0.3537743304905972,0.6462256695094029,4
35,1,8,263,209,35_9_263,CD,0.531185296245569,0.4688147037544311,2
35,1,8,264,210,35_9_264,VD,0.17067491417685177,0.8293250858231482,3
35,1,8,265,211,35_9_265,VD,0.3903239519482782,0.6096760480517218,3
35,1,8,266,212,35_9_266,CD,0.31658743284654167,0.6834125671534583,4
35,1,8,267,213,35_9_267,CD,0.13914909718371918,0.8608509028162807,4
35,1,8,268,214,35_9_268,VD,0.11022927629531801,0.889770723704682,3
35,1,8,269,215,35_9_269,CD,0.3805475612581691,0.619452438741831,4
35,1,8,270,216,35_9_270,CD,0.19877550839021016,0.8012244916097898,3
35,1,8,271,217,35_9_271,CD,0.10221347301331635,0.8977865269866836,3
35,1,8,272,218,35_9_272,CD,0.33148941894241785,0.6685105810575821,4
35,1,8,274,219,35_9_274,CD,0.11669295433163998,0.88330704566836,4
35,1,8,275,220,35_9_275,CD,0.5388510848289882,0.46114891517101175,2
35,1,8,277,222,35_9_277,VD,0.12649409330948352,0.8735059066905164,4
35,1,8,278,223,35_9_278,VD,0.3298255776026859,0.6701744223973141,3
35,1,8,280,225,35_9_280,VD,0.11178878795282698,0.888211212047173,4
35,1,8,281,226,35_9_281,CD,0.38579544627050233,0.6142045537294977,3
35,1,8,282,227,35_9_282,VD,0.160308367207345,0.839691632792655,3
35,1,8,284,229,35_9_284,CD,0.3402041448347092,0.6597958551652908,4
35,1,8,285,230,35_9_285,VD,0.2736526263405147,0.7263473736594853,3
35,1,8,286,231,35_9_286,CD,0.12398115186902826,0.87601884813097175,3
35,1,8,287,232,35_9_287,VD,0.2949250930689527,0.7050749069310474,4
35,1,8,288,233,35_9_288,VD,0.10831663448707356,0.8916833655129264,3
37,1,1,33,1,37_2_33,CD,0.5376449026168865,0.4623550973831136,5
37,1,1,34,2,37_2_34,CD,0.47220287630280305,0.527797123697197,6
37,1,1,35,3,37_2_35,CD,0.47137577990492013,0.5286242200950799,5
37,1,1,37,4,37_2_37,VD,0.20604143970514605,0.793958560294854,4
37,1,1,39,6,37_2_39,VD,0.36057737943171303,0.639422620568287,4
37,1,1,43,8,37_2_43,VD,0.23925152200201333,0.7607484779979867,4
37,1,1,44,9,37_2_44,CD,0.2855180320534705,0.7144819679465295,4
37,1,1,45,10,37_2_45,CD,0.34076899501466934,0.6592310049853306,4
37,1,1,47,11,37_2_47,CD,0.2952646153774438,0.7047353846225561,4
37,1,1,48,12,37_2_48,VD,0.3873034992048191,0.6126965007951809,4
37,1,1,52,14,37_2_52,CD,0.21050470576210176,0.7894952942378982,4
37,1,1,54,15,37_2_54,CD,0.4732788890792484,0.5267211109207516,4
37,1,1,55,16,37_2_55,CD,0.4567507216135116,0.5432492783864884,3
37,1,1,56,17,37_2_56,VD,0.48911828392609774,0.5108817160739023,4
37,1,1,57,18,37_2_57,VD,0.16088151947753532,0.8391184805224646,4
37,1,1,58,19,37_2_58,CD,0.3282207609606343,0.6717792390393658,3
37,1,1,59,20,37_2_59,VD,0.3329975798186209,0.6670024201813791,4
37,1,1,60,21,37_2_60,VD,0.2904722455709998,0.7095277544290001,3
37,1,1,61,22,37_2_61,VD,0.24469014951326787,0.7553098504867322,4
37,1,1,63,24,37_2_63,CD,0.5593113894177201,0.4406886105822799,3
37,1,1,64,25,37_2_64,CD,0.3098738883694735,0.6901261116305265,3
37,1,2,65,26,37_3_65,VD,0.347758139263147,0.652241860736853,5
37,1,2,67,27,37_3_67,CD,0.1422144455744694,0.8577855544255306,4
37,1,2,68,28,37_3_68,VD,0.3949997465455745,0.6050002534544255,6
37,1,2,70,29,37_3_70,CD,0.18808462438791085,0.8119153756120892,4
37,1,2,71,30,37_3_71,CD,0.6678968995252647,0.3321031004747353,3
37,1,2,72,31,37_3_72,CD,0.6759642602260852,0.32403573977391475,3
37,1,2,73,32,37_3_73,VD,0.5223141115066752,0.4776858884933249,4
37,1,2,75,33,37_3_75,VD,0.39085025807952456,0.6091497419204754,3
37,1,2,76,34,37_3_76,VD,0.33163215106968363,0.6683678489303164,4
37,1,2,77,35,37_3_77,CD,0.5125900196334674,0.48740998036653266,5
37,1,2,80,36,37_3_80,VD,0.24648884872979293,0.7535111512702071,4
37,1,2,81,37,37_3_81,CD,0.3229574370319937,0.6770425629680064,4
37,1,2,82,38,37_3_82,VD,0.605120612221558,0.39487938777844206,3
37,1,2,83,39,37_3_83,VD,0.3196825420814575,0.6803174579185425,4
37,1,2,85,41,37_3_85,CD,0.14334204109618653,0.8566579589038135,2
37,1,2,87,42,37_3_87,CD,0.14601801284571014,0.8539819871542899,3
37,1,2,89,44,37_3_89,VD,0.4158012920688807,0.5841987079311193,5
37,1,2,90,45,37_3_90,CD,0.2599361939125633,0.7400638060874367,4
37,1,2,93,46,37_3_93,VD,0.3846000880999052,0.6153999119000948,3
37,1,2,96,47,37_3_96,VD,0.18442274282840176,0.8155772571715982,4
37,1,3,100,49,37_4_100,CD,0.1534338825851004,0.8465661174148996,4
37,1,3,106,53,37_4_106,CD,0.2612968263813017,0.7387031736186983,4
37,1,3,108,55,37_4_108,VD,0.4933097524856087,0.5066902475143913,4
37,1,3,109,56,37_4_109,CD,0.2622206452210563,0.7377793547789437,4
37,1,3,110,57,37_4_110,VD,0.5268537305980043,0.47314626940199567,4
37,1,3,111,58,37_4_111,CD,0.2506935437112792,0.7493064562887208,4
37,1,3,112,59,37_4_112,CD,0.3700942377637977,0.6299057622362022,4
37,1,3,113,60,37_4_113,CD,0.4182580365397701,0.58174196346023,3
37,1,3,114,61,37_4_114,VD,0.2868629891678827,0.7131370108321173,5
37,1,3,115,62,37_4_115,VD,0.2568361826466076,0.7431638173533923,4
37,1,3,116,63,37_4_116,CD,0.3188798838847511,0.6811201161152489,4
37,1,3,118,64,37_4_118,CD,0.21362702193389976,0.7863729780661002,4
37,1,3,120,65,37_4_120,CD,0.3735579451249214,0.6264420548750786,4
37,1,3,121,66,37_4_121,CD,0.2046983570216554,0.7953016429783446,4
37,1,3,122,67,37_4_122,VD,0.2767899109985883,0.7232100890014117,5
37,1,3,124,68,37_4_124,VD,0.4143884239118891,0.5856115760881109,4
37,1,3,126,69,37_4_126,CD,0.23882279906592135,0.7611772009340787,4
37,1,3,127,70,37_4_127,VD,0.350548466702721,0.649451533297279,4
37,1,4,130,72,37_5_130,VD,0.5645974601045375,0.43540253989546257,4
37,1,4,131,73,37_5_131,VD,0.13984091473923216,0.8601590852607678,4
37,1,4,132,74,37_5_132,VD,0.38611721518813535,0.6138827848118646,3
37,1,4,133,75,37_5_133,CD,0.6780321480619296,0.3219678519380704,3
37,1,4,134,76,37_5_134,CD,0.21005147150034506,0.7899485284996549,3
37,1,4,135,77,37_5_135,CD,0.27711338611344966,0.7228866138865504,3
37,1,4,136,78,37_5_136,CD,0.4670852499399174,0.5329147500600826,4
37,1,4,137,79,37_5_137,CD,0.43894720829171774,0.5610527917082823,4
37,1,4,138,80,37_5_138,VD,0.37725317646677803,0.622746823533222,3
37,1,4,139,81,37_5_139,VD,0.4378940908598291,0.5621059091401709,3
37,1,4,140,82,37_5_140,CD,0.3389704502576865,0.6610295497423135,4
37,1,4,141,83,37_5_141,VD,0.3330000910848937,0.6669999089151063,4
37,1,4,142,84,37_5_142,VD,0.41622218068627836,0.5837778193137216,3
37,1,4,144,86,37_5_144,VD,0.1544575538935715,0.8455424461064285,4
37,1,4,146,88,37_5_146,VD,0.5074141969185502,0.49258580308144984,4
37,1,4,149,91,37_5_149,VD,0.6759168385895142,0.3240831614104858,3
37,1,4,151,92,37_5_151,CD,0.14148719981749608,0.858512800182504,4
37,1,4,152,93,37_5_152,CD,0.2906616863235896,0.7093383136764105,5
37,1,4,153,94,37_5_153,VD,0.23411365074963314,0.7658863492503669,5
37,1,4,154,95,37_5_154,CD,0.25654302821112396,0.743456971788876,4
37,1,4,156,97,37_5_156,CD,0.1366606618354379,0.8633393381645621,3
37,1,4,157,98,37_5_157,CD,0.4521623583877844,0.5478376416122156,6
37,1,4,158,99,37_5_158,VD,0.4675543279594506,0.5324456720405494,5
37,1,4,159,100,37_5_159,CD,0.38792351580440776,0.6120764841955922,6
37,1,4,160,101,37_5_160,VD,0.16710361509518928,0.8328963849048107,4
37,1,5,162,103,37_6_162,VD,0.2370366081791858,0.7629633918208143,5
37,1,5,164,105,37_6_164,VD,0.5068887427769362,0.4931112572230638,3
37,1,5,165,106,37_6_165,VD,0.33522930757005476,0.6647706924299452,4
37,1,5,166,107,37_6_166,CD,0.2093360944796214,0.7906639055203786,4
37,1,5,167,108,37_6_167,VD,0.5145284173108647,0.48547158268913526,2
37,1,5,171,110,37_6_171,CD,0.3993297327358959,0.6006702672641041,3
37,1,5,173,111,37_6_173,CD,0.3323412520477802,0.6676587479522198,4
37,1,5,174,112,37_6_174,CD,0.4212656920428928,0.5787343079571071,5
37,1,5,175,113,37_6_175,VD,0.25263976312086983,0.7473602368791301,4
37,1,5,176,114,37_6_176,CD,0.5481526954590085,0.4518473045409916,4
37,1,5,177,115,37_6_177,VD,0.34115336824784387,0.6588466317521562,4
37,1,5,178,116,37_6_178,CD,0.3927373210494439,0.6072626789505561,4
37,1,5,179,117,37_6_179,CD,0.37671807306740157,0.6232819269325984,5
37,1,5,180,118,37_6_180,VD,0.3175878905825359,0.6824121094174641,5
37,1,5,181,119,37_6_181,CD,0.6764626568185799,0.32353734318142013,3
37,1,5,182,120,37_6_182,CD,0.20581293058389227,0.7941870694161077,5
37,1,5,183,121,37_6_183,VD,0.4527274902086767,0.5472725097913234,6
37,1,5,184,122,37_6_184,CD,0.22046172674903286,0.7795382732509671,4
37,1,5,185,123,37_6_185,CD,0.4530606043247395,0.5469393956752605,5
37,1,5,186,124,37_6_186,CD,0.31768225312601106,0.6823177468739889,4
37,1,5,188,126,37_6_188,VD,0.1939713641801782,0.8060286358198218,4
37,1,5,190,127,37_6_190,VD,0.5272098594029229,0.4727901405970772,4
37,1,6,193,128,37_7_193,VD,0.5154134429736363,0.4845865570263636,2
37,1,6,195,129,37_7_195,CD,0.15155393079369023,0.8484460692063097,4
37,1,6,196,130,37_7_196,VD,0.46781732300741363,0.5321826769925864,5
37,1,6,197,131,37_7_197,VD,0.3085675816390948,0.6914324183609052,5
37,1,6,198,132,37_7_198,VD,0.40532539830130104,0.5946746016986989,5
37,1,6,199,133,37_7_199,VD,0.11148387222535942,0.8885161277746406,3
37,1,6,200,134,37_7_200,CD,0.2536473120069977,0.7463526879930024,5
37,1,6,206,139,37_7_206,VD,0.486947569278695,0.513052430721305,6
37,1,6,207,140,37_7_207,VD,0.30518972411426626,0.6948102758857337,4
37,1,6,208,141,37_7_208,VD,0.4031602920620948,0.5968397079379052,5
37,1,6,210,143,37_7_210,CD,0.43483106711411007,0.5651689328858899,5
37,1,6,211,144,37_7_211,CD,0.4113847265844068,0.5886152734155933,5
37,1,6,214,147,37_7_214,CD,0.6765690643284492,0.32343093567155085,3
37,1,6,216,148,37_7_216,CD,0.11221399237503266,0.8877860076249674,4
37,1,6,217,149,37_7_217,CD,0.24745565189644048,0.7525443481035595,4
37,1,6,218,150,37_7_218,VD,0.320903610160976,0.679096389839024,5
37,1,6,219,151,37_7_219,CD,0.3781772166549612,0.6218227833450388,5
37,1,6,220,152,37_7_220,VD,0.18008776743059904,0.8199122325694009,3
37,1,6,221,153,37_7_221,CD,0.13546418618493297,0.8645358138150671,3
37,1,6,223,154,37_7_223,CD,0.31881061127763544,0.6811893887223646,5
37,1,6,224,155,37_7_224,VD,0.675754396211821,0.324245603788179,3
37,1,7,225,156,37_8_225,VD,0.36843705741915994,0.63156294258084,5
37,1,7,226,157,37_8_226,VD,0.3234303363463362,0.6765696636536637,4
37,1,7,228,158,37_8_228,VD,0.5140328213632861,0.48596717863671385,2
37,1,7,229,159,37_8_229,VD,0.38000231835738474,0.6199976816426153,5
37,1,7,230,160,37_8_230,VD,0.3329697892432355,0.6670302107567645,4
37,1,7,231,161,37_8_231,VD,0.8721229999785296,0.1278770000214704,2
37,1,7,232,162,37_8_232,CD,0.23658594575885067,0.7634140542411494,4
37,1,7,233,163,37_8_233,CD,0.22125864833623313,0.7787413516637669,4
37,1,7,234,164,37_8_234,VD,0.23125348510270244,0.7687465148972976,4
37,1,7,235,165,37_8_235,VD,0.6468858325505462,0.35311416744945384,4
37,1,7,236,166,37_8_236,CD,0.616434834729758,0.38356516527024204,3
37,1,7,237,167,37_8_237,CD,0.4746055660264262,0.5253944339735738,4
37,1,7,238,168,37_8_238,VD,0.29574629076724235,0.7042537092327577,4
37,1,7,240,170,37_8_240,CD,0.34949928299434846,0.6505007170056516,6
37,1,7,241,171,37_8_241,VD,0.19980517412444,0.80019482587556,4
37,1,7,242,172,37_8_242,CD,0.21717837810138188,0.7828216218986181,4
37,1,7,243,173,37_8_243,CD,0.38757453634422034,0.6124254636557797,5
37,1,7,245,175,37_8_245,VD,0.17459002572016918,0.8254099742798308,4
37,1,7,246,176,37_8_246,CD,0.15086284986497336,0.8491371501350267,3
37,1,7,248,178,37_8_248,CD,0.25106020578338306,0.7489397942166169,4
37,1,7,249,179,37_8_249,VD,0.30614572006849966,0.6938542799315003,4
37,1,7,250,180,37_8_250,VD,0.6302098239762929,0.3697901760237071,4
37,1,7,251,181,37_8_251,CD,0.3051082209216534,0.6948917790783466,4
37,1,7,252,182,37_8_252,CD,0.24374418621042243,0.7562558137895775,5
37,1,7,253,183,37_8_253,CD,0.42238355547457906,0.5776164445254209,6
37,1,7,254,184,37_8_254,CD,0.538388743987113,0.461611256012887,5
37,1,7,255,185,37_8_255,VD,0.20687179568474034,0.7931282043152597,3
37,1,7,256,186,37_8_256,VD,0.11120205298502568,0.8887979470149744,3
37,1,8,257,187,37_9_257,CD,0.35332634159867576,0.6466736584013242,4
37,1,8,258,188,37_9_258,VD,0.3180987054774005,0.6819012945225995,4
37,1,8,259,189,37_9_259,VD,0.21196797364796136,0.7880320263520386,4
37,1,8,262,191,37_9_262,CD,0.36523702514921347,0.6347629748507866,4
37,1,8,263,192,37_9_263,VD,0.26103865991904046,0.7389613400809595,4
37,1,8,264,193,37_9_264,VD,0.43716553581779316,0.5628344641822068,4
37,1,8,265,194,37_9_265,VD,0.5148904371503851,0.48510956284961504,2
37,1,8,267,196,37_9_267,CD,0.34653023819214795,0.653469761807852,3
37,1,8,268,197,37_9_268,CD,0.27410253906700965,0.7258974609329903,4
37,1,8,271,198,37_9_271,VD,0.2450046062227439,0.7549953937772561,4
37,1,8,272,199,37_9_272,VD,0.3455547690265609,0.6544452309734391,5
37,1,8,273,200,37_9_273,VD,0.13401408709087925,0.8659859129091207,5
37,1,8,274,201,37_9_274,VD,0.1515906784727926,0.8484093215272074,3
37,1,8,276,203,37_9_276,CD,0.39252186764116265,0.6074781323588373,3
37,1,8,277,204,37_9_277,CD,0.2379455806564532,0.7620544193435469,3
37,1,8,279,205,37_9_279,CD,0.23709028797135523,0.7629097120286448,4
37,1,8,280,206,37_9_280,VD,0.17409418339625787,0.8259058166037421,3
37,1,8,282,208,37_9_282,VD,0.33900412191657725,0.6609958780834227,5
37,1,8,283,209,37_9_283,CD,0.3313610800644337,0.6686389199355662,5
37,1,8,284,210,37_9_284,CD,0.34423381020416566,0.6557661897958343,4
37,1,8,285,211,37_9_285,CD,0.20106192165427778,0.7989380783457223,4
37,1,8,286,212,37_9_286,CD,0.2693608937597655,0.7306391062402344,4
37,1,8,287,213,37_9_287,CD,0.40525102437969746,0.5947489756203025,4
39,1,1,33,1,39_2_33,CD,0.2155008454245647,0.7844991545754353,3
39,1,1,35,3,39_2_35,VD,0.5544541806070018,0.44554581939299825,2
39,1,1,36,4,39_2_36,VD,0.3203868901448101,0.6796131098551899,4
39,1,1,37,5,39_2_37,VD,0.36872980449056086,0.6312701955094392,5
39,1,1,38,6,39_2_38,VD,0.3952423540950569,0.6047576459049431,4
39,1,1,39,7,39_2_39,VD,0.4740665508698723,0.5259334491301277,5
39,1,1,40,8,39_2_40,VD,0.5279165965402776,0.4720834034597225,2
39,1,1,41,9,39_2_41,CD,0.3222324801320574,0.6777675198679425,4
39,1,1,42,10,39_2_42,CD,0.10685683855405315,0.8931431614459467,3
39,1,1,44,12,39_2_44,VD,0.32126458439591343,0.6787354156040866,4
39,1,1,45,13,39_2_45,VD,0.10189918432574976,0.8981008156742503,4
39,1,1,46,14,39_2_46,CD,0.10322808721212016,0.8967719127878799,3
39,1,1,47,15,39_2_47,VD,0.18290024970170848,0.8170997502982915,3
39,1,1,48,16,39_2_48,CD,0.1733027924595681,0.826697207540432,3
39,1,1,49,17,39_2_49,CD,0.3660977349410574,0.6339022650589425,4
39,1,1,50,18,39_2_50,VD,0.6765526860375303,0.32344731396246973,3
39,1,1,51,19,39_2_51,VD,0.22218224619309637,0.7778177538069035,4
39,1,1,52,20,39_2_52,VD,0.14817019564997985,0.8518298043500202,3
39,1,1,53,21,39_2_53,CD,0.11142910656428097,0.888570893435719,3
39,1,1,54,22,39_2_54,CD,0.5513435793917201,0.44865642060828,2
39,1,1,55,23,39_2_55,CD,0.5194789216827469,0.48052107831725305,2
39,1,1,56,24,39_2_56,VD,0.3135419514273607,0.6864580485726393,4
39,1,1,58,25,39_2_58,CD,0.2591256740067439,0.7408743259932561,3
39,1,1,59,26,39_2_59,VD,0.364184760000582,0.635815239999418,4
39,1,1,60,27,39_2_60,CD,0.11413211230438584,0.8858678876956142,3
39,1,1,61,28,39_2_61,CD,0.1015297888324865,0.8984702111675135,3
39,1,1,62,29,39_2_62,CD,0.3116824667229363,0.6883175332770637,3
39,1,1,63,30,39_2_63,VD,0.23358743744173102,0.766412562558269,3
39,1,1,64,31,39_2_64,VD,0.39177560227291863,0.6082243977270814,3
39,1,2,66,33,39_3_66,VD,0.45276040185831673,0.5472395981416832,3
39,1,2,67,34,39_3_67,VD,0.4567761070236882,0.5432238929763118,3
39,1,2,68,35,39_3_68,CD,0.5165605514890546,0.48343944851094534,2
39,1,2,70,37,39_3_70,VD,0.5162409410360242,0.4837590589639757,2
39,1,2,71,38,39_3_71,CD,0.40506165195392896,0.594938348046071,3
39,1,2,72,39,39_3_72,CD,0.227740831616575,0.772259168383425,3
39,1,2,73,40,39_3_73,CD,0.11606820070888575,0.8839317992911142,4
39,1,2,74,41,39_3_74,VD,0.09732667033098268,0.9026733296690174,3
39,1,2,75,42,39_3_75,CD,0.3265665489929521,0.6734334510070479,4
39,1,2,76,43,39_3_76,CD,0.5237085661837642,0.47629143381623584,2
39,1,2,77,44,39_3_77,VD,0.12188729798554189,0.8781127020144581,3
39,1,2,79,46,39_3_79,CD,0.4047011761214002,0.5952988238785999,4
39,1,2,81,47,39_3_81,CD,0.1114518529909563,0.8885481470090436,3
39,1,2,84,50,39_3_84,VD,0.1111657305944961,0.8888342694055039,3
39,1,2,86,52,39_3_86,VD,0.3936871643086957,0.6063128356913043,3
39,1,2,87,53,39_3_87,VD,0.8217784582040595,0.17822154179594057,2
39,1,2,88,54,39_3_88,VD,0.17549122643571619,0.8245087735642839,2
39,1,2,89,55,39_3_89,CD,0.38310691817257025,0.6168930818274297,3
39,1,2,91,56,39_3_91,VD,0.07731532218681933,0.9226846778131806,2
39,1,2,93,57,39_3_93,CD,0.3500982779135633,0.6499017220864367,4
39,1,2,94,58,39_3_94,VD,0.5154134429736363,0.4845865570263636,2
39,1,2,95,59,39_3_95,VD,0.17326240234934384,0.8267375976506561,3
39,1,2,96,60,39_3_96,CD,0.2967268870689048,0.7032731129310952,4
39,1,3,97,61,39_4_97,VD,0.11261187026039092,0.8873881297396091,4
39,1,3,98,62,39_4_98,VD,0.33911953467829137,0.6608804653217086,4
39,1,3,99,63,39_4_99,CD,0.12297077804614566,0.8770292219538544,3
39,1,3,100,64,39_4_100,VD,0.24328058496090404,0.756719415039096,3
39,1,3,101,65,39_4_101,VD,0.9022526167680094,0.09774738323199071,2
39,1,3,102,66,39_4_102,CD,0.36834455550269213,0.6316554444973079,4
39,1,3,103,67,39_4_103,CD,0.10960255450456324,0.8903974454954368,4
39,1,3,104,68,39_4_104,CD,0.11979085563797803,0.880209144362022,3
39,1,3,105,69,39_4_105,VD,0.13110532226046206,0.868894677739538,3
39,1,3,106,70,39_4_106,CD,0.10918116621178856,0.8908188337882115,4
39,1,3,108,72,39_4_108,VD,0.12712334338968545,0.8728766566103145,3
39,1,3,109,73,39_4_109,CD,0.2604301493021195,0.7395698506978805,4
39,1,3,110,74,39_4_110,CD,0.10160933854833801,0.898390661451662,3
39,1,3,111,75,39_4_111,CD,0.3194085293172362,0.6805914706827638,4
39,1,3,112,76,39_4_112,VD,0.09845255669683899,0.901547443303161,4
39,1,3,113,77,39_4_113,VD,0.15705814623119868,0.8429418537688013,3
39,1,3,114,78,39_4_114,VD,0.10241024965011106,0.8975897503498889,4
39,1,3,115,79,39_4_115,CD,0.19940007114857106,0.8005999288514289,3
39,1,3,116,80,39_4_116,CD,0.3825495086256089,0.6174504913743911,3
39,1,3,118,81,39_4_118,CD,0.5048888859720897,0.4951111140279103,2
39,1,3,121,84,39_4_121,VD,0.091973554843823,0.908026445156177,3
39,1,3,122,85,39_4_122,CD,0.10298020071433082,0.8970197992856692,3
39,1,3,123,86,39_4_123,VD,0.12437954382431317,0.8756204561756868,3
39,1,3,124,87,39_4_124,CD,0.10024840225773268,0.8997515977422673,3
39,1,3,125,88,39_4_125,VD,0.5553961108308277,0.44460388916917226,2
39,1,3,126,89,39_4_126,CD,0.40059588193454787,0.599404118065452,2
39,1,3,127,90,39_4_127,CD,0.3843426186234615,0.6156573813765386,3
39,1,4,129,92,39_5_129,VD,0.12187646198758081,0.8781235380124192,4
39,1,4,130,93,39_5_130,VD,0.33660071784025525,0.6633992821597448,4
39,1,4,133,96,39_5_133,VD,0.3151086092205722,0.6848913907794278,4
39,1,4,135,97,39_5_135,CD,0.9999938443015297,6.155698470399613e-6,2
39,1,4,136,98,39_5_136,CD,0.3899662168249398,0.6100337831750602,3
39,1,4,137,99,39_5_137,VD,0.108276929532375,0.8917230704676249,3
39,1,4,138,100,39_5_138,CD,0.5064595090490065,0.49354049095099345,3
39,1,4,139,101,39_5_139,CD,0.38239433537335826,0.6176056646266418,3
39,1,4,140,102,39_5_140,VD,0.11277869446399938,0.8872213055360005,4
39,1,4,141,103,39_5_141,CD,0.4729320390168745,0.5270679609831255,3
39,1,4,142,104,39_5_142,CD,0.09378284734441313,0.9062171526555869,3
39,1,4,143,105,39_5_143,CD,0.10154947399762056,0.8984505260023794,3
39,1,4,145,107,39_5_145,CD,0.38620401501211166,0.6137959849878883,3
39,1,4,146,108,39_5_146,VD,0.12612994535837832,0.8738700546416217,3
39,1,4,147,109,39_5_147,VD,0.11042936208046562,0.8895706379195344,3
39,1,4,148,110,39_5_148,VD,0.2601389705744589,0.7398610294255411,3
39,1,4,149,111,39_5_149,CD,0.1089359480683888,0.8910640519316112,4
39,1,4,150,112,39_5_150,VD,0.07360053600312524,0.9263994639968748,2
39,1,4,151,113,39_5_151,CD,0.10157048697828619,0.8984295130217138,4
39,1,4,152,114,39_5_152,VD,0.37143406130445084,0.6285659386955492,3
39,1,4,154,116,39_5_154,CD,0.11397411926335496,0.886025880736645,4
39,1,4,155,117,39_5_155,CD,0.12843495567251725,0.8715650443274827,4
39,1,4,156,118,39_5_156,VD,0.09920253880400523,0.9007974611959948,4
39,1,4,157,119,39_5_157,VD,0.13082692449999364,0.8691730755000064,3
39,1,4,159,121,39_5_159,CD,0.2116679561879271,0.7883320438120729,3
39,1,4,160,122,39_5_160,CD,0.0829343814398267,0.9170656185601733,2
39,1,5,161,123,39_6_161,CD,0.4572241352384263,0.5427758647615738,3
39,1,5,162,124,39_6_162,VD,0.09670466483425913,0.9032953351657409,3
39,1,5,163,125,39_6_163,CD,0.4166547067756277,0.5833452932243722,3
39,1,5,164,126,39_6_164,VD,0.2068412047846348,0.7931587952153653,4
39,1,5,165,127,39_6_165,CD,0.5147005926764545,0.4852994073235455,2
39,1,5,166,128,39_6_166,VD,0.3878271237534213,0.6121728762465787,3
39,1,5,167,129,39_6_167,CD,0.45319475401182546,0.5468052459881746,3
39,1,5,168,130,39_6_168,VD,0.10384746015521909,0.8961525398447809,3
39,1,5,169,131,39_6_169,VD,0.10302865557849161,0.8969713444215084,3
39,1,5,170,132,39_6_170,VD,0.09365447450123254,0.9063455254987675,3
39,1,5,171,133,39_6_171,VD,0.14482621010738955,0.8551737898926104,3
39,1,5,173,135,39_6_173,CD,0.09417694679527094,0.9058230532047291,3
39,1,5,174,136,39_6_174,VD,0.5436102385671027,0.45638976143289733,2
39,1,5,175,137,39_6_175,VD,0.19012457009538875,0.8098754299046113,4
39,1,5,176,138,39_6_176,VD,0.31773616491374623,0.6822638350862538,4
39,1,5,177,139,39_6_177,VD,0.0942431611417134,0.9057568388582866,3
39,1,5,178,140,39_6_178,CD,0.3856965023598502,0.6143034976401497,3
39,1,5,179,141,39_6_179,CD,0.10381830718724736,0.8961816928127526,4
39,1,5,180,142,39_6_180,CD,0.12370044972911547,0.8762995502708845,3
39,1,5,181,143,39_6_181,VD,0.11062216592215418,0.8893778340778458,4
39,1,5,182,144,39_6_182,VD,0.39221566538621777,0.6077843346137822,3
39,1,5,183,145,39_6_183,CD,0.1480591180255211,0.8519408819744789,4
39,1,5,184,146,39_6_184,CD,0.11268479983999272,0.8873152001600073,3
39,1,5,185,147,39_6_185,VD,0.19906653103418015,0.8009334689658199,3
39,1,5,186,148,39_6_186,CD,0.33191819660394156,0.6680818033960585,3
39,1,5,187,149,39_6_187,VD,0.31712282070342973,0.6828771792965702,4
39,1,5,188,150,39_6_188,CD,0.11106272674511557,0.8889372732548844,3
39,1,5,189,151,39_6_189,CD,0.34610965869453325,0.6538903413054669,2
39,1,5,190,152,39_6_190,CD,0.10590066056181188,0.8940993394381882,2
39,1,5,192,154,39_6_192,VD,0.2672700395135711,0.7327299604864289,4
39,1,6,193,155,39_7_193,CD,0.11551898414071028,0.8844810158592897,4
39,1,6,194,156,39_7_194,VD,0.3848354021257031,0.6151645978742969,3
39,1,6,195,157,39_7_195,CD,0.5169029994153532,0.4830970005846468,2
39,1,6,196,158,39_7_196,CD,0.12914121404923193,0.870858785950768,4
39,1,6,198,160,39_7_198,VD,0.10685955594763263,0.8931404440523674,4
39,1,6,199,161,39_7_199,VD,0.09066547580729759,0.9093345241927023,3
39,1,6,200,162,39_7_200,CD,0.31439500473810256,0.6856049952618974,4
39,1,6,201,163,39_7_201,CD,0.11351546130757399,0.886484538692426,4
39,1,6,202,164,39_7_202,VD,0.39456839197871985,0.6054316080212802,3
39,1,6,203,165,39_7_203,VD,0.10702396176323203,0.892976038236768,4
39,1,6,204,166,39_7_204,VD,0.09884466325462268,0.9011553367453773,4
39,1,6,205,167,39_7_205,VD,0.10114754399111778,0.8988524560088822,4
39,1,6,206,168,39_7_206,CD,0.5161608595279391,0.48383914047206095,2
39,1,6,209,170,39_7_209,CD,0.09661950398132226,0.9033804960186778,3
39,1,6,210,171,39_7_210,VD,0.31294056455201896,0.6870594354479811,4
39,1,6,212,173,39_7_212,VD,0.11282741912875377,0.8871725808712463,3
39,1,6,213,174,39_7_213,CD,0.13008726984502,0.86991273015498,4
39,1,6,214,175,39_7_214,VD,0.1072594919809817,0.8927405080190183,4
39,1,6,215,176,39_7_215,CD,0.09462166007730213,0.9053783399226979,3
39,1,6,216,177,39_7_216,VD,0.09314024036662347,0.9068597596333765,3
39,1,6,217,178,39_7_217,CD,0.12761232754455984,0.8723876724554401,4
39,1,6,218,179,39_7_218,CD,0.28139071493459616,0.7186092850654039,5
39,1,6,219,180,39_7_219,CD,0.11227165783463434,0.8877283421653657,3
39,1,6,220,181,39_7_220,VD,0.399428129868286,0.600571870131714,3
39,1,6,221,182,39_7_221,VD,0.07414375852905883,0.9258562414709413,2
39,1,6,222,183,39_7_222,VD,0.5223043090334281,0.47769569096657194,2
39,1,6,223,184,39_7_223,CD,0.12437640001718944,0.8756235999828106,2
39,1,6,224,185,39_7_224,VD,0.28410755163366896,0.7158924483663311,3
39,1,7,226,187,39_8_226,VD,0.2117213514761026,0.7882786485238974,4
39,1,7,227,188,39_8_227,VD,0.13494536757367254,0.8650546324263274,4
39,1,7,230,191,39_8_230,CD,0.1954492086965713,0.8045507913034287,3
39,1,7,231,192,39_8_231,VD,0.13011692862397645,0.8698830713760236,3
39,1,7,232,193,39_8_232,CD,0.3115928585163039,0.6884071414836961,4
39,1,7,233,194,39_8_233,VD,0.09984444636733056,0.9001555536326694,3
39,1,7,234,195,39_8_234,CD,0.10315023219439219,0.8968497678056078,4
39,1,7,235,196,39_8_235,CD,0.5139463903499893,0.4860536096500106,2
39,1,7,236,197,39_8_236,CD,0.11839752837266401,0.881602471627336,4
39,1,7,237,198,39_8_237,VD,0.3877790894937724,0.6122209105062276,3
39,1,7,238,199,39_8_238,CD,0.20250246182413376,0.7974975381758662,3
39,1,7,239,200,39_8_239,CD,0.10492068822310047,0.8950793117768996,3
39,1,7,240,201,39_8_240,CD,0.09419730883466232,0.9058026911653377,3
39,1,7,241,202,39_8_241,CD,0.3930461290545919,0.6069538709454081,3
39,1,7,243,204,39_8_243,CD,0.3219656713821516,0.6780343286178484,4
39,1,7,244,205,39_8_244,CD,0.16575923867349993,0.8342407613265,3
39,1,7,245,206,39_8_245,VD,0.3920062846781739,0.6079937153218261,4
39,1,7,246,207,39_8_246,VD,0.3835786937430822,0.6164213062569179,2
39,1,7,247,208,39_8_247,VD,0.38900315194805274,0.6109968480519472,3
39,1,7,248,209,39_8_248,VD,0.31645200316822064,0.6835479968317792,4
39,1,7,249,210,39_8_249,VD,0.13823631556881713,0.8617636844311828,3
39,1,7,250,211,39_8_250,CD,0.08260937748144344,0.9173906225185566,2
39,1,7,251,212,39_8_251,CD,0.14073945570766638,0.8592605442923336,3
39,1,7,252,213,39_8_252,CD,0.11551798396888435,0.8844820160311158,2
39,1,7,253,214,39_8_253,VD,0.1194630368469132,0.8805369631530868,2
39,1,7,254,215,39_8_254,VD,0.15872378569263884,0.8412762143073611,4
39,1,7,255,216,39_8_255,VD,0.10723356227901205,0.892766437720988,3
39,1,7,256,217,39_8_256,CD,0.41542307655665567,0.5845769234433443,3
39,1,8,257,218,39_9_257,CD,0.10977794692948066,0.8902220530705194,3
39,1,8,258,219,39_9_258,VD,0.11321995506808637,0.8867800449319136,4
39,1,8,259,220,39_9_259,CD,0.40267258615790574,0.5973274138420943,3
39,1,8,260,221,39_9_260,VD,0.5084864712825284,0.49151352871747156,5
39,1,8,261,222,39_9_261,CD,0.09511194955412944,0.9048880504458706,3
39,1,8,262,223,39_9_262,VD,0.09109623097743558,0.9089037690225644,3
39,1,8,263,224,39_9_263,VD,0.08548592792241728,0.9145140720775827,2
39,1,8,264,225,39_9_264,VD,0.09418203119686132,0.9058179688031387,3
39,1,8,265,226,39_9_265,VD,0.23355328959637953,0.7664467104036204,3
39,1,8,266,227,39_9_266,CD,0.24850858847233614,0.7514914115276639,5
39,1,8,267,228,39_9_267,CD,0.11193041195855592,0.8880695880414441,3
39,1,8,268,229,39_9_268,CD,0.18252445570477596,0.8174755442952241,4
39,1,8,269,230,39_9_269,CD,0.33172738925049644,0.6682726107495035,3
39,1,8,270,231,39_9_270,CD,0.3272092669390366,0.6727907330609634,4
39,1,8,271,232,39_9_271,VD,0.37537818146777213,0.6246218185322279,4
39,1,8,272,233,39_9_272,VD,0.07705215100098235,0.9229478489990177,2
39,1,8,274,234,39_9_274,CD,0.08668906437499038,0.9133109356250095,2
39,1,8,275,235,39_9_275,CD,0.39519550174027257,0.6048044982597274,3
39,1,8,276,236,39_9_276,CD,0.2951187099959926,0.7048812900040075,5
39,1,8,278,238,39_9_278,VD,0.6787841566945476,0.3212158433054524,3
39,1,8,279,239,39_9_279,CD,0.42926781629987987,0.5707321837001201,5
39,1,8,281,241,39_9_281,VD,0.3174536845638735,0.6825463154361264,3
39,1,8,282,242,39_9_282,CD,0.09971271794412562,0.9002872820558744,4
39,1,8,283,243,39_9_283,CD,0.1206204921026736,0.8793795078973263,4
39,1,8,284,244,39_9_284,VD,0.3182954673511259,0.6817045326488741,4
39,1,8,285,245,39_9_285,VD,0.10604260738535395,0.893957392614646,4
39,1,8,287,247,39_9_287,VD,0.12637342304645366,0.8736265769535464,4
39,1,8,288,248,39_9_288,VD,0.09988553519892113,0.9001144648010788,4
41,1,1,33,1,41_2_33,VD,0.12331416608614244,0.8766858339138576,4
41,1,1,36,3,41_2_36,CD,0.20772382286950697,0.792276177130493,4
41,1,1,38,4,41_2_38,CD,0.3909856496180609,0.6090143503819391,3
41,1,1,39,5,41_2_39,CD,0.1586270530246181,0.8413729469753819,3
41,1,1,40,6,41_2_40,CD,0.24831092827355805,0.751689071726442,3
41,1,1,41,7,41_2_41,VD,0.1427051515708116,0.8572948484291885,4
41,1,1,42,8,41_2_42,CD,0.389549349152088,0.610450650847912,3
41,1,1,43,9,41_2_43,VD,0.9162623212140368,0.08373767878596305,2
41,1,1,45,10,41_2_45,VD,0.30659320960705855,0.6934067903929415,3
41,1,1,46,11,41_2_46,VD,0.4455469504031728,0.5544530495968272,4
41,1,1,47,12,41_2_47,CD,0.2642193311865721,0.7357806688134279,4
41,1,1,48,13,41_2_48,VD,0.11199708681784473,0.8880029131821553,3
41,1,1,49,14,41_2_49,VD,0.5148926477333505,0.48510735226664947,2
41,1,1,51,15,41_2_51,CD,0.14760744659064143,0.8523925534093586,3
41,1,1,52,16,41_2_52,VD,0.15472015167383465,0.8452798483261654,4
41,1,1,55,19,41_2_55,CD,0.5184245270165734,0.48157547298342657,2
41,1,1,56,20,41_2_56,CD,0.33214642082976614,0.6678535791702339,4
41,1,1,57,21,41_2_57,CD,0.1666537520326701,0.8333462479673299,4
41,1,1,58,22,41_2_58,VD,0.11014973473969508,0.8898502652603049,4
41,1,1,60,24,41_2_60,CD,0.2317236837377825,0.7682763162622175,3
41,1,1,61,25,41_2_61,VD,0.36590564752881055,0.6340943524711894,3
41,1,1,62,26,41_2_62,CD,0.17225686192217587,0.8277431380778242,4
41,1,1,63,27,41_2_63,CD,0.38751926469113845,0.6124807353088616,3
41,1,1,64,28,41_2_64,VD,0.38569759117071906,0.614302408829281,3
41,1,2,66,30,41_3_66,CD,0.3946612604674046,0.6053387395325954,3
41,1,2,69,32,41_3_69,CD,0.27261580903800925,0.7273841909619908,3
41,1,2,71,33,41_3_71,CD,0.13944900414380007,0.8605509958562,3
41,1,2,72,34,41_3_72,VD,0.1471308479444434,0.8528691520555566,3
41,1,2,73,35,41_3_73,CD,0.14654242806200266,0.8534575719379973,4
41,1,2,74,36,41_3_74,CD,0.3724653152725835,0.6275346847274165,4
41,1,2,75,37,41_3_75,CD,0.13617525701581007,0.8638247429841899,3
41,1,2,80,40,41_3_80,CD,0.238245449961264,0.761754550038736,4
41,1,2,81,41,41_3_81,CD,0.5371171904781887,0.4628828095218112,4
41,1,2,82,42,41_3_82,VD,0.15428037183245308,0.8457196281675469,3
41,1,2,84,44,41_3_84,VD,0.26074960635145517,0.7392503936485448,3
41,1,2,85,45,41_3_85,VD,0.30868323335227676,0.6913167666477232,3
41,1,2,86,46,41_3_86,CD,0.15646703799076153,0.8435329620092384,4
41,1,2,87,47,41_3_87,VD,0.3272649761490707,0.6727350238509293,4
41,1,2,88,48,41_3_88,CD,0.10687367649740252,0.8931263235025975,3
41,1,2,89,49,41_3_89,CD,0.11133350012223948,0.8886664998777605,3
41,1,2,90,50,41_3_90,CD,0.3204061468281638,0.6795938531718362,4
41,1,2,91,51,41_3_91,VD,0.10568408985031626,0.8943159101496838,3
41,1,2,92,52,41_3_92,VD,0.5154134429736363,0.4845865570263636,2
41,1,2,93,53,41_3_93,CD,0.6245156593575258,0.3754843406424741,2
41,1,2,94,54,41_3_94,VD,0.16375378680579133,0.8362462131942087,4
41,1,2,95,55,41_3_95,VD,0.5151798071594968,0.4848201928405031,2
41,1,2,96,56,41_3_96,VD,0.2918383617565319,0.7081616382434681,4
41,1,3,97,57,41_4_97,CD,0.3545816046465857,0.6454183953534143,4
41,1,3,98,58,41_4_98,VD,0.5194789216827469,0.48052107831725305,2
41,1,3,99,59,41_4_99,VD,0.1673009306994272,0.8326990693005728,4
41,1,3,100,60,41_4_100,VD,0.30961299163018885,0.6903870083698112,4
41,1,3,101,61,41_4_101,VD,0.1031772411254611,0.896822758874539,3
41,1,3,102,62,41_4_102,VD,0.11677198353469712,0.8832280164653029,4
41,1,3,103,63,41_4_103,CD,0.177665543962898,0.822334456037102,3
41,1,3,104,64,41_4_104,CD,0.5155905458570302,0.48440945414296976,2
41,1,3,106,66,41_4_106,VD,0.12268167854089379,0.8773183214591063,4
41,1,3,107,67,41_4_107,VD,0.36270576653986997,0.63729423346013,4
41,1,3,108,68,41_4_108,CD,0.25100511707188095,0.748994882928119,4
41,1,3,109,69,41_4_109,CD,0.1720310411694729,0.8279689588305271,3
41,1,3,110,70,41_4_110,CD,0.237750137914853,0.7622498620851469,3
41,1,3,111,71,41_4_111,CD,0.11628757094982096,0.8837124290501791,4
41,1,3,112,72,41_4_112,CD,0.11415299412021004,0.8858470058797899,4
41,1,3,113,73,41_4_113,CD,0.37684983103836545,0.6231501689616346,4
41,1,3,114,74,41_4_114,VD,0.26722274218463027,0.7327772578153697,4
41,1,3,115,75,41_4_115,VD,0.3221586528562718,0.6778413471437282,4
41,1,3,116,76,41_4_116,CD,0.2104168383529351,0.789583161647065,4
41,1,3,117,77,41_4_117,VD,0.19868718296149968,0.8013128170385003,3
41,1,3,118,78,41_4_118,VD,0.39739076416989527,0.6026092358301047,4
41,1,3,121,81,41_4_121,CD,0.18086753522688753,0.8191324647731124,4
41,1,3,122,82,41_4_122,VD,0.270213964835415,0.7297860351645851,5
41,1,3,123,83,41_4_123,VD,0.23192371016453725,0.7680762898354627,4
41,1,3,124,84,41_4_124,CD,0.38341036984387084,0.6165896301561291,3
41,1,3,125,85,41_4_125,CD,0.6820296984441203,0.3179703015558797,3
41,1,3,126,86,41_4_126,CD,0.09098052972479877,0.9090194702752012,3
41,1,3,127,87,41_4_127,VD,0.1002236185611032,0.8997763814388968,4
41,1,3,128,88,41_4_128,CD,0.4369175401560848,0.5630824598439151,5
41,1,4,129,89,41_5_129,CD,0.1601259947084384,0.8398740052915616,3
41,1,4,130,90,41_5_130,VD,0.09792952118670824,0.9020704788132918,4
41,1,4,131,91,41_5_131,VD,0.12364399688386132,0.8763560031161387,4
41,1,4,132,92,41_5_132,VD,0.38396851591688796,0.6160314840831121,3
41,1,4,133,93,41_5_133,VD,0.5276052408808953,0.4723947591191047,2
41,1,4,134,94,41_5_134,VD,0.14940395194879524,0.8505960480512048,4
41,1,4,135,95,41_5_135,CD,0.3859933739645749,0.6140066260354251,3
41,1,4,136,96,41_5_136,CD,0.12821396746013156,0.8717860325398684,4
41,1,4,137,97,41_5_137,CD,0.6646477355021849,0.3353522644978151,3
41,1,4,138,98,41_5_138,VD,0.10693278724862953,0.8930672127513706,4
41,1,4,140,100,41_5_140,CD,0.38448846139761744,0.6155115386023826,3
41,1,4,142,102,41_5_142,VD,0.16538098791532035,0.8346190120846797,4
41,1,4,143,103,41_5_143,CD,0.5145284173108647,0.48547158268913526,2
41,1,4,144,104,41_5_144,CD,0.15200987224781717,0.8479901277521829,4
41,1,4,145,105,41_5_145,VD,0.5140328213632861,0.48596717863671385,2
41,1,4,146,106,41_5_146,VD,0.952475836624638,0.04752416337536205,2
41,1,4,147,107,41_5_147,CD,0.3287819763332396,0.6712180236667604,4
41,1,4,149,108,41_5_149,VD,0.10641182698696554,0.8935881730130344,4
41,1,4,150,109,41_5_150,CD,0.44981596127794987,0.55018403872205,5
41,1,4,152,110,41_5_152,CD,0.3823067706103027,0.6176932293896973,3
41,1,4,153,111,41_5_153,VD,0.39366830510913065,0.6063316948908694,3
41,1,4,154,112,41_5_154,VD,0.110526928694128,0.8894730713058719,4
41,1,4,155,113,41_5_155,CD,0.27770011627260643,0.7222998837273936,5
41,1,4,156,114,41_5_156,CD,0.3168071585781599,0.68319284142184,4
41,1,4,158,116,41_5_158,CD,0.11942096815049504,0.8805790318495049,4
41,1,4,159,117,41_5_159,VD,0.08799073893484338,0.9120092610651567,2
41,1,5,161,119,41_6_161,VD,0.2207061707242401,0.7792938292757599,4
41,1,5,162,120,41_6_162,VD,0.5143464270730403,0.4856535729269597,2
41,1,5,164,122,41_6_164,CD,0.15903196290890292,0.840968037091097,4
41,1,5,165,123,41_6_165,CD,0.22536804325021842,0.7746319567497816,4
41,1,5,166,124,41_6_166,CD,0.2969724031016156,0.7030275968983843,5
41,1,5,168,126,41_6_168,CD,0.5145284173108647,0.48547158268913526,2
41,1,5,169,127,41_6_169,VD,0.22560464949662148,0.7743953505033785,4
41,1,5,170,128,41_6_170,CD,0.3826644245152868,0.6173355754847132,3
41,1,5,173,130,41_6_173,VD,0.1079571998093187,0.8920428001906813,3
41,1,5,174,131,41_6_174,VD,0.11346944112471626,0.8865305588752838,3
41,1,5,175,132,41_6_175,VD,0.09786678595661777,0.9021332140433823,4
41,1,5,178,135,41_6_178,VD,0.32740009267691766,0.6725999073230824,4
41,1,5,179,136,41_6_179,CD,0.16241497390453408,0.8375850260954659,3
41,1,5,180,137,41_6_180,CD,0.24537986641041526,0.7546201335895847,4
41,1,5,181,138,41_6_181,VD,0.5143140658479859,0.4856859341520141,2
41,1,5,182,139,41_6_182,CD,0.27403297655686476,0.7259670234431352,4
41,1,5,183,140,41_6_183,VD,0.1149360017881605,0.8850639982118396,4
41,1,5,184,141,41_6_184,CD,0.10975799489469211,0.8902420051053079,3
41,1,5,185,142,41_6_185,CD,0.10004419779803814,0.8999558022019618,4
41,1,5,186,143,41_6_186,CD,0.5180743235472342,0.4819256764527659,2
41,1,5,187,144,41_6_187,VD,0.20002763455917105,0.7999723654408291,4
41,1,5,188,145,41_6_188,VD,0.32573538211384706,0.6742646178861529,4
41,1,5,189,146,41_6_189,VD,0.3885239812286202,0.6114760187713797,3
41,1,5,190,147,41_6_190,CD,0.3838850583130747,0.6161149416869254,3
41,1,5,191,148,41_6_191,VD,0.38543989033483705,0.614560109665163,3
41,1,5,192,149,41_6_192,CD,0.10564196733809271,0.8943580326619073,3
41,1,6,193,150,41_7_193,VD,0.2606407248124401,0.7393592751875598,4
41,1,6,194,151,41_7_194,CD,0.5041795180992769,0.49582048190072314,5
41,1,6,195,152,41_7_195,VD,0.30898350303704414,0.6910164969629559,4
41,1,6,196,153,41_7_196,VD,0.11261680857363984,0.8873831914263601,4
41,1,6,197,154,41_7_197,VD,0.4542840249084242,0.5457159750915758,5
41,1,6,198,155,41_7_198,VD,0.3829204382173626,0.6170795617826375,3
41,1,6,199,156,41_7_199,CD,0.13840442383449159,0.8615955761655084,4
41,1,6,200,157,41_7_200,VD,0.5149142303259509,0.4850857696740492,2
41,1,6,201,158,41_7_201,CD,0.38295578153825127,0.6170442184617487,3
41,1,6,202,159,41_7_202,CD,0.5145053708702474,0.48549462912975266,2
41,1,6,204,161,41_7_204,CD,0.25728727268185425,0.7427127273181457,4
41,1,6,205,162,41_7_205,VD,0.13576270173550936,0.8642372982644906,4
41,1,6,206,163,41_7_206,CD,0.12509439159815208,0.8749056084018478,4
41,1,6,207,164,41_7_207,CD,0.10001982339239386,0.8999801766076061,4
41,1,6,208,165,41_7_208,VD,0.1066984153745024,0.8933015846254977,4
41,1,6,209,166,41_7_209,VD,0.38418876535108315,0.6158112346489168,3
41,1,6,210,167,41_7_210,VD,0.5150933647198388,0.48490663528016115,2
41,1,6,211,168,41_7_211,VD,0.23925968509260453,0.7607403149073955,4
41,1,6,212,169,41_7_212,VD,0.11016378984365083,0.8898362101563492,3
41,1,6,213,170,41_7_213,VD,0.4021548087325591,0.5978451912674408,3
41,1,6,214,171,41_7_214,VD,0.13047137194544067,0.8695286280545593,4
41,1,6,216,173,41_7_216,CD,0.34822620230380774,0.6517737976961923,3
41,1,6,217,174,41_7_217,CD,0.10501295405327948,0.8949870459467204,4
41,1,6,218,175,41_7_218,CD,0.1049169790745916,0.8950830209254084,4
41,1,6,219,176,41_7_219,CD,0.12682113979337034,0.8731788602066296,4
41,1,6,220,177,41_7_220,CD,0.29268053780711256,0.7073194621928875,4
41,1,6,221,178,41_7_221,CD,0.39566994040034603,0.604330059599654,4
41,1,6,224,181,41_7_224,CD,0.5189832662897024,0.4810167337102976,2
41,1,7,225,182,41_8_225,VD,0.09771875445159445,0.9022812455484055,4
41,1,7,226,183,41_8_226,VD,0.1013238005983902,0.8986761994016098,4
41,1,7,227,184,41_8_227,VD,0.10807931559243544,0.8919206844075646,4
41,1,7,228,185,41_8_228,CD,0.5151798071594968,0.4848201928405031,2
41,1,7,229,186,41_8_229,CD,0.22623321867594087,0.7737667813240592,4
41,1,7,230,187,41_8_230,VD,0.10154627054566619,0.8984537294543339,4
41,1,7,232,188,41_8_232,CD,0.10010090356417452,0.8998990964358256,4
41,1,7,233,189,41_8_233,CD,0.2045176686112516,0.7954823313887484,4
41,1,7,235,191,41_8_235,CD,0.28828325734604976,0.7117167426539502,5
41,1,7,236,192,41_8_236,VD,0.4554891455547562,0.5445108544452437,3
41,1,7,237,193,41_8_237,CD,0.3868883128000916,0.6131116871999084,3
41,1,7,238,194,41_8_238,VD,0.513877298348289,0.48612270165171106,2
41,1,7,239,195,41_8_239,VD,0.17874383616984627,0.8212561638301538,5
41,1,7,240,196,41_8_240,VD,0.10557605438149037,0.8944239456185096,4
41,1,7,241,197,41_8_241,VD,0.15893635969648023,0.8410636403035198,3
41,1,7,242,198,41_8_242,CD,0.119436526301775,0.880563473698225,3
41,1,7,243,199,41_8_243,CD,0.3826056812826296,0.6173943187173704,4
41,1,7,244,200,41_8_244,VD,0.2204129524313107,0.7795870475686892,4
41,1,7,245,201,41_8_245,VD,0.10014022332878852,0.8998597766712115,4
41,1,7,246,202,41_8_246,VD,0.5141301019086996,0.48586989809130043,2
41,1,7,248,204,41_8_248,CD,0.5139764394798829,0.486023560520117,2
41,1,7,251,207,41_8_251,CD,0.1037978361533077,0.8962021638466923,4
41,1,7,252,208,41_8_252,VD,0.29854943635189096,0.701450563648109,3
41,1,7,253,209,41_8_253,CD,0.39696448516315574,0.6030355148368443,3
41,1,7,254,210,41_8_254,CD,0.21926501409560922,0.7807349859043907,2
41,1,7,255,211,41_8_255,CD,0.09037689184493397,0.909623108155066,3
41,1,7,256,212,41_8_256,CD,0.5646550830371215,0.4353449169628784,2
41,1,8,257,213,41_9_257,VD,0.14375156833788522,0.8562484316621148,4
41,1,8,258,214,41_9_258,VD,0.10349555337616649,0.8965044466238334,4
41,1,8,259,215,41_9_259,VD,0.387245992052916,0.612754007947084,3
41,1,8,260,216,41_9_260,CD,0.08979107464292506,0.910208925357075,3
41,1,8,261,217,41_9_261,VD,0.38411495180147937,0.6158850481985206,3
41,1,8,263,219,41_9_263,VD,0.5144474797559201,0.48555252024407997,2
41,1,8,264,220,41_9_264,CD,0.38238784642976614,0.6176121535702338,3
41,1,8,265,221,41_9_265,VD,0.12588153265518082,0.8741184673448192,4
41,1,8,266,222,41_9_266,CD,0.10493685644114324,0.8950631435588567,4
41,1,8,268,224,41_9_268,CD,0.10172073882688748,0.8982792611731125,4
41,1,8,269,225,41_9_269,VD,0.09712518631481465,0.9028748136851854,4
41,1,8,270,226,41_9_270,CD,0.4074808281093104,0.5925191718906896,5
41,1,8,271,227,41_9_271,VD,0.11720411011060845,0.8827958898893915,4
41,1,8,272,228,41_9_272,CD,0.11338534643301974,0.8866146535669803,4
41,1,8,273,229,41_9_273,CD,0.1627807657090064,0.8372192342909935,4
41,1,8,274,230,41_9_274,VD,0.5151683223299425,0.4848316776700575,2
41,1,8,275,231,41_9_275,VD,0.23281933701060256,0.7671806629893975,4
41,1,8,276,232,41_9_276,CD,0.099077969592644,0.900922030407356,4
41,1,8,277,233,41_9_277,CD,0.3227945157582559,0.6772054842417441,4
41,1,8,278,234,41_9_278,CD,0.5142432057171187,0.48575679428288143,2
41,1,8,279,235,41_9_279,CD,0.3879445010382573,0.6120554989617428,3
41,1,8,280,236,41_9_280,CD,0.32075290798477685,0.6792470920152232,4
41,1,8,281,237,41_9_281,VD,0.09402143937175045,0.9059785606282496,3
41,1,8,282,238,41_9_282,VD,0.3190136722024023,0.6809863277975977,4
41,1,8,283,239,41_9_283,VD,0.2011445494108916,0.7988554505891085,3
41,1,8,284,240,41_9_284,VD,0.3195144513530984,0.6804855486469016,4
41,1,8,285,241,41_9_285,CD,0.2958364612051863,0.7041635387948136,5
41,1,8,287,243,41_9_287,CD,0.5145284173108647,0.48547158268913526,2
43,1,1,33,1,43_2_33,CD,0.36346545980286293,0.6365345401971372,4
43,1,1,35,2,43_2_35,VD,0.3604554247598447,0.6395445752401553,5
43,1,1,38,4,43_2_38,CD,0.3520380379538651,0.6479619620461349,3
43,1,1,41,6,43_2_41,VD,0.2765202580458878,0.7234797419541121,4
43,1,1,42,7,43_2_42,VD,0.20912963544554974,0.7908703645544504,4
43,1,1,43,8,43_2_43,CD,0.22660305212701218,0.77339694787298785,4
43,1,1,44,9,43_2_44,CD,0.5149666392968578,0.4850333607031422,2
43,1,1,45,10,43_2_45,CD,0.3319908377627082,0.6680091622372918,4
43,1,1,47,11,43_2_47,VD,0.4390078813710555,0.5609921186289446,4
43,1,1,48,12,43_2_48,VD,0.6140913846898901,0.3859086153101099,4
43,1,1,49,13,43_2_49,CD,0.45204553548638604,0.547954464513614,5
43,1,1,50,14,43_2_50,CD,0.407669582756019,0.59233041724398094,4
43,1,1,51,15,43_2_51,CD,0.3261026094302302,0.6738973905697698,4
43,1,1,52,16,43_2_52,VD,0.4374809265586265,0.5625190734413735,3
43,1,1,53,17,43_2_53,VD,0.5368106255345968,0.46318937446540315,5
43,1,1,54,18,43_2_54,CD,0.7883713206195394,0.21162867938046065,4
43,1,1,56,20,43_2_56,VD,0.7398948071370293,0.26010519286297074,3
43,1,1,57,21,43_2_57,VD,0.3469168164433113,0.6530831835566887,5
43,1,1,58,22,43_2_58,CD,0.5160811924177182,0.48391880758228184,2
43,1,1,59,23,43_2_59,VD,0.5222605556276195,0.47773944437238053,2
43,1,1,60,24,43_2_60,CD,0.4053561378097452,0.5946438621902549,5
43,1,1,61,25,43_2_61,VD,0.2446227061578248,0.7553772938421752,4
43,1,1,62,26,43_2_62,VD,0.16683611732440312,0.8331638826755968,4
43,1,1,63,27,43_2_63,CD,0.23832685589310731,0.7616731441068927,4
43,1,2,66,29,43_3_66,CD,0.5431310381365596,0.4568689618634404,4
43,1,2,67,30,43_3_67,VD,0.3569185446608067,0.6430814553391933,4
43,1,2,68,31,43_3_68,CD,0.24353250070673374,0.7564674992932663,4
43,1,2,70,33,43_3_70,CD,0.388995813839072,0.611004186160928,4
43,1,2,72,34,43_3_72,VD,0.39623605845615095,0.6037639415438492,3
43,1,2,73,35,43_3_73,CD,0.5344670258891282,0.4655329741108718,4
43,1,2,74,36,43_3_74,VD,0.4721843900111565,0.5278156099888436,5
43,1,2,76,38,43_3_76,VD,0.4975780423063262,0.5024219576936737,5
43,1,2,77,39,43_3_77,VD,0.12273273205301641,0.8772672679469836,4
43,1,2,78,40,43_3_78,CD,0.48894414014770526,0.5110558598522947,3
43,1,2,79,41,43_3_79,VD,0.30383750345024024,0.6961624965497598,5
43,1,2,80,42,43_3_80,CD,0.26489081055889596,0.735109189441104,4
43,1,2,81,43,43_3_81,CD,0.39075369111660924,0.6092463088833908,5
43,1,2,82,44,43_3_82,CD,0.23342508564496064,0.7665749143550393,4
43,1,2,83,45,43_3_83,CD,0.2825238910907948,0.7174761089092052,4
43,1,2,84,46,43_3_84,VD,0.19803565350787328,0.8019643464921268,3
43,1,2,86,48,43_3_86,CD,0.11427092763834595,0.8857290723616541,3
43,1,2,88,49,43_3_88,VD,0.5237798374445153,0.47622016255548477,4
43,1,2,89,50,43_3_89,VD,0.27198358191199967,0.7280164180880002,4
43,1,2,90,51,43_3_90,VD,0.41953014964214624,0.5804698503578538,6
43,1,2,92,52,43_3_92,VD,0.5828708261238496,0.41712917387615045,2
43,1,2,93,53,43_3_93,VD,0.5191988967571305,0.4808011032428695,3
43,1,2,94,54,43_3_94,CD,0.5139072028708299,0.4860927971291701,2
43,1,2,95,55,43_3_95,VD,0.17573800952843524,0.8242619904715648,4
43,1,2,96,56,43_3_96,CD,0.500890660945184,0.499109339054816,4
43,1,3,97,57,43_4_97,VD,0.4154939327003554,0.5845060672996446,3
43,1,3,98,58,43_4_98,VD,0.3573190651923296,0.6426809348076704,4
43,1,3,99,59,43_4_99,VD,0.4830811817347769,0.5169188182652231,5
43,1,3,100,60,43_4_100,VD,0.4256544664598163,0.5743455335401837,5
43,1,3,103,63,43_4_103,VD,0.38315404726991836,0.6168459527300816,3
43,1,3,104,64,43_4_104,CD,0.5380690338030462,0.4619309661969538,4
43,1,3,105,65,43_4_105,CD,0.46252483787933385,0.53747516212066615,5
43,1,3,106,66,43_4_106,CD,0.4399982188027838,0.5600017811972162,5
43,1,3,107,67,43_4_107,CD,0.2544239535598193,0.7455760464401807,4
43,1,3,109,69,43_4_109,VD,0.18896085224666267,0.8110391477533373,3
43,1,3,110,70,43_4_110,VD,0.4832799612923846,0.5167200387076154,5
43,1,3,111,71,43_4_111,VD,0.4389636307722163,0.5610363692277837,5
43,1,3,112,72,43_4_112,CD,0.35980294900015125,0.6401970509998488,4
43,1,3,114,74,43_4_114,CD,0.5106627532058228,0.48933724679417717,5
43,1,3,116,75,43_4_116,VD,0.25264121170477805,0.747358788295222,4
43,1,3,117,76,43_4_117,CD,0.5180700328528033,0.4819299671471967,2
43,1,3,118,77,43_4_118,VD,0.3099437799781797,0.6900562200218203,4
43,1,3,119,78,43_4_119,CD,0.12121848317768501,0.878781516822315,3
43,1,3,120,79,43_4_120,VD,0.10232708435174546,0.8976729156482545,4
43,1,3,121,80,43_4_121,CD,0.22635560697509566,0.7736443930249044,5
43,1,3,122,81,43_4_122,CD,0.31924137360222316,0.6807586263977768,4
43,1,3,124,83,43_4_124,VD,0.5180700328528033,0.4819299671471967,2
43,1,3,125,84,43_4_125,CD,0.38864180292748385,0.6113581970725162,3
43,1,3,126,85,43_4_126,CD,0.43944099677787857,0.5605590032221214,4
43,1,3,127,86,43_4_127,VD,0.5141109604134417,0.48588903958655827,2
43,1,3,128,87,43_4_128,VD,0.4032122790201673,0.5967877209798327,4
43,1,4,129,88,43_5_129,CD,0.29928749096251406,0.7007125090374859,4
43,1,4,130,89,43_5_130,VD,0.5161608923392826,0.48383910766071736,2
43,1,4,131,90,43_5_131,CD,0.38691959687967686,0.6130804031203232,3
43,1,4,133,92,43_5_133,VD,0.3055616974193238,0.6944383025806762,4
43,1,4,135,94,43_5_135,VD,0.3212959127634606,0.6787040872365394,4
43,1,4,136,95,43_5_136,VD,0.10331811777482947,0.8966818822251705,4
43,1,4,137,96,43_5_137,CD,0.35378839624008684,0.6462116037599132,4
43,1,4,138,97,43_5_138,VD,0.324239245112921,0.675760754887079,4
43,1,4,139,98,43_5_139,VD,0.5142432057171187,0.48575679428288143,2
43,1,4,140,99,43_5_140,CD,0.3862915785319214,0.6137084214680786,3
43,1,4,141,100,43_5_141,VD,0.47395206154448316,0.5260479384555169,5
43,1,4,142,101,43_5_142,VD,0.384021793417229,0.615978206582771,3
43,1,4,143,102,43_5_143,VD,0.517573493272362,0.4824265067276379,2
43,1,4,144,103,43_5_144,CD,0.5215910805374134,0.47840891946258657,5
43,1,4,145,104,43_5_145,CD,0.5643471703100308,0.4356528296899692,6
43,1,4,146,105,43_5_146,VD,0.5438733374297411,0.45612666257025886,6
43,1,4,148,106,43_5_148,CD,0.7458853008430796,0.2541146991569205,3
43,1,4,149,107,43_5_149,CD,0.40708100190058777,0.5929189980994123,3
43,1,4,150,108,43_5_150,CD,0.3059468988986048,0.6940531011013952,4
43,1,4,151,109,43_5_151,CD,0.29002296523441956,0.7099770347655805,5
43,1,4,152,110,43_5_152,VD,0.5409598110062916,0.4590401889937084,5
43,1,4,153,111,43_5_153,CD,0.533310242539107,0.466689757460893,2
43,1,4,154,112,43_5_154,VD,0.4549468246305525,0.5450531753694475,5
43,1,4,155,113,43_5_155,CD,0.5199508919072935,0.48004910809270646,5
43,1,4,157,115,43_5_157,VD,0.49974514835628087,0.5002548516437191,3
43,1,4,158,116,43_5_158,CD,0.3544319361271367,0.6455680638728634,5
43,1,4,159,117,43_5_159,VD,0.10253529832145167,0.8974647016785483,3
43,1,4,160,118,43_5_160,VD,0.3731958607903505,0.6268041392096495,4
43,1,5,161,119,43_6_161,VD,0.6378853147667791,0.36211468523322093,5
43,1,5,162,120,43_6_162,VD,0.46375309919170615,0.5362469008082938,5
43,1,5,163,121,43_6_163,VD,0.4544049956193477,0.5455950043806522,5
43,1,5,164,122,43_6_164,VD,0.31605546521881833,0.6839445347811817,4
43,1,5,165,123,43_6_165,VD,0.10923057968793715,0.8907694203120629,3
43,1,5,167,125,43_6_167,CD,0.4659267091911745,0.5340732908088255,5
43,1,5,169,126,43_6_169,CD,0.7273266514104206,0.2726733485895794,3
43,1,5,171,127,43_6_171,CD,0.2872841328755413,0.7127158671244587,4
43,1,5,172,128,43_6_172,CD,0.5042070772771817,0.4957929227228183,4
43,1,5,174,130,43_6_174,VD,0.5157102354652742,0.48428976453472583,5
43,1,5,175,131,43_6_175,VD,0.6576131966026433,0.3423868033973567,3
43,1,5,176,132,43_6_176,VD,0.4629315387811139,0.5370684612188861,5
43,1,5,178,134,43_6_178,CD,0.32008695880228766,0.6799130411977123,4
43,1,5,179,135,43_6_179,CD,0.47680027386290263,0.5231997261370973,5
43,1,5,180,136,43_6_180,CD,0.4171318616395361,0.5828681383604639,5
43,1,5,181,137,43_6_181,VD,0.5265240011187934,0.47347599888120656,4
43,1,5,182,138,43_6_182,VD,0.6998556169513149,0.30014438304868507,3
43,1,5,183,139,43_6_183,CD,0.335604885619274,0.664395114380726,5
43,1,5,184,140,43_6_184,CD,0.38532378757519664,0.6146762124248033,3
43,1,5,186,142,43_6_186,CD,0.4589945293327164,0.54100547066728355,6
43,1,5,187,143,43_6_187,VD,0.21505114426068025,0.7849488557393198,3
43,1,5,188,144,43_6_188,VD,0.5362645311448738,0.4637354688551262,4
43,1,5,189,145,43_6_189,CD,0.3673910555171013,0.6326089444828988,3
43,1,5,190,146,43_6_190,VD,0.2911597873080037,0.7088402126919963,4
43,1,5,191,147,43_6_191,CD,0.23383068717867167,0.7661693128213283,4
43,1,5,192,148,43_6_192,CD,0.5169648619378224,0.4830351380621775,2
43,1,6,193,149,43_7_193,VD,0.43569949383027085,0.5643005061697292,4
43,1,6,194,150,43_7_194,CD,0.22575724553512405,0.774242754464876,4
43,1,6,195,151,43_7_195,VD,0.3875189788565936,0.6124810211434064,5
43,1,6,196,152,43_7_196,VD,0.5139621586732607,0.48603784132673933,2
43,1,6,197,153,43_7_197,VD,0.4474977213351126,0.5525022786648873,5
43,1,6,198,154,43_7_198,VD,0.116635048746773,0.883364951253227,4
43,1,6,199,155,43_7_199,VD,0.3211785199552063,0.6788214800447937,4
43,1,6,200,156,43_7_200,CD,0.5367827458620114,0.46321725413798875,4
43,1,6,201,157,43_7_201,CD,0.6475891919131546,0.3524108080868455,3
43,1,6,203,159,43_7_203,CD,0.23151668625248512,0.7684833137475149,4
43,1,6,204,160,43_7_204,CD,0.10701504527249484,0.8929849547275052,3
43,1,6,205,161,43_7_205,CD,0.5141066122915907,0.48589338770840934,2
43,1,6,206,162,43_7_206,CD,0.11021679808119568,0.8897832019188042,4
43,1,6,207,163,43_7_207,VD,0.6314279667174746,0.3685720332825254,4
43,1,6,208,164,43_7_208,VD,0.2919285697088799,0.7080714302911201,4
43,1,6,211,167,43_7_211,VD,0.3107370511083771,0.6892629488916229,4
43,1,6,212,168,43_7_212,VD,0.3297579508679276,0.6702420491320724,4
43,1,6,213,169,43_7_213,CD,0.308781260799136,0.691218739200864,4
43,1,6,214,170,43_7_214,CD,0.29825046103636155,0.7017495389636385,4
43,1,6,215,171,43_7_215,CD,0.5403659866335797,0.4596340133664203,4
43,1,6,216,172,43_7_216,VD,0.538633281328784,0.4613667186712161,5
43,1,6,217,173,43_7_217,CD,0.10878013127509496,0.8912198687249051,4
43,1,6,218,174,43_7_218,CD,0.4158898880799698,0.5841101119200302,5
43,1,6,219,175,43_7_219,VD,0.48848783504618715,0.5115121649538129,5
43,1,6,221,177,43_7_221,CD,0.34729384046442535,0.6527061595355746,5
43,1,6,222,178,43_7_222,VD,0.43616591177470015,0.5638340882252999,5
43,1,6,223,179,43_7_223,VD,0.5918054940944694,0.40819450590553064,4
43,1,6,224,180,43_7_224,CD,0.1872117212488967,0.8127882787511033,4
43,1,7,225,181,43_8_225,VD,0.3235375014877234,0.6764624985122766,4
43,1,7,226,182,43_8_226,VD,0.5533336638472219,0.4466663361527782,4
43,1,7,227,183,43_8_227,CD,0.32053653547053496,0.679463464529465,4
43,1,7,229,184,43_8_229,VD,0.5153824549409081,0.48461754505909194,2
43,1,7,230,185,43_8_230,VD,0.6368312779780984,0.36316872202190165,3
43,1,7,232,186,43_8_232,VD,0.3040219371593995,0.6959780628406005,4
43,1,7,233,187,43_8_233,CD,0.44138792325412174,0.5586120767458782,5
43,1,7,234,188,43_8_234,VD,0.5539109123421487,0.4460890876578512,5
43,1,7,235,189,43_8_235,VD,0.278824709093579,0.721175290906421,4
43,1,7,236,190,43_8_236,CD,0.28837519014734025,0.7116248098526597,4
43,1,7,237,191,43_8_237,VD,0.47516933120115107,0.5248306687988489,4
43,1,7,240,193,43_8_240,CD,0.42749017348508095,0.5725098265149191,5
43,1,7,244,197,43_8_244,CD,0.09251741026971308,0.907482589730287,3
43,1,7,245,198,43_8_245,VD,0.3287340314998102,0.6712659685001898,4
43,1,7,246,199,43_8_246,VD,0.691482283305885,0.30851771669411504,3
43,1,7,247,200,43_8_247,VD,0.23056729412606033,0.7694327058739396,4
43,1,7,248,201,43_8_248,CD,0.49595931926181125,0.5040406807381888,4
43,1,7,250,202,43_8_250,CD,0.41618822922576953,0.5838117707742304,3
43,1,7,251,203,43_8_251,CD,0.5149142303259509,0.4850857696740492,2
43,1,7,253,204,43_8_253,CD,0.41639368841877,0.58360631158123,3
43,1,7,254,205,43_8_254,CD,0.5153824549409081,0.48461754505909194,2
43,1,7,255,206,43_8_255,CD,0.12234046664095363,0.8776595333590465,4
43,1,7,256,207,43_8_256,CD,0.3753868702384477,0.6246131297615524,5
43,1,8,257,208,43_9_257,VD,0.23073755917835498,0.7692624408216451,4
43,1,8,258,209,43_9_258,VD,0.41874866201136424,0.5812513379886357,5
43,1,8,259,210,43_9_259,CD,0.3846607310088775,0.6153392689911226,5
43,1,8,260,211,43_9_260,VD,0.5262127941367695,0.4737872058632305,4
43,1,8,261,212,43_9_261,VD,0.5143464270730403,0.4856535729269597,2
43,1,8,262,213,43_9_262,CD,0.39369178072543676,0.6063082192745632,5
43,1,8,263,214,43_9_263,CD,0.3221393377746179,0.6778606622253822,4
43,1,8,265,216,43_9_265,VD,0.46092039001406443,0.5390796099859356,5
43,1,8,266,217,43_9_266,CD,0.5203707344473655,0.4796292655526345,5
43,1,8,267,218,43_9_267,CD,0.3317675311797942,0.6682324688202058,4
43,1,8,268,219,43_9_268,VD,0.2759816601723962,0.7240183398276038,4
43,1,8,269,220,43_9_269,VD,0.5176591262570529,0.48234087374294704,2
43,1,8,270,221,43_9_270,CD,0.23274155851326864,0.7672584414867314,4
43,1,8,271,222,43_9_271,VD,0.3171106036074696,0.6828893963925304,4
43,1,8,272,223,43_9_272,CD,0.5218448049331735,0.47815519506682647,4
43,1,8,275,226,43_9_275,CD,0.3199665600714677,0.6800334399285324,4
43,1,8,276,227,43_9_276,CD,0.4637742451012444,0.5362257548987556,5
43,1,8,277,228,43_9_277,CD,0.7683623043673382,0.23163769563266182,3
43,1,8,278,229,43_9_278,VD,0.4008535226717568,0.5991464773282433,4
43,1,8,279,230,43_9_279,CD,0.33373082930632775,0.6662691706936723,4
43,1,8,281,231,43_9_281,VD,0.3860299074433515,0.6139700925566485,3
43,1,8,282,232,43_9_282,VD,0.5255181339935724,0.4744818660064276,6
43,1,8,283,233,43_9_283,VD,0.21000775071794242,0.7899922492820576,4
43,1,8,284,234,43_9_284,VD,0.4519802223688738,0.5480197776311262,5
43,1,8,285,235,43_9_285,VD,0.3157240576930107,0.6842759423069893,4
43,1,8,286,236,43_9_286,CD,0.6161358009084899,0.3838641990915101,3
43,1,8,288,238,43_9_288,CD,0.32802266545826797,0.6719773345417321,4
45,1,1,33,1,45_2_33,VD,0.1567463326459246,0.8432536673540754,4
45,1,1,34,2,45_2_34,VD,0.45463706418499716,0.5453629358150027,6
45,1,1,35,3,45_2_35,CD,0.21457003648436127,0.7854299635156388,5
45,1,1,36,4,45_2_36,VD,0.12558749479205414,0.8744125052079459,4
45,1,1,37,5,45_2_37,VD,0.519680221384154,0.48031977861584596,4
45,1,1,38,6,45_2_38,VD,0.4278932720024001,0.5721067279975999,4
45,1,1,39,7,45_2_39,CD,0.312680740838453,0.687319259161547,5
45,1,1,40,8,45_2_40,VD,0.5141066122915907,0.48589338770840934,2
45,1,1,41,9,45_2_41,CD,0.4180846001658821,0.5819153998341179,3
45,1,1,42,10,45_2_42,VD,0.38506507493744246,0.6149349250625575,3
45,1,1,44,12,45_2_44,CD,0.4799050018975454,0.5200949981024545,4
45,1,1,45,13,45_2_45,CD,0.5139463903499893,0.4860536096500106,2
45,1,1,46,14,45_2_46,VD,0.12788890972399855,0.8721110902760014,4
45,1,1,48,15,45_2_48,CD,0.09882348600427174,0.9011765139957282,4
45,1,1,51,18,45_2_51,CD,0.4777147362393415,0.5222852637606585,5
45,1,1,52,19,45_2_52,VD,0.35109051721402434,0.6489094827859756,4
45,1,1,54,20,45_2_54,VD,0.4578903115893005,0.5421096884106995,5
45,1,1,55,21,45_2_55,CD,0.6357623532671401,0.36423764673285985,5
45,1,1,56,22,45_2_56,CD,0.10791290103474989,0.8920870989652501,4
45,1,1,57,23,45_2_57,CD,0.824466554263696,0.17553344573630408,3
45,1,1,60,26,45_2_60,VD,0.6787443756491647,0.3212556243508353,3
45,1,1,61,27,45_2_61,VD,0.3896398825510058,0.6103601174489942,5
45,1,1,62,28,45_2_62,CD,0.30919552951406304,0.690804470485937,5
45,1,1,63,29,45_2_63,CD,0.3073336038090409,0.6926663961909592,4
45,1,1,64,30,45_2_64,VD,0.5736908572210745,0.4263091427789256,4
45,1,2,65,31,45_3_65,VD,0.1859923435420837,0.8140076564579163,4
45,1,2,66,32,45_3_66,CD,0.16338380755641924,0.8366161924435807,3
45,1,2,67,33,45_3_67,VD,0.5142754114503199,0.4857245885496801,2
45,1,2,68,34,45_3_68,CD,0.3175626491588129,0.6824373508411872,5
45,1,2,70,36,45_3_70,CD,0.30178699371636303,0.6982130062836369,5
45,1,2,71,37,45_3_71,CD,0.4071955635786961,0.5928044364213039,5
45,1,2,72,38,45_3_72,VD,0.70193683949056,0.29806316050944004,4
45,1,2,73,39,45_3_73,VD,0.3156923828784716,0.6843076171215284,4
45,1,2,75,41,45_3_75,CD,0.44000930772219365,0.5599906922778063,5
45,1,2,76,42,45_3_76,VD,0.47760016695484253,0.5223998330451575,4
45,1,2,78,44,45_3_78,VD,0.8187782205114935,0.18122177948850637,4
45,1,2,79,45,45_3_79,VD,0.6025419056643195,0.3974580943356806,5
45,1,2,80,46,45_3_80,CD,0.3576596703610347,0.6423403296389653,5
45,1,2,81,47,45_3_81,VD,0.3608314957879429,0.6391685042120571,4
45,1,2,82,48,45_3_82,CD,0.12326660023250728,0.8767333997674926,3
45,1,2,83,49,45_3_83,CD,0.1947480896029976,0.8052519103970024,3
45,1,2,84,50,45_3_84,VD,0.4416495260283507,0.5583504739716493,4
45,1,2,87,53,45_3_87,VD,0.10967019129717892,0.8903298087028211,4
45,1,2,88,54,45_3_88,VD,0.17592255304357465,0.8240774469564254,4
45,1,2,89,55,45_3_89,CD,0.5454698366349067,0.4545301633650934,2
45,1,2,90,56,45_3_90,VD,0.3830454189596645,0.6169545810403355,3
45,1,2,92,57,45_3_92,CD,0.09498943872261469,0.9050105612773854,3
45,1,2,93,58,45_3_93,CD,0.38480425499396137,0.6151957450060386,3
45,1,2,94,59,45_3_94,VD,0.13738709798248733,0.8626129020175126,4
45,1,2,95,60,45_3_95,CD,0.6013761639148749,0.3986238360851251,4
45,1,2,96,61,45_3_96,VD,0.3219086568613469,0.678091343138653,4
45,1,3,97,62,45_4_97,CD,0.4559787822929109,0.5440212177070891,5
45,1,3,98,63,45_4_98,VD,0.9339945381240975,0.06600546187590248,2
45,1,3,100,65,45_4_100,VD,0.6970894360345066,0.30291056396549343,3
45,1,3,101,66,45_4_101,CD,0.5388744682036026,0.4611255317963974,2
45,1,3,102,67,45_4_102,CD,0.25170015217668196,0.748299847823318,5
45,1,3,103,68,45_4_103,VD,0.5414091176323829,0.45859088236761714,4
45,1,3,105,70,45_4_105,CD,0.094153015299653,0.905846984700347,3
45,1,3,106,71,45_4_106,VD,0.5139764394798829,0.486023560520117,2
45,1,3,107,72,45_4_107,VD,0.3212417425862394,0.6787582574137606,4
45,1,3,108,73,45_4_108,VD,0.616163834547366,0.383836165452634,5
45,1,3,109,74,45_4_109,CD,0.4574937473866993,0.5425062526133008,5
45,1,3,110,75,45_4_110,CD,0.12708189366450906,0.8729181063354909,4
45,1,3,111,76,45_4_111,CD,0.09047621333521763,0.9095237866647824,3
45,1,3,112,77,45_4_112,CD,0.2949111103248683,0.7050888896751317,3
45,1,3,113,78,45_4_113,VD,0.35118146748192725,0.6488185325180728,4
45,1,3,114,79,45_4_114,CD,0.365799636840554,0.634200363159446,4
45,1,3,115,80,45_4_115,CD,0.3837312271963007,0.6162687728036993,3
45,1,3,117,82,45_4_117,CD,0.3667495713470277,0.6332504286529723,6
45,1,3,118,83,45_4_118,VD,0.09839969530901096,0.9016003046909891,4
45,1,3,119,84,45_4_119,CD,0.31272747773974485,0.6872725222602551,2
45,1,3,120,85,45_4_120,VD,0.27301721880217017,0.7269827811978299,4
45,1,3,123,88,45_4_123,CD,0.4410769584641012,0.5589230415358988,5
45,1,3,124,89,45_4_124,VD,0.10745979947702626,0.8925402005229737,4
45,1,3,125,90,45_4_125,VD,0.5777851256877733,0.4222148743122267,4
45,1,3,126,91,45_4_126,VD,0.09843299932124985,0.9015670006787502,4
45,1,3,128,92,45_4_128,VD,0.1664093579739282,0.8335906420260718,4
45,1,4,129,93,45_5_129,CD,0.10362529210628468,0.8963747078937153,3
45,1,4,130,94,45_5_130,VD,0.44392787056043004,0.55607212943957,5
45,1,4,131,95,45_5_131,CD,0.41203290628800865,0.5879670937119913,3
45,1,4,132,96,45_5_132,CD,0.3094787675580101,0.6905212324419899,4
45,1,4,133,97,45_5_133,CD,0.1324305380712038,0.8675694619287961,4
45,1,4,134,98,45_5_134,VD,0.4285947543922111,0.5714052456077888,5
45,1,4,135,99,45_5_135,VD,0.3234226863113545,0.6765773136886455,4
45,1,4,137,100,45_5_137,VD,0.29626819502581464,0.7037318049741854,5
45,1,4,138,101,45_5_138,VD,0.11349996132291419,0.8865000386770858,3
45,1,4,139,102,45_5_139,CD,0.5667783850695386,0.4332216149304614,3
45,1,4,142,105,45_5_142,CD,0.24478100036882683,0.7552189996311732,4
45,1,4,143,106,45_5_143,CD,0.10593767412963206,0.8940623258703679,4
45,1,4,144,107,45_5_144,CD,0.1521708506447127,0.8478291493552873,4
45,1,4,145,108,45_5_145,VD,0.4230486290049531,0.5769513709950469,3
45,1,4,146,109,45_5_146,CD,0.1586401249201282,0.8413598750798719,3
45,1,4,149,112,45_5_149,VD,0.18963083595268465,0.8103691640473153,4
45,1,4,150,113,45_5_150,CD,0.3520061647649037,0.6479938352350963,4
45,1,4,151,114,45_5_151,VD,0.12365774397054197,0.876342256029458,3
45,1,4,152,115,45_5_152,VD,0.30151601483716467,0.6984839851628353,5
45,1,4,153,116,45_5_153,CD,0.15826746796260485,0.8417325320373952,4
45,1,4,154,117,45_5_154,VD,0.52903157579585,0.47096842420414997,2
45,1,4,155,118,45_5_155,CD,0.3200631645702327,0.67993683542976735,4
45,1,4,156,119,45_5_156,VD,0.5611799247953875,0.43882007520461247,4
45,1,4,157,120,45_5_157,VD,0.11844372687544831,0.8815562731245516,3
45,1,4,158,121,45_5_158,CD,0.09459290626736526,0.9054070937326347,3
45,1,4,159,122,45_5_159,VD,0.3989987469891539,0.6010012530108461,3
45,1,5,161,124,45_6_161,CD,0.33669885308814756,0.6633011469118524,4
45,1,5,162,125,45_6_162,CD,0.13319393402872687,0.8668060659712732,3
45,1,5,163,126,45_6_163,CD,0.10187952820543504,0.898120471794565,3
45,1,5,164,127,45_6_164,VD,0.22981509981913503,0.770184900180865,3
45,1,5,166,129,45_6_166,CD,0.3495457168070388,0.6504542831929612,4
45,1,5,167,130,45_6_167,CD,0.34602085034929075,0.6539791496507092,4
45,1,5,168,131,45_6_168,VD,0.8217759817907138,0.17822401820928624,2
45,1,5,170,133,45_6_170,CD,0.3150352333141271,0.6849647666858728,3
45,1,5,171,134,45_6_171,VD,0.3790914395415971,0.6209085604584029,4
45,1,5,172,135,45_6_172,VD,0.1509261495508131,0.8490738504491869,3
45,1,5,174,137,45_6_174,CD,0.534992802275598,0.465007197724402,4
45,1,5,175,138,45_6_175,CD,0.4718298399755283,0.5281701600244717,4
45,1,5,176,139,45_6_176,VD,0.4253070776863372,0.5746929223136628,5
45,1,5,177,140,45_6_177,VD,0.3788259561907495,0.6211740438092506,3
45,1,5,178,141,45_6_178,VD,0.17217784851822374,0.8278221514817763,4
45,1,5,179,142,45_6_179,CD,0.10382595269516881,0.8961740473048312,3
45,1,5,180,143,45_6_180,VD,0.18294293207398546,0.8170570679260145,4
45,1,5,181,144,45_6_181,VD,0.5150933647198388,0.48490663528016115,2
45,1,5,182,145,45_6_182,CD,0.09999724574247294,0.900002754257527,3
45,1,5,184,147,45_6_184,CD,0.1131071200472254,0.8868928799527747,4
45,1,5,185,148,45_6_185,VD,0.17839296678723118,0.8216070332127688,4
45,1,5,186,149,45_6_186,VD,0.11349390350450278,0.8865060964954972,3
45,1,5,187,150,45_6_187,CD,0.5337005603831976,0.4662994396168025,4
45,1,5,188,151,45_6_188,CD,0.5141109604134417,0.48588903958655827,2
45,1,5,190,153,45_6_190,VD,0.3242366630759217,0.6757633369240783,4
45,1,5,191,154,45_6_191,CD,0.5160681360284816,0.48393186397151844,4
45,1,5,192,155,45_6_192,VD,0.10401392924028995,0.89598607075971,3
45,1,6,193,156,45_7_193,VD,0.31762145815418996,0.68237854184581,4
45,1,6,194,157,45_7_194,CD,0.3826017320299673,0.6173982679700327,3
45,1,6,196,159,45_7_196,CD,0.5381240143041454,0.46187598569585464,5
45,1,6,197,160,45_7_197,CD,0.4236901250463871,0.5763098749536129,5
45,1,6,198,161,45_7_198,VD,0.309897863322326,0.6901021366776741,4
45,1,6,199,162,45_7_199,VD,0.1170362389349214,0.8829637610650786,4
45,1,6,200,163,45_7_200,CD,0.3972406971809803,0.6027593028190197,3
45,1,6,201,164,45_7_201,CD,0.28075543557679977,0.7192445644232003,4
45,1,6,202,165,45_7_202,CD,0.48855987624271574,0.5114401237572842,3
45,1,6,203,166,45_7_203,CD,0.3357581190097102,0.6642418809902898,4
45,1,6,204,167,45_7_204,CD,0.490364847463711,0.509635152536289,5
45,1,6,208,171,45_7_208,VD,0.31649781636393126,0.6835021836360687,4
45,1,6,210,173,45_7_210,CD,0.4405888884529524,0.5594111115470476,5
45,1,6,211,174,45_7_211,VD,0.42123936369800696,0.578760636301993,4
45,1,6,212,175,45_7_212,VD,0.34218352281283615,0.6578164771871639,3
45,1,6,213,176,45_7_213,VD,0.2524514830781135,0.7475485169218865,4
45,1,6,214,177,45_7_214,VD,0.09721407604225327,0.9027859239577467,3
45,1,6,215,178,45_7_215,VD,0.3444049412993217,0.6555950587006782,5
45,1,6,216,179,45_7_216,CD,0.21873487354460217,0.7812651264553978,4
45,1,6,217,180,45_7_217,VD,0.5496014809702893,0.45039851902971073,4
45,1,6,218,181,45_7_218,VD,0.10297638171443593,0.8970236182855641,4
45,1,6,219,182,45_7_219,CD,0.16270023428939095,0.837299765710609,3
45,1,6,220,183,45_7_220,VD,0.10608073944869688,0.8939192605513031,3
45,1,6,221,184,45_7_221,VD,0.5995055481422079,0.4004944518577921,3
45,1,6,223,186,45_7_223,VD,0.5149666392968578,0.4850333607031422,2
45,1,6,224,187,45_7_224,CD,0.3306607931314038,0.6693392068685962,4
45,1,7,225,188,45_8_225,CD,0.09415467110791272,0.9058453288920872,3
45,1,7,226,189,45_8_226,CD,0.5576075212859961,0.4423924787140039,4
45,1,7,227,190,45_8_227,CD,0.10095718282189793,0.8990428171781021,4
45,1,7,228,191,45_8_228,CD,0.6631029790893259,0.3368970209106742,4
45,1,7,229,192,45_8_229,CD,0.20774989847751413,0.7922501015224859,5
45,1,7,230,193,45_8_230,VD,0.13182663637312708,0.8681733636268729,4
45,1,7,231,194,45_8_231,VD,0.33588899318794135,0.6641110068120586,4
45,1,7,232,195,45_8_232,CD,0.09953739540616652,0.9004626045938335,4
45,1,7,233,196,45_8_233,CD,0.09668170565723591,0.9033182943427641,4
45,1,7,235,198,45_8_235,VD,0.39867153608506767,0.6013284639149323,3
45,1,7,236,199,45_8_236,CD,0.09998593071000034,0.9000140692899996,4
45,1,7,238,201,45_8_238,VD,0.4679907824827476,0.5320092175172523,5
45,1,7,239,202,45_8_239,VD,0.5595022223554065,0.44049777764459347,2
45,1,7,240,203,45_8_240,VD,0.3707515422562784,0.6292484577437216,4
45,1,7,241,204,45_8_241,VD,0.15539911157815567,0.8446008884218443,4
45,1,7,244,207,45_8_244,VD,0.6900197759299467,0.3099802240700533,4
45,1,7,245,208,45_8_245,VD,0.33215951736009824,0.6678404826399017,4
45,1,7,246,209,45_8_246,CD,0.30842723103434977,0.6915727689656503,4
45,1,7,247,210,45_8_247,CD,0.09741852211652051,0.9025814778834795,4
45,1,7,249,212,45_8_249,VD,0.3271179792179914,0.6728820207820085,4
45,1,7,250,213,45_8_250,CD,0.33947311112150874,0.6605268888784912,4
45,1,7,251,214,45_8_251,VD,0.10047810965090298,0.899521890349097,4
45,1,7,252,215,45_8_252,CD,0.11320140672544911,0.8867985932745508,4
45,1,7,253,216,45_8_253,VD,0.5146939885707045,0.48530601142929547,2
45,1,7,254,217,45_8_254,CD,0.514145066133717,0.485854933866283,2
45,1,7,255,218,45_8_255,VD,0.3261403668549232,0.6738596331450768,4
45,1,7,256,219,45_8_256,VD,0.1052371562376502,0.8947628437623498,4
45,1,8,258,220,45_9_258,VD,0.5255464468740784,0.47445355312592163,4
45,1,8,259,221,45_9_259,VD,0.5026101344527162,0.49738986554728387,5
45,1,8,260,222,45_9_260,CD,0.3500084563949661,0.649991543605034,4
45,1,8,261,223,45_9_261,VD,0.641082961331303,0.35891703866869695,3
45,1,8,262,224,45_9_262,CD,0.16574173700298475,0.8342582629970152,4
45,1,8,263,225,45_9_263,CD,0.235215330469253,0.764784669530747,4
45,1,8,265,227,45_9_265,CD,0.5355705819285664,0.46442941807143356,4
45,1,8,266,228,45_9_266,VD,0.5169029994153532,0.4830970005846468,2
45,1,8,267,229,45_9_267,VD,0.14084687053807526,0.8591531294619248,3
45,1,8,268,230,45_9_268,VD,0.34014091396254587,0.6598590860374541,4
45,1,8,269,231,45_9_269,CD,0.33266554260310416,0.6673344573968958,4
45,1,8,270,232,45_9_270,VD,0.09848860323255622,0.9015113967674439,4
45,1,8,271,233,45_9_271,VD,0.12530169568763577,0.8746983043123642,4
45,1,8,272,234,45_9_272,CD,0.09793813702229069,0.9020618629777093,3
45,1,8,273,235,45_9_273,CD,0.5420764016951144,0.45792359830488566,3
45,1,8,274,236,45_9_274,CD,0.13845958070608652,0.8615404192939135,4
45,1,8,275,237,45_9_275,VD,0.768920708246892,0.23107929175310798,2
45,1,8,277,239,45_9_277,VD,0.6235885195676796,0.3764114804323204,3
45,1,8,278,240,45_9_278,VD,0.31950934963149347,0.6804906503685065,4
45,1,8,279,241,45_9_279,VD,0.3156925896885593,0.6843074103114408,4
45,1,8,280,242,45_9_280,CD,0.10456415908035586,0.8954358409196441,3
45,1,8,281,243,45_9_281,VD,0.2859832214052162,0.7140167785947839,5
45,1,8,282,244,45_9_282,CD,0.3226508247543146,0.6773491752456854,4
45,1,8,283,245,45_9_283,CD,0.27854309702759106,0.721456902972409,4
45,1,8,284,246,45_9_284,CD,0.32709214673801157,0.6729078532619884,4
45,1,8,286,248,45_9_286,CD,0.11959006396668169,0.8804099360333183,4
45,1,8,288,250,45_9_288,VD,0.3145422362957825,0.6854577637042175,4
47,1,1,33,1,47_2_33,CD,0.42521752348739006,0.5747824765126099,4
47,1,1,34,2,47_2_34,VD,0.093952983905399,0.906047016094601,3
47,1,1,35,3,47_2_35,CD,0.5305307013426568,0.46946929865734327,3
47,1,1,36,4,47_2_36,CD,0.09938782746870763,0.9006121725312923,4
47,1,1,38,6,47_2_38,VD,0.5211435143424554,0.4788564856575446,2
47,1,1,39,7,47_2_39,CD,0.1622034790298274,0.8377965209701725,4
47,1,1,40,8,47_2_40,VD,0.3827293502953597,0.6172706497046403,3
47,1,1,41,9,47_2_41,VD,0.12332022550617751,0.8766797744938225,4
47,1,1,42,10,47_2_42,VD,0.15130109343037754,0.8486989065696224,4
47,1,1,43,11,47_2_43,VD,0.47241597579221817,0.5275840242077818,4
47,1,1,45,13,47_2_45,VD,0.15494996114237009,0.84505003885763,3
47,1,1,47,15,47_2_47,VD,0.3204792339910386,0.6795207660089615,4
47,1,1,48,16,47_2_48,VD,0.17040128969853932,0.8295987103014607,5
47,1,1,50,18,47_2_50,CD,0.5146006537234802,0.48539934627651976,2
47,1,1,52,19,47_2_52,CD,0.4686306485138311,0.5313693514861688,3
47,1,1,53,20,47_2_53,CD,0.45120928129726295,0.5487907187027371,5
47,1,1,54,21,47_2_54,CD,0.25543018810334267,0.7445698118966573,4
47,1,1,55,22,47_2_55,VD,0.517573493272362,0.4824265067276379,2
47,1,1,56,23,47_2_56,CD,0.4122636910660137,0.5877363089339863,3
47,1,1,57,24,47_2_57,VD,0.4412935246236387,0.5587064753763613,5
47,1,1,58,25,47_2_58,VD,0.12567685849575239,0.8743231415042476,3
47,1,1,59,26,47_2_59,CD,0.10887500865012854,0.8911249913498714,4
47,1,1,60,27,47_2_60,CD,0.24258798783710786,0.7574120121628921,4
47,1,1,62,29,47_2_62,CD,0.17163275070111167,0.8283672492988883,4
47,1,1,63,30,47_2_63,VD,0.38011721801922776,0.6198827819807723,5
47,1,1,64,31,47_2_64,CD,0.20266274437354126,0.7973372556264587,4
47,1,2,65,32,47_3_65,VD,0.13928149809273255,0.8607185019072675,4
47,1,2,66,33,47_3_66,VD,0.5143464270730403,0.4856535729269597,2
47,1,2,67,34,47_3_67,CD,0.254823500528533,0.745176499471467,4
47,1,2,68,35,47_3_68,CD,0.2042120242074032,0.7957879757925969,5
47,1,2,69,36,47_3_69,CD,0.4217274669041321,0.5782725330958679,3
47,1,2,70,37,47_3_70,CD,0.3222335056415443,0.6777664943584557,4
47,1,2,71,38,47_3_71,VD,0.1773463339803893,0.8226536660196108,4
47,1,2,72,39,47_3_72,VD,0.1667758129571451,0.833224187042855,4
47,1,2,74,41,47_3_74,CD,0.18162926608689317,0.8183707339131068,5
47,1,2,75,42,47_3_75,VD,0.34341365502242904,0.656586344977571,5
47,1,2,76,43,47_3_76,VD,0.3297411118899788,0.6702588881100212,4
47,1,2,78,44,47_3_78,CD,0.4257623281847762,0.5742376718152238,5
47,1,2,79,45,47_3_79,CD,0.10599549022347485,0.8940045097765251,4
47,1,2,80,46,47_3_80,VD,0.333088148027119,0.666911851972881,5
47,1,2,81,47,47_3_81,CD,0.13590954406567524,0.8640904559343248,4
47,1,2,82,48,47_3_82,CD,0.09745776863962344,0.9025422313603766,3
47,1,2,85,51,47_3_85,VD,0.5199055486902573,0.4800944513097427,2
47,1,2,86,52,47_3_86,CD,0.14892171763379355,0.8510782823662064,4
47,1,2,87,53,47_3_87,VD,0.2976927936409402,0.7023072063590597,5
47,1,2,89,55,47_3_89,VD,0.38049772324823594,0.6195022767517641,4
47,1,2,90,56,47_3_90,CD,0.3301775951087376,0.6698224048912624,5
47,1,2,91,57,47_3_91,VD,0.3836471981727491,0.6163528018272509,3
47,1,2,92,58,47_3_92,CD,0.23267409888474652,0.7673259011152536,4
47,1,2,93,59,47_3_93,VD,0.09756806555643,0.9024319344435701,4
47,1,2,94,60,47_3_94,VD,0.15374845923494337,0.8462515407650566,4
47,1,2,95,61,47_3_95,CD,0.3899865299519393,0.6100134700480606,3
47,1,2,96,62,47_3_96,CD,0.5245862250948687,0.47541377490513126,2
47,1,3,97,63,47_4_97,CD,0.26150109644323755,0.7384989035567625,5
47,1,3,98,64,47_4_98,VD,0.10751156015750833,0.8924884398424917,4
47,1,3,100,66,47_4_100,VD,0.39533438735120446,0.6046656126487955,4
47,1,3,101,67,47_4_101,CD,0.13533497272862197,0.8646650272713781,4
47,1,3,102,68,47_4_102,VD,0.3829063371224003,0.6170936628775997,3
47,1,3,103,69,47_4_103,CD,0.1113960563776699,0.8886039436223301,4
47,1,3,105,70,47_4_105,CD,0.10039487372535705,0.899605126274643,4
47,1,3,106,71,47_4_106,VD,0.41860624045471734,0.5813937595452827,4
47,1,3,108,73,47_4_108,VD,0.11515299409926276,0.8848470059007372,4
47,1,3,109,74,47_4_109,CD,0.43854618673555007,0.56145381326445,4
47,1,3,111,76,47_4_111,CD,0.5147736591067572,0.48522634089324274,2
47,1,3,112,77,47_4_112,CD,0.09623002125568372,0.9037699787443163,3
47,1,3,113,78,47_4_113,VD,0.5102411448245275,0.48975885517547246,3
47,1,3,114,79,47_4_114,VD,0.6840249506583802,0.31597504934161974,3
47,1,3,115,80,47_4_115,VD,0.10078525511879491,0.8992147448812051,4
47,1,3,116,81,47_4_116,CD,0.3855704431675922,0.6144295568324079,3
47,1,3,117,82,47_4_117,CD,0.3198010614425666,0.6801989385574334,4
47,1,3,118,83,47_4_118,CD,0.6693691090424934,0.3306308909575066,3
47,1,3,119,84,47_4_119,VD,0.10657745241798734,0.8934225475820127,4
47,1,3,121,86,47_4_121,VD,0.32659741569195744,0.6734025843080426,4
47,1,3,122,87,47_4_122,CD,0.4027842090873648,0.5972157909126352,3
47,1,3,123,88,47_4_123,CD,0.1155248114832529,0.8844751885167471,4
47,1,3,124,89,47_4_124,CD,0.22973901189348,0.77026098810652,5
47,1,3,125,90,47_4_125,VD,0.23762439961263512,0.7623756003873648,4
47,1,3,126,91,47_4_126,CD,0.20397594620307427,0.7960240537969258,4
47,1,3,127,92,47_4_127,VD,0.3511322921688596,0.6488677078311403,5
47,1,3,128,93,47_4_128,VD,0.5946219071908403,0.40537809280915976,3
47,1,4,129,94,47_5_129,VD,0.18570018514501416,0.8142998148549858,5
47,1,4,130,95,47_5_130,CD,0.16588960704067301,0.834110392959327,4
47,1,4,131,96,47_5_131,CD,0.39769660839184484,0.6023033916081552,3
47,1,4,132,97,47_5_132,CD,0.31979952562405556,0.6802004743759444,4
47,1,4,133,98,47_5_133,CD,0.0995469492593469,0.9004530507406531,4
47,1,4,134,99,47_5_134,VD,0.3348410026278963,0.6651589973721037,4
47,1,4,136,101,47_5_136,VD,0.3922994501164359,0.607700549883564,3
47,1,4,137,102,47_5_137,CD,0.12248872235303225,0.8775112776469678,4
47,1,4,138,103,47_5_138,CD,0.6765317434539346,0.32346825654606537,3
47,1,4,139,104,47_5_139,CD,0.2670622354607084,0.7329377645392916,5
47,1,4,140,105,47_5_140,VD,0.5159435673658215,0.48405643263417847,2
47,1,4,141,106,47_5_141,VD,0.13908464140140464,0.8609153585985954,4
47,1,4,142,107,47_5_142,VD,0.3301048691712035,0.6698951308287965,4
47,1,4,143,108,47_5_143,CD,0.1559789692519545,0.8440210307480456,4
47,1,4,144,109,47_5_144,VD,0.3844650569050127,0.6155349430949872,3
47,1,4,145,110,47_5_145,CD,0.10138301268160625,0.8986169873183938,3
47,1,4,146,111,47_5_146,CD,0.5128120247156328,0.4871879752843672,5
47,1,4,147,112,47_5_147,VD,0.5764306759285682,0.42356932407143166,3
47,1,4,148,113,47_5_148,VD,0.17673334652451944,0.8232666534754807,4
47,1,4,150,115,47_5_150,VD,0.33594458616492073,0.6640554138350793,5
47,1,4,151,116,47_5_151,CD,0.45857375719934845,0.5414262428006515,4
47,1,4,153,118,47_5_153,CD,0.6191802368161674,0.38081976318383254,3
47,1,4,154,119,47_5_154,VD,0.25764956772737974,0.7423504322726203,5
47,1,4,155,120,47_5_155,VD,0.11118615240427689,0.8888138475957231,3
47,1,4,157,122,47_5_157,VD,0.328953375907839,0.671046624092161,4
47,1,4,158,123,47_5_158,CD,0.22645273656174983,0.7735472634382501,4
47,1,4,159,124,47_5_159,CD,0.11220164430282423,0.8877983556971758,4
47,1,4,160,125,47_5_160,VD,0.09757340290898858,0.9024265970910114,4
47,1,5,161,126,47_6_161,CD,0.5149142303259509,0.4850857696740492,2
47,1,5,162,127,47_6_162,VD,0.23569793644922873,0.7643020635507713,5
47,1,5,163,128,47_6_163,VD,0.39461147259575,0.60538852740425,5
47,1,5,164,129,47_6_164,CD,0.3636865488953213,0.6363134511046786,5
47,1,5,165,130,47_6_165,VD,0.27491320726826146,0.7250867927317386,4
47,1,5,167,132,47_6_167,VD,0.10791952958776228,0.8920804704122377,3
47,1,5,168,133,47_6_168,CD,0.2120933464714735,0.7879066535285264,5
47,1,5,169,134,47_6_169,VD,0.2534867771356592,0.7465132228643407,4
47,1,5,171,136,47_6_171,CD,0.38279218129282866,0.6172078187071713,3
47,1,5,172,137,47_6_172,VD,0.31345155963641813,0.6865484403635819,5
47,1,5,173,138,47_6_173,VD,0.42550595284964354,0.5744940471503563,4
47,1,5,174,139,47_6_174,VD,0.16349743972969882,0.8365025602703012,4
47,1,5,175,140,47_6_175,VD,0.3823383564685381,0.6176616435314619,3
47,1,5,176,141,47_6_176,CD,0.2892840964932065,0.7107159035067936,4
47,1,5,177,142,47_6_177,VD,0.651243986255167,0.34875601374483306,3
47,1,5,178,143,47_6_178,CD,0.09940241679368009,0.9005975832063199,4
47,1,5,180,144,47_6_180,CD,0.17799032769791256,0.8220096723020874,5
47,1,5,181,145,47_6_181,CD,0.5187518160910537,0.4812481839089463,4
47,1,5,184,147,47_6_184,VD,0.21700951411056604,0.7829904858894339,4
47,1,5,185,148,47_6_185,CD,0.282041733110722,0.7179582668892779,5
47,1,5,187,150,47_6_187,VD,0.5149142303259509,0.4850857696740492,2
47,1,5,188,151,47_6_188,VD,0.14353153276643832,0.8564684672335616,4
47,1,5,189,152,47_6_189,CD,0.6581706788760371,0.341829321123963,3
47,1,5,190,153,47_6_190,CD,0.5136992225936872,0.4863007774063129,5
47,1,5,191,154,47_6_191,CD,0.31987947415320817,0.6801205258467918,4
47,1,5,192,155,47_6_192,CD,0.2586433495660082,0.7413566504339918,4
47,1,6,193,156,47_7_193,VD,0.4326877576789224,0.5673122423210776,4
47,1,6,194,157,47_7_194,CD,0.22234061579035588,0.7776593842096441,5
47,1,6,195,158,47_7_195,CD,0.4738798688795838,0.5261201311204162,4
47,1,6,196,159,47_7_196,VD,0.3256625986335161,0.6743374013664839,4
47,1,6,198,161,47_7_198,CD,0.11758728330728711,0.8824127166927129,4
47,1,6,200,163,47_7_200,VD,0.09826030613944334,0.9017396938605566,4
47,1,6,201,164,47_7_201,VD,0.15233714098171303,0.847662859018287,4
47,1,6,202,165,47_7_202,VD,0.2081631067724385,0.7918368932275615,4
47,1,6,204,167,47_7_204,VD,0.5564616408855312,0.44353835911446876,3
47,1,6,205,168,47_7_205,VD,0.10366815934114101,0.896331840658859,4
47,1,6,206,169,47_7_206,VD,0.17916811811319425,0.8208318818868058,5
47,1,6,207,170,47_7_207,VD,0.32849602546000045,0.6715039745399995,5
47,1,6,208,171,47_7_208,CD,0.6770607006836742,0.32293929931632587,3
47,1,6,209,172,47_7_209,VD,0.17548938163477268,0.8245106183652273,4
47,1,6,210,173,47_7_210,CD,0.1872130933278199,0.8127869066721801,5
47,1,6,212,175,47_7_212,VD,0.31671637292182686,0.6832836270781733,4
47,1,6,213,176,47_7_213,CD,0.1083561297225056,0.8916438702774944,4
47,1,6,214,177,47_7_214,CD,0.13237789494679356,0.8676221050532065,4
47,1,6,215,178,47_7_215,VD,0.5143140658479859,0.4856859341520141,2
47,1,6,216,179,47_7_216,CD,0.6625814180886318,0.33741858191136814,3
47,1,6,217,180,47_7_217,VD,0.10244128323743745,0.8975587167625625,4
47,1,6,218,181,47_7_218,CD,0.37524443409690966,0.6247555659030903,4
47,1,6,219,182,47_7_219,CD,0.20955138391878192,0.7904486160812181,4
47,1,6,220,183,47_7_220,CD,0.18505211476097322,0.8149478852390268,4
47,1,6,221,184,47_7_221,VD,0.4883802360524706,0.5116197639475294,5
47,1,6,222,185,47_7_222,CD,0.1996330837645382,0.8003669162354619,4
47,1,6,223,186,47_7_223,CD,0.15647205681168566,0.8435279431883144,5
47,1,6,224,187,47_7_224,CD,0.18454105212316538,0.8154589478768346,4
47,1,7,225,188,47_8_225,VD,0.4505308558897659,0.5494691441102342,5
47,1,7,226,189,47_8_226,VD,0.22042082472169858,0.7795791752783015,5
47,1,7,227,190,47_8_227,CD,0.4538075587755003,0.5461924412244997,3
47,1,7,228,191,47_8_228,VD,0.5046090756544805,0.49539092434551946,4
47,1,7,229,192,47_8_229,CD,0.3151170202073421,0.6848829797926579,4
47,1,7,230,193,47_8_230,VD,0.2964563280731364,0.7035436719268636,5
47,1,7,231,194,47_8_231,CD,0.11186437203168814,0.8881356279683119,4
47,1,7,232,195,47_8_232,VD,0.5164978493871855,0.4835021506128145,2
47,1,7,233,196,47_8_233,VD,0.3914562383147149,0.6085437616852851,3
47,1,7,234,197,47_8_234,VD,0.10648201236340457,0.8935179876365954,4
47,1,7,235,198,47_8_235,VD,0.27511491391919346,0.7248850860808065,5
47,1,7,236,199,47_8_236,VD,0.2951299711536137,0.7048700288463863,5
47,1,7,237,200,47_8_237,CD,0.4354352052619894,0.5645647947380106,4
47,1,7,238,201,47_8_238,CD,0.38255918344206713,0.6174408165579328,5
47,1,7,240,203,47_8_240,VD,0.5139633134735144,0.4860366865264855,2
47,1,7,242,205,47_8_242,VD,0.3185188361357893,0.6814811638642106,4
47,1,7,243,206,47_8_243,VD,0.554680491805221,0.44531950819477895,4
47,1,7,244,207,47_8_244,CD,0.10106793158952038,0.8989320684104796,4
47,1,7,245,208,47_8_245,CD,0.24541056424655266,0.7545894357534473,4
47,1,7,246,209,47_8_246,CD,0.17236518115081872,0.8276348188491813,4
47,1,7,247,210,47_8_247,VD,0.15677610323093089,0.8432238967690691,4
47,1,7,248,211,47_8_248,VD,0.383470269776077,0.616529730223923,3
47,1,7,249,212,47_8_249,CD,0.11043468626508639,0.8895653137349135,4
47,1,7,250,213,47_8_250,CD,0.1023906345904944,0.8976093654095056,4
47,1,7,251,214,47_8_251,CD,0.3223431777682634,0.6776568222317366,5
47,1,7,252,215,47_8_252,CD,0.3823478077603628,0.6176521922396372,3
47,1,7,255,218,47_8_255,VD,0.11068291555254835,0.8893170844474516,4
47,1,7,256,219,47_8_256,CD,0.10970538096040018,0.8902946190395998,4
47,1,8,257,220,47_9_257,VD,0.18710630317752094,0.812893696822479,5
47,1,8,258,221,47_9_258,CD,0.5115000108314657,0.4884999891685343,3
47,1,8,259,222,47_9_259,VD,0.38445721021167,0.61554278978833,3
47,1,8,260,223,47_9_260,VD,0.2180710670872697,0.7819289329127304,5
47,1,8,261,224,47_9_261,CD,0.2865653071263542,0.7134346928736458,5
47,1,8,262,225,47_9_262,CD,0.4587438346780217,0.5412561653219783,4
47,1,8,263,226,47_9_263,CD,0.28700699890908965,0.71299300109091035,5
47,1,8,264,227,47_9_264,VD,0.4692343556418855,0.5307656443581146,5
47,1,8,265,228,47_9_265,VD,0.23557730160330723,0.7644226983966927,5
47,1,8,267,230,47_9_267,VD,0.5149142303259509,0.4850857696740492,2
47,1,8,268,231,47_9_268,CD,0.28757591626917306,0.7124240837308269,5
47,1,8,269,232,47_9_269,CD,0.6120211524023962,0.3879788475976038,2
47,1,8,271,234,47_9_271,VD,0.9728148253949835,0.027185174605016363,2
47,1,8,273,235,47_9_273,CD,0.9909638966967227,0.009036103303277244,2
47,1,8,274,236,47_9_274,VD,0.13678398803812833,0.8632160119618717,4
47,1,8,275,237,47_9_275,CD,0.13355713816484058,0.8664428618351594,2
47,1,8,276,238,47_9_276,CD,0.5939590852100154,0.4060409147899846,3
47,1,8,277,239,47_9_277,CD,0.3305994758332691,0.6694005241667309,4
47,1,8,278,240,47_9_278,VD,0.45631599563713227,0.5436840043628678,5
47,1,8,279,241,47_9_279,VD,0.282563592677805,0.7174364073221949,5
47,1,8,281,243,47_9_281,CD,0.10405262299832013,0.8959473770016799,4
47,1,8,282,244,47_9_282,VD,0.29892450203596155,0.7010754979640385,5
47,1,8,283,245,47_9_283,CD,0.28814458072942695,0.711855419270573,5
47,1,8,284,246,47_9_284,VD,0.220293288250498,0.779706711749502,4
47,1,8,286,248,47_9_286,VD,0.3905481717639349,0.6094518282360651,3
47,1,8,287,249,47_9_287,CD,0.19803059034762835,0.8019694096523716,4
47,1,8,288,250,47_9_288,CD,0.10217915013992981,0.8978208498600702,4
